2026-08-16 21:25:33,400 MainProcess INFO Starting 319 caches with 16 workers
2026-08-16 21:25:38,197 SpawnProcess-7 INFO Worker initialized
2026-08-16 21:25:38,197 SpawnProcess-1 INFO Worker initialized
2026-08-16 21:25:38,197 SpawnProcess-11 INFO Worker initialized
2026-08-16 21:25:38,198 SpawnProcess-7 INFO Loading detection cache: ../videos_detections/maramures_itw_5LliDRFbBOk_full/detections.json
2026-08-16 21:25:38,199 SpawnProcess-1 INFO Loading detection cache: ../videos_detections/maramures_itw_-Whhys-_3qE_full/detections.json
2026-08-16 21:25:38,199 SpawnProcess-11 INFO Loading detection cache: ../videos_detections/maramures_itw_JazkwF_o6qE_full/detections.json
2026-08-16 21:25:38,199 SpawnProcess-12 INFO Worker initialized
2026-08-16 21:25:38,200 SpawnProcess-12 INFO Loading detection cache: ../videos_detections/maramures_itw_NUkrggK2v9s_0s-257s/detections.json
2026-08-16 21:25:38,242 SpawnProcess-14 INFO Worker initialized
2026-08-16 21:25:38,242 SpawnProcess-13 INFO Worker initialized
2026-08-16 21:25:38,243 SpawnProcess-14 INFO Loading detection cache: ../videos_detections/maramures_itw_PsnpON8qAuo_243s-460s/detections.json
2026-08-16 21:25:38,243 SpawnProcess-13 INFO Loading detection cache: ../videos_detections/maramures_itw_PspxrrWCJPY_full/detections.json
2026-08-16 21:25:38,250 SpawnProcess-5 INFO Worker initialized
2026-08-16 21:25:38,252 SpawnProcess-5 INFO Loading detection cache: ../videos_detections/maramures_itw_fnxC5E_l9OU_0s-538s/detections.json
2026-08-16 21:25:38,271 SpawnProcess-3 INFO Worker initialized
2026-08-16 21:25:38,272 SpawnProcess-3 INFO Loading detection cache: ../videos_detections/maramures_itw_iZhuatRoCGY_full/detections.json
2026-08-16 21:25:38,276 SpawnProcess-15 INFO Worker initialized
2026-08-16 21:25:38,277 SpawnProcess-15 INFO Loading detection cache: ../videos_detections/maramures_itw_qE95s74bb5o_full/detections.json
2026-08-16 21:25:38,285 SpawnProcess-6 INFO Worker initialized
2026-08-16 21:25:38,285 SpawnProcess-9 INFO Worker initialized
2026-08-16 21:25:38,286 SpawnProcess-9 INFO Loading detection cache: ../videos_detections/maramures_itw_s28vAJiSFUI_full/detections.json
2026-08-16 21:25:38,286 SpawnProcess-6 INFO Loading detection cache: ../videos_detections/maramures_itw_sEbUYUAsuag_full/detections.json
2026-08-16 21:25:38,299 SpawnProcess-10 INFO Worker initialized
2026-08-16 21:25:38,301 SpawnProcess-10 INFO Loading detection cache: ../videos_detections/maramures_itw_tAEC4uIc3p0_full/detections.json
2026-08-16 21:25:38,312 SpawnProcess-16 INFO Worker initialized
2026-08-16 21:25:38,314 SpawnProcess-16 INFO Loading detection cache: ../videos_detections/maramures_studio_6ZMbTa975KM_69s-350s/detections.json
2026-08-16 21:25:38,318 SpawnProcess-8 INFO Worker initialized
2026-08-16 21:25:38,320 SpawnProcess-8 INFO Loading detection cache: ../videos_detections/maramures_studio_7CAWDWMnqfQ_74s-413s/detections.json
2026-08-16 21:25:38,334 SpawnProcess-2 INFO Worker initialized
2026-08-16 21:25:38,336 SpawnProcess-2 INFO Loading detection cache: ../videos_detections/maramures_studio_Ae_DVgq94iA_0s-360s/detections.json
2026-08-16 21:25:38,345 SpawnProcess-12 INFO maramures_itw_NUkrggK2v9s_0s-257s.mp4: duration=257.0s, samples=1286, tracks=22
2026-08-16 21:25:38,357 SpawnProcess-7 INFO maramures_itw_5LliDRFbBOk_full.mp4: duration=239.2s, samples=1197, tracks=124
2026-08-16 21:25:38,385 SpawnProcess-14 INFO maramures_itw_PsnpON8qAuo_243s-460s.mp4: duration=217.1s, samples=1086, tracks=5
2026-08-16 21:25:38,399 SpawnProcess-4 INFO Worker initialized
2026-08-16 21:25:38,400 SpawnProcess-11 INFO maramures_itw_JazkwF_o6qE_full.mp4: duration=206.1s, samples=1031, tracks=81
2026-08-16 21:25:38,401 SpawnProcess-4 INFO Loading detection cache: ../videos_detections/maramures_studio_BrqhuTzDAWk_0s-569s/detections.json
2026-08-16 21:25:38,417 SpawnProcess-9 INFO maramures_itw_s28vAJiSFUI_full.mp4: duration=227.0s, samples=1136, tracks=33
2026-08-16 21:25:38,421 SpawnProcess-10 INFO maramures_itw_tAEC4uIc3p0_full.mp4: duration=171.3s, samples=856, tracks=2
2026-08-16 21:25:38,422 SpawnProcess-1 INFO maramures_itw_-Whhys-_3qE_full.mp4: duration=410.4s, samples=2052, tracks=2
2026-08-16 21:25:38,423 SpawnProcess-3 INFO maramures_itw_iZhuatRoCGY_full.mp4: duration=257.7s, samples=1289, tracks=2
2026-08-16 21:25:38,431 SpawnProcess-6 INFO maramures_itw_sEbUYUAsuag_full.mp4: duration=414.7s, samples=2074, tracks=2
2026-08-16 21:25:38,445 SpawnProcess-5 INFO maramures_itw_fnxC5E_l9OU_0s-538s.mp4: duration=538.1s, samples=2581, tracks=18
2026-08-16 21:25:38,477 SpawnProcess-16 INFO maramures_studio_6ZMbTa975KM_69s-350s.mp4: duration=281.2s, samples=1406, tracks=1
2026-08-16 21:25:38,492 SpawnProcess-2 INFO maramures_studio_Ae_DVgq94iA_0s-360s.mp4: duration=360.0s, samples=1801, tracks=28
2026-08-16 21:25:38,506 SpawnProcess-8 INFO maramures_studio_7CAWDWMnqfQ_74s-413s.mp4: duration=339.1s, samples=1696, tracks=27
2026-08-16 21:25:38,522 SpawnProcess-15 INFO maramures_itw_qE95s74bb5o_full.mp4: duration=187.3s, samples=937, tracks=400
2026-08-16 21:25:38,527 SpawnProcess-13 INFO maramures_itw_PspxrrWCJPY_full.mp4: duration=331.8s, samples=1659, tracks=19
2026-08-16 21:25:38,598 SpawnProcess-4 INFO maramures_studio_BrqhuTzDAWk_0s-569s.mp4: duration=569.0s, samples=2846, tracks=13
2026-08-16 21:25:40,015 SpawnProcess-10 INFO maramures_itw_tAEC4uIc3p0_full.mp4: VAD found 46 speech intervals
2026-08-16 21:25:40,280 SpawnProcess-15 INFO maramures_itw_qE95s74bb5o_full.mp4: VAD found 22 speech intervals
2026-08-16 21:25:40,357 SpawnProcess-14 INFO maramures_itw_PsnpON8qAuo_243s-460s.mp4: VAD found 20 speech intervals
2026-08-16 21:25:40,427 SpawnProcess-11 INFO maramures_itw_JazkwF_o6qE_full.mp4: VAD found 22 speech intervals
2026-08-16 21:25:40,569 SpawnProcess-9 INFO maramures_itw_s28vAJiSFUI_full.mp4: VAD found 52 speech intervals
2026-08-16 21:25:40,701 SpawnProcess-12 INFO maramures_itw_NUkrggK2v9s_0s-257s.mp4: VAD found 51 speech intervals
2026-08-16 21:25:40,833 SpawnProcess-7 INFO maramures_itw_5LliDRFbBOk_full.mp4: VAD found 18 speech intervals
2026-08-16 21:25:41,152 SpawnProcess-3 INFO maramures_itw_iZhuatRoCGY_full.mp4: VAD found 48 speech intervals
2026-08-16 21:25:41,330 SpawnProcess-16 INFO maramures_studio_6ZMbTa975KM_69s-350s.mp4: VAD found 16 speech intervals
2026-08-16 21:25:41,686 SpawnProcess-8 INFO maramures_studio_7CAWDWMnqfQ_74s-413s.mp4: VAD found 62 speech intervals
2026-08-16 21:25:42,068 SpawnProcess-2 INFO maramures_studio_Ae_DVgq94iA_0s-360s.mp4: VAD found 41 speech intervals
2026-08-16 21:25:42,091 SpawnProcess-13 INFO maramures_itw_PspxrrWCJPY_full.mp4: VAD found 54 speech intervals
2026-08-16 21:25:42,212 SpawnProcess-1 INFO maramures_itw_-Whhys-_3qE_full.mp4: VAD found 134 speech intervals
2026-08-16 21:25:42,542 SpawnProcess-6 INFO maramures_itw_sEbUYUAsuag_full.mp4: VAD found 28 speech intervals
2026-08-16 21:25:43,705 SpawnProcess-5 INFO maramures_itw_fnxC5E_l9OU_0s-538s.mp4: VAD found 103 speech intervals
2026-08-16 21:25:44,310 SpawnProcess-4 INFO maramures_studio_BrqhuTzDAWk_0s-569s.mp4: VAD found 26 speech intervals
2026-08-16 21:26:09,231 SpawnProcess-9 INFO maramures_itw_s28vAJiSFUI_full.mp4: selected 7 clips
2026-08-16 21:26:09,235 SpawnProcess-9 INFO maramures_itw_s28vAJiSFUI_full.mp4: encoding clip 1/7 (57.400s to 65.000s)
2026-08-16 21:26:11,480 SpawnProcess-9 INFO maramures_itw_s28vAJiSFUI_full.mp4: encoding clip 2/7 (205.200s to 210.800s)
2026-08-16 21:26:13,522 SpawnProcess-9 INFO maramures_itw_s28vAJiSFUI_full.mp4: encoding clip 3/7 (111.000s to 117.400s)
2026-08-16 21:26:16,082 SpawnProcess-9 INFO maramures_itw_s28vAJiSFUI_full.mp4: encoding clip 4/7 (184.400s to 190.600s)
2026-08-16 21:26:18,248 SpawnProcess-9 INFO maramures_itw_s28vAJiSFUI_full.mp4: encoding clip 5/7 (85.000s to 90.000s)
2026-08-16 21:26:20,566 SpawnProcess-9 INFO maramures_itw_s28vAJiSFUI_full.mp4: encoding clip 6/7 (70.000s to 79.000s)
2026-08-16 21:26:23,769 SpawnProcess-9 INFO maramures_itw_s28vAJiSFUI_full.mp4: encoding clip 7/7 (93.800s to 99.000s)
2026-08-16 21:26:26,057 SpawnProcess-9 INFO maramures_itw_s28vAJiSFUI_full.mp4: completed
2026-08-16 21:26:26,064 SpawnProcess-9 INFO Loading detection cache: ../videos_detections/maramures_studio_CGO-xCSmciU_0s-243s/detections.json
2026-08-16 21:26:26,696 SpawnProcess-9 INFO maramures_studio_CGO-xCSmciU_0s-243s.mp4: duration=243.0s, samples=1216, tracks=3
2026-08-16 21:26:32,338 SpawnProcess-9 INFO maramures_studio_CGO-xCSmciU_0s-243s.mp4: VAD found 14 speech intervals
2026-08-16 21:26:36,470 SpawnProcess-10 INFO maramures_itw_tAEC4uIc3p0_full.mp4: selected 4 clips
2026-08-16 21:26:36,474 SpawnProcess-10 INFO maramures_itw_tAEC4uIc3p0_full.mp4: encoding clip 1/4 (44.635s to 54.635s)
2026-08-16 21:26:47,421 SpawnProcess-10 INFO maramures_itw_tAEC4uIc3p0_full.mp4: encoding clip 2/4 (34.635s to 44.635s)
2026-08-16 21:26:58,728 SpawnProcess-10 INFO maramures_itw_tAEC4uIc3p0_full.mp4: encoding clip 3/4 (147.547s to 152.952s)
2026-08-16 21:27:06,322 SpawnProcess-10 INFO maramures_itw_tAEC4uIc3p0_full.mp4: encoding clip 4/4 (54.635s to 60.260s)
2026-08-16 21:27:10,988 SpawnProcess-15 INFO maramures_itw_qE95s74bb5o_full.mp4: selected 13 clips
2026-08-16 21:27:10,991 SpawnProcess-15 INFO maramures_itw_qE95s74bb5o_full.mp4: encoding clip 1/13 (39.600s to 49.600s)
2026-08-16 21:27:13,769 SpawnProcess-10 INFO maramures_itw_tAEC4uIc3p0_full.mp4: completed
2026-08-16 21:27:13,785 SpawnProcess-10 INFO Loading detection cache: ../videos_detections/maramures_studio_KX1gzo32ChU_234s-409s/detections.json
2026-08-16 21:27:14,329 SpawnProcess-10 INFO maramures_studio_KX1gzo32ChU_234s-409s.mp4: duration=175.2s, samples=876, tracks=15
2026-08-16 21:27:18,122 SpawnProcess-10 INFO maramures_studio_KX1gzo32ChU_234s-409s.mp4: VAD found 16 speech intervals
2026-08-16 21:27:21,496 SpawnProcess-15 INFO maramures_itw_qE95s74bb5o_full.mp4: encoding clip 2/13 (141.200s to 151.200s)
2026-08-16 21:27:24,576 SpawnProcess-1 INFO maramures_itw_-Whhys-_3qE_full.mp4: selected 6 clips
2026-08-16 21:27:24,582 SpawnProcess-1 INFO maramures_itw_-Whhys-_3qE_full.mp4: encoding clip 1/6 (28.600s to 38.600s)
2026-08-16 21:27:24,634 SpawnProcess-14 INFO maramures_itw_PsnpON8qAuo_243s-460s.mp4: selected 14 clips
2026-08-16 21:27:24,636 SpawnProcess-14 INFO maramures_itw_PsnpON8qAuo_243s-460s.mp4: encoding clip 1/14 (0.000s to 10.000s)
2026-08-16 21:27:28,094 SpawnProcess-1 INFO maramures_itw_-Whhys-_3qE_full.mp4: encoding clip 2/6 (116.200s to 123.000s)
2026-08-16 21:27:30,842 SpawnProcess-1 INFO maramures_itw_-Whhys-_3qE_full.mp4: encoding clip 3/6 (58.400s to 67.800s)
2026-08-16 21:27:32,546 SpawnProcess-11 INFO maramures_itw_JazkwF_o6qE_full.mp4: selected 3 clips
2026-08-16 21:27:32,552 SpawnProcess-11 INFO maramures_itw_JazkwF_o6qE_full.mp4: encoding clip 1/3 (98.000s to 108.000s)
2026-08-16 21:27:32,803 SpawnProcess-15 INFO maramures_itw_qE95s74bb5o_full.mp4: encoding clip 3/13 (59.600s to 69.600s)
2026-08-16 21:27:33,839 SpawnProcess-1 INFO maramures_itw_-Whhys-_3qE_full.mp4: encoding clip 4/6 (68.800s to 78.800s)
2026-08-16 21:27:36,960 SpawnProcess-14 INFO maramures_itw_PsnpON8qAuo_243s-460s.mp4: encoding clip 2/14 (41.600s to 51.600s)
2026-08-16 21:27:37,154 SpawnProcess-1 INFO maramures_itw_-Whhys-_3qE_full.mp4: encoding clip 5/6 (268.200s to 273.600s)
2026-08-16 21:27:37,407 SpawnProcess-12 INFO maramures_itw_NUkrggK2v9s_0s-257s.mp4: selected 10 clips
2026-08-16 21:27:37,412 SpawnProcess-12 INFO maramures_itw_NUkrggK2v9s_0s-257s.mp4: encoding clip 1/10 (175.600s to 183.000s)
2026-08-16 21:27:39,935 SpawnProcess-1 INFO maramures_itw_-Whhys-_3qE_full.mp4: encoding clip 6/6 (3.400s to 9.000s)
2026-08-16 21:27:40,666 SpawnProcess-3 INFO maramures_itw_iZhuatRoCGY_full.mp4: selected 15 clips
2026-08-16 21:27:40,678 SpawnProcess-3 INFO maramures_itw_iZhuatRoCGY_full.mp4: encoding clip 1/15 (141.000s to 151.000s)
2026-08-16 21:27:42,867 SpawnProcess-11 INFO maramures_itw_JazkwF_o6qE_full.mp4: encoding clip 2/3 (88.000s to 98.000s)
2026-08-16 21:27:43,180 SpawnProcess-1 INFO maramures_itw_-Whhys-_3qE_full.mp4: completed
2026-08-16 21:27:43,192 SpawnProcess-1 INFO Loading detection cache: ../videos_detections/maramures_studio_MeWnuNtbg0g_143s-600s/detections.json
2026-08-16 21:27:43,569 SpawnProcess-1 INFO maramures_studio_MeWnuNtbg0g_143s-600s.mp4: duration=457.0s, samples=2286, tracks=5
2026-08-16 21:27:44,371 SpawnProcess-15 INFO maramures_itw_qE95s74bb5o_full.mp4: encoding clip 4/13 (171.200s to 181.200s)
2026-08-16 21:27:47,595 SpawnProcess-12 INFO maramures_itw_NUkrggK2v9s_0s-257s.mp4: encoding clip 2/10 (149.000s to 156.200s)
2026-08-16 21:27:49,697 SpawnProcess-14 INFO maramures_itw_PsnpON8qAuo_243s-460s.mp4: encoding clip 3/14 (137.000s to 147.000s)
2026-08-16 21:27:52,161 SpawnProcess-3 INFO maramures_itw_iZhuatRoCGY_full.mp4: encoding clip 2/15 (94.800s to 104.800s)
2026-08-16 21:27:52,364 SpawnProcess-11 INFO maramures_itw_JazkwF_o6qE_full.mp4: encoding clip 3/3 (108.000s to 118.000s)
2026-08-16 21:27:53,571 SpawnProcess-16 INFO maramures_studio_6ZMbTa975KM_69s-350s.mp4: selected 5 clips
2026-08-16 21:27:53,576 SpawnProcess-16 INFO maramures_studio_6ZMbTa975KM_69s-350s.mp4: encoding clip 1/5 (239.800s to 249.800s)
2026-08-16 21:27:54,222 SpawnProcess-1 INFO maramures_studio_MeWnuNtbg0g_143s-600s.mp4: VAD found 18 speech intervals
2026-08-16 21:27:57,058 SpawnProcess-12 INFO maramures_itw_NUkrggK2v9s_0s-257s.mp4: encoding clip 3/10 (199.000s to 205.000s)
2026-08-16 21:27:58,669 SpawnProcess-15 INFO maramures_itw_qE95s74bb5o_full.mp4: encoding clip 5/13 (88.400s to 96.000s)
2026-08-16 21:28:01,803 SpawnProcess-14 INFO maramures_itw_PsnpON8qAuo_243s-460s.mp4: encoding clip 4/14 (127.000s to 137.000s)
2026-08-16 21:28:03,013 SpawnProcess-11 INFO maramures_itw_JazkwF_o6qE_full.mp4: completed
2026-08-16 21:28:03,029 SpawnProcess-11 INFO Loading detection cache: ../videos_detections/maramures_studio_O2zu3OxFqR8_1085s-1345s/detections.json
2026-08-16 21:28:03,314 SpawnProcess-3 INFO maramures_itw_iZhuatRoCGY_full.mp4: encoding clip 3/15 (121.000s to 131.000s)
2026-08-16 21:28:03,462 SpawnProcess-11 INFO maramures_studio_O2zu3OxFqR8_1085s-1345s.mp4: duration=260.0s, samples=1301, tracks=3
2026-08-16 21:28:04,030 SpawnProcess-7 INFO maramures_itw_5LliDRFbBOk_full.mp4: selected 12 clips
2026-08-16 21:28:04,040 SpawnProcess-7 INFO maramures_itw_5LliDRFbBOk_full.mp4: encoding clip 1/12 (17.600s to 27.600s)
2026-08-16 21:28:05,346 SpawnProcess-12 INFO maramures_itw_NUkrggK2v9s_0s-257s.mp4: encoding clip 4/10 (83.800s to 89.200s)
2026-08-16 21:28:06,752 SpawnProcess-16 INFO maramures_studio_6ZMbTa975KM_69s-350s.mp4: encoding clip 2/5 (128.800s to 137.000s)
2026-08-16 21:28:07,285 SpawnProcess-6 INFO maramures_itw_sEbUYUAsuag_full.mp4: selected 15 clips
2026-08-16 21:28:07,294 SpawnProcess-6 INFO maramures_itw_sEbUYUAsuag_full.mp4: encoding clip 1/15 (332.800s to 342.800s)
2026-08-16 21:28:08,735 SpawnProcess-15 INFO maramures_itw_qE95s74bb5o_full.mp4: encoding clip 6/13 (161.200s to 171.200s)
2026-08-16 21:28:09,299 SpawnProcess-11 INFO maramures_studio_O2zu3OxFqR8_1085s-1345s.mp4: VAD found 11 speech intervals
2026-08-16 21:28:13,522 SpawnProcess-14 INFO maramures_itw_PsnpON8qAuo_243s-460s.mp4: encoding clip 5/14 (167.600s to 177.600s)
2026-08-16 21:28:14,045 SpawnProcess-12 INFO maramures_itw_NUkrggK2v9s_0s-257s.mp4: encoding clip 5/10 (62.400s to 72.400s)
2026-08-16 21:28:14,896 SpawnProcess-6 INFO maramures_itw_sEbUYUAsuag_full.mp4: encoding clip 2/15 (342.800s to 352.800s)
2026-08-16 21:28:15,852 SpawnProcess-3 INFO maramures_itw_iZhuatRoCGY_full.mp4: encoding clip 4/15 (197.800s to 207.800s)
2026-08-16 21:28:17,266 SpawnProcess-16 INFO maramures_studio_6ZMbTa975KM_69s-350s.mp4: encoding clip 3/5 (259.800s to 269.800s)
2026-08-16 21:28:19,469 SpawnProcess-7 INFO maramures_itw_5LliDRFbBOk_full.mp4: encoding clip 2/12 (230.200s to 237.800s)
2026-08-16 21:28:20,986 SpawnProcess-6 INFO maramures_itw_sEbUYUAsuag_full.mp4: encoding clip 3/15 (191.800s to 201.800s)
2026-08-16 21:28:22,254 SpawnProcess-15 INFO maramures_itw_qE95s74bb5o_full.mp4: encoding clip 7/13 (151.200s to 161.200s)
2026-08-16 21:28:25,415 SpawnProcess-14 INFO maramures_itw_PsnpON8qAuo_243s-460s.mp4: encoding clip 6/14 (194.200s to 204.200s)
2026-08-16 21:28:26,491 SpawnProcess-12 INFO maramures_itw_NUkrggK2v9s_0s-257s.mp4: encoding clip 6/10 (189.000s to 199.000s)
2026-08-16 21:28:27,556 SpawnProcess-6 INFO maramures_itw_sEbUYUAsuag_full.mp4: encoding clip 4/15 (373.800s to 383.800s)
2026-08-16 21:28:28,975 SpawnProcess-3 INFO maramures_itw_iZhuatRoCGY_full.mp4: encoding clip 5/15 (207.800s to 217.800s)
2026-08-16 21:28:30,305 SpawnProcess-16 INFO maramures_studio_6ZMbTa975KM_69s-350s.mp4: encoding clip 4/5 (197.200s to 207.200s)
2026-08-16 21:28:33,847 SpawnProcess-6 INFO maramures_itw_sEbUYUAsuag_full.mp4: encoding clip 5/15 (352.800s to 362.800s)
2026-08-16 21:28:34,959 SpawnProcess-7 INFO maramures_itw_5LliDRFbBOk_full.mp4: encoding clip 3/12 (153.400s to 160.600s)
2026-08-16 21:28:35,911 SpawnProcess-15 INFO maramures_itw_qE95s74bb5o_full.mp4: encoding clip 8/13 (49.600s to 59.600s)
2026-08-16 21:28:39,587 SpawnProcess-6 INFO maramures_itw_sEbUYUAsuag_full.mp4: encoding clip 6/15 (322.800s to 332.800s)
2026-08-16 21:28:39,874 SpawnProcess-14 INFO maramures_itw_PsnpON8qAuo_243s-460s.mp4: encoding clip 7/14 (10.000s to 20.000s)
2026-08-16 21:28:40,662 SpawnProcess-12 INFO maramures_itw_NUkrggK2v9s_0s-257s.mp4: encoding clip 7/10 (139.000s to 149.000s)
2026-08-16 21:28:43,134 SpawnProcess-3 INFO maramures_itw_iZhuatRoCGY_full.mp4: encoding clip 6/15 (84.800s to 94.800s)
2026-08-16 21:28:43,619 SpawnProcess-16 INFO maramures_studio_6ZMbTa975KM_69s-350s.mp4: encoding clip 5/5 (109.800s to 115.600s)
2026-08-16 21:28:45,841 SpawnProcess-6 INFO maramures_itw_sEbUYUAsuag_full.mp4: encoding clip 7/15 (393.800s to 403.800s)
2026-08-16 21:28:49,606 SpawnProcess-7 INFO maramures_itw_5LliDRFbBOk_full.mp4: encoding clip 4/12 (120.000s to 130.000s)
2026-08-16 21:28:50,202 SpawnProcess-15 INFO maramures_itw_qE95s74bb5o_full.mp4: encoding clip 9/13 (120.200s to 129.000s)
2026-08-16 21:28:50,807 SpawnProcess-16 INFO maramures_studio_6ZMbTa975KM_69s-350s.mp4: completed
2026-08-16 21:28:50,825 SpawnProcess-16 INFO Loading detection cache: ../videos_detections/maramures_studio_OiW2QqVrSK8_46s-347s/detections.json
2026-08-16 21:28:51,817 SpawnProcess-16 INFO maramures_studio_OiW2QqVrSK8_46s-347s.mp4: duration=301.1s, samples=1506, tracks=10
2026-08-16 21:28:52,819 SpawnProcess-14 INFO maramures_itw_PsnpON8qAuo_243s-460s.mp4: encoding clip 8/14 (204.200s to 212.400s)
2026-08-16 21:28:52,919 SpawnProcess-6 INFO maramures_itw_sEbUYUAsuag_full.mp4: encoding clip 8/15 (150.800s to 160.800s)
2026-08-16 21:28:54,169 SpawnProcess-12 INFO maramures_itw_NUkrggK2v9s_0s-257s.mp4: encoding clip 8/10 (72.400s to 78.000s)
2026-08-16 21:28:56,710 SpawnProcess-3 INFO maramures_itw_iZhuatRoCGY_full.mp4: encoding clip 7/15 (227.800s to 237.800s)
2026-08-16 21:28:59,139 SpawnProcess-10 INFO maramures_studio_KX1gzo32ChU_234s-409s.mp4: selected 4 clips
2026-08-16 21:28:59,142 SpawnProcess-10 INFO maramures_studio_KX1gzo32ChU_234s-409s.mp4: encoding clip 1/4 (56.200s to 66.200s)
2026-08-16 21:29:00,084 SpawnProcess-16 INFO maramures_studio_OiW2QqVrSK8_46s-347s.mp4: VAD found 29 speech intervals
2026-08-16 21:29:00,179 SpawnProcess-6 INFO maramures_itw_sEbUYUAsuag_full.mp4: encoding clip 9/15 (221.800s to 231.800s)
2026-08-16 21:29:00,800 SpawnProcess-2 INFO maramures_studio_Ae_DVgq94iA_0s-360s.mp4: selected 15 clips
2026-08-16 21:29:00,807 SpawnProcess-2 INFO maramures_studio_Ae_DVgq94iA_0s-360s.mp4: encoding clip 1/15 (201.600s to 209.000s)
2026-08-16 21:29:01,918 SpawnProcess-15 INFO maramures_itw_qE95s74bb5o_full.mp4: encoding clip 10/13 (29.600s to 39.600s)
2026-08-16 21:29:02,282 SpawnProcess-12 INFO maramures_itw_NUkrggK2v9s_0s-257s.mp4: encoding clip 9/10 (167.800s to 174.400s)
2026-08-16 21:29:04,025 SpawnProcess-14 INFO maramures_itw_PsnpON8qAuo_243s-460s.mp4: encoding clip 9/14 (177.600s to 184.800s)
2026-08-16 21:29:04,927 SpawnProcess-7 INFO maramures_itw_5LliDRFbBOk_full.mp4: encoding clip 5/12 (172.000s to 178.600s)
2026-08-16 21:29:06,054 SpawnProcess-6 INFO maramures_itw_sEbUYUAsuag_full.mp4: encoding clip 10/15 (201.800s to 211.800s)
2026-08-16 21:29:09,604 SpawnProcess-3 INFO maramures_itw_iZhuatRoCGY_full.mp4: encoding clip 8/15 (114.800s to 120.000s)
2026-08-16 21:29:11,431 SpawnProcess-10 INFO maramures_studio_KX1gzo32ChU_234s-409s.mp4: encoding clip 2/4 (46.200s to 56.200s)
2026-08-16 21:29:11,818 SpawnProcess-2 INFO maramures_studio_Ae_DVgq94iA_0s-360s.mp4: encoding clip 2/15 (138.800s to 147.000s)
2026-08-16 21:29:12,473 SpawnProcess-12 INFO maramures_itw_NUkrggK2v9s_0s-257s.mp4: encoding clip 10/10 (52.400s to 62.400s)
2026-08-16 21:29:12,759 SpawnProcess-14 INFO maramures_itw_PsnpON8qAuo_243s-460s.mp4: encoding clip 10/14 (65.800s to 71.200s)
2026-08-16 21:29:13,776 SpawnProcess-6 INFO maramures_itw_sEbUYUAsuag_full.mp4: encoding clip 11/15 (291.800s to 301.800s)
2026-08-16 21:29:13,954 SpawnProcess-15 INFO maramures_itw_qE95s74bb5o_full.mp4: encoding clip 11/13 (74.200s to 84.200s)
2026-08-16 21:29:16,967 SpawnProcess-3 INFO maramures_itw_iZhuatRoCGY_full.mp4: encoding clip 9/15 (161.000s to 171.000s)
2026-08-16 21:29:17,176 SpawnProcess-7 INFO maramures_itw_5LliDRFbBOk_full.mp4: encoding clip 6/12 (110.200s to 118.600s)
2026-08-16 21:29:21,408 SpawnProcess-10 INFO maramures_studio_KX1gzo32ChU_234s-409s.mp4: encoding clip 3/4 (0.000s to 10.000s)
2026-08-16 21:29:21,542 SpawnProcess-14 INFO maramures_itw_PsnpON8qAuo_243s-460s.mp4: encoding clip 11/14 (185.800s to 191.800s)
2026-08-16 21:29:21,810 SpawnProcess-2 INFO maramures_studio_Ae_DVgq94iA_0s-360s.mp4: encoding clip 3/15 (348.800s to 355.000s)
2026-08-16 21:29:22,194 SpawnProcess-6 INFO maramures_itw_sEbUYUAsuag_full.mp4: encoding clip 12/15 (312.800s to 322.800s)
2026-08-16 21:29:27,359 SpawnProcess-12 INFO maramures_itw_NUkrggK2v9s_0s-257s.mp4: completed
2026-08-16 21:29:27,366 SpawnProcess-12 INFO Loading detection cache: ../videos_detections/maramures_studio_QdTq_r1UP8E_355s-784s/detections.json
2026-08-16 21:29:28,115 SpawnProcess-12 INFO maramures_studio_QdTq_r1UP8E_355s-784s.mp4: duration=429.0s, samples=2146, tracks=1
2026-08-16 21:29:28,199 SpawnProcess-6 INFO maramures_itw_sEbUYUAsuag_full.mp4: encoding clip 13/15 (271.800s to 281.800s)
2026-08-16 21:29:28,413 SpawnProcess-15 INFO maramures_itw_qE95s74bb5o_full.mp4: encoding clip 12/13 (131.200s to 141.200s)
2026-08-16 21:29:30,201 SpawnProcess-3 INFO maramures_itw_iZhuatRoCGY_full.mp4: encoding clip 10/15 (171.000s to 181.000s)
2026-08-16 21:29:30,624 SpawnProcess-14 INFO maramures_itw_PsnpON8qAuo_243s-460s.mp4: encoding clip 12/14 (26.800s to 32.000s)
2026-08-16 21:29:31,676 SpawnProcess-7 INFO maramures_itw_5LliDRFbBOk_full.mp4: encoding clip 7/12 (80.200s to 88.800s)
2026-08-16 21:29:33,101 SpawnProcess-2 INFO maramures_studio_Ae_DVgq94iA_0s-360s.mp4: encoding clip 4/15 (273.800s to 283.800s)
2026-08-16 21:29:34,338 SpawnProcess-6 INFO maramures_itw_sEbUYUAsuag_full.mp4: encoding clip 14/15 (241.800s to 251.800s)
2026-08-16 21:29:35,162 SpawnProcess-10 INFO maramures_studio_KX1gzo32ChU_234s-409s.mp4: encoding clip 4/4 (10.000s to 16.000s)
2026-08-16 21:29:38,772 SpawnProcess-14 INFO maramures_itw_PsnpON8qAuo_243s-460s.mp4: encoding clip 13/14 (33.800s to 39.000s)
2026-08-16 21:29:41,509 SpawnProcess-12 INFO maramures_studio_QdTq_r1UP8E_355s-784s.mp4: VAD found 32 speech intervals
2026-08-16 21:29:42,434 SpawnProcess-15 INFO maramures_itw_qE95s74bb5o_full.mp4: encoding clip 13/13 (109.200s to 118.000s)
2026-08-16 21:29:42,540 SpawnProcess-3 INFO maramures_itw_iZhuatRoCGY_full.mp4: encoding clip 11/15 (131.000s to 141.000s)
2026-08-16 21:29:42,648 SpawnProcess-6 INFO maramures_itw_sEbUYUAsuag_full.mp4: encoding clip 15/15 (403.800s to 413.800s)
2026-08-16 21:29:43,031 SpawnProcess-10 INFO maramures_studio_KX1gzo32ChU_234s-409s.mp4: completed
2026-08-16 21:29:43,039 SpawnProcess-10 INFO Loading detection cache: ../videos_detections/maramures_studio_UYFQcvk7Lt0_0s-608s/detections.json
2026-08-16 21:29:43,960 SpawnProcess-10 INFO maramures_studio_UYFQcvk7Lt0_0s-608s.mp4: duration=608.0s, samples=3041, tracks=46
2026-08-16 21:29:45,051 SpawnProcess-2 INFO maramures_studio_Ae_DVgq94iA_0s-360s.mp4: encoding clip 5/15 (226.600s to 234.800s)
2026-08-16 21:29:45,563 SpawnProcess-14 INFO maramures_itw_PsnpON8qAuo_243s-460s.mp4: encoding clip 14/14 (147.000s to 154.600s)
2026-08-16 21:29:45,644 SpawnProcess-7 INFO maramures_itw_5LliDRFbBOk_full.mp4: encoding clip 8/12 (55.000s to 65.000s)
2026-08-16 21:29:46,381 SpawnProcess-13 INFO maramures_itw_PspxrrWCJPY_full.mp4: selected 8 clips
2026-08-16 21:29:46,394 SpawnProcess-13 INFO maramures_itw_PspxrrWCJPY_full.mp4: encoding clip 1/8 (212.600s to 222.600s)
2026-08-16 21:29:48,427 SpawnProcess-6 INFO maramures_itw_sEbUYUAsuag_full.mp4: completed
2026-08-16 21:29:48,453 SpawnProcess-6 INFO Loading detection cache: ../videos_detections/maramures_studio_VZPYOn-KYKk_627s-794s/detections.json
2026-08-16 21:29:48,939 SpawnProcess-6 INFO maramures_studio_VZPYOn-KYKk_627s-794s.mp4: duration=167.1s, samples=836, tracks=8
2026-08-16 21:29:53,090 SpawnProcess-6 INFO maramures_studio_VZPYOn-KYKk_627s-794s.mp4: VAD found 30 speech intervals
2026-08-16 21:29:53,925 SpawnProcess-15 INFO maramures_itw_qE95s74bb5o_full.mp4: completed
2026-08-16 21:29:53,944 SpawnProcess-14 INFO maramures_itw_PsnpON8qAuo_243s-460s.mp4: completed
2026-08-16 21:29:53,958 SpawnProcess-15 INFO Loading detection cache: ../videos_detections/maramures_studio_ZkWgk05ZNZs_105s-475s/detections.json
2026-08-16 21:29:53,960 SpawnProcess-14 INFO Loading detection cache: ../videos_detections/maramures_studio_XrKgabRcDH4_1392s-1805s/detections.json
2026-08-16 21:29:54,613 SpawnProcess-14 INFO maramures_studio_XrKgabRcDH4_1392s-1805s.mp4: duration=413.1s, samples=2066, tracks=8
2026-08-16 21:29:54,761 SpawnProcess-15 INFO maramures_studio_ZkWgk05ZNZs_105s-475s.mp4: duration=370.1s, samples=1851, tracks=20
2026-08-16 21:29:55,628 SpawnProcess-2 INFO maramures_studio_Ae_DVgq94iA_0s-360s.mp4: encoding clip 6/15 (104.800s to 114.800s)
2026-08-16 21:29:56,983 SpawnProcess-10 INFO maramures_studio_UYFQcvk7Lt0_0s-608s.mp4: VAD found 54 speech intervals
2026-08-16 21:29:57,189 SpawnProcess-3 INFO maramures_itw_iZhuatRoCGY_full.mp4: encoding clip 12/15 (187.800s to 196.000s)
2026-08-16 21:29:58,152 SpawnProcess-13 INFO maramures_itw_PspxrrWCJPY_full.mp4: encoding clip 2/8 (178.200s to 187.800s)
2026-08-16 21:29:59,417 SpawnProcess-7 INFO maramures_itw_5LliDRFbBOk_full.mp4: encoding clip 9/12 (90.800s to 97.800s)
2026-08-16 21:30:03,043 SpawnProcess-14 INFO maramures_studio_XrKgabRcDH4_1392s-1805s.mp4: VAD found 57 speech intervals
2026-08-16 21:30:03,190 SpawnProcess-15 INFO maramures_studio_ZkWgk05ZNZs_105s-475s.mp4: VAD found 26 speech intervals
2026-08-16 21:30:06,406 SpawnProcess-3 INFO maramures_itw_iZhuatRoCGY_full.mp4: encoding clip 13/15 (104.800s to 114.800s)
2026-08-16 21:30:07,023 SpawnProcess-2 INFO maramures_studio_Ae_DVgq94iA_0s-360s.mp4: encoding clip 7/15 (178.800s to 188.800s)
2026-08-16 21:30:08,523 SpawnProcess-13 INFO maramures_itw_PspxrrWCJPY_full.mp4: encoding clip 3/8 (144.400s to 152.200s)
2026-08-16 21:30:08,875 SpawnProcess-7 INFO maramures_itw_5LliDRFbBOk_full.mp4: encoding clip 10/12 (140.200s to 150.200s)
2026-08-16 21:30:18,620 SpawnProcess-13 INFO maramures_itw_PspxrrWCJPY_full.mp4: encoding clip 4/8 (136.000s to 143.000s)
2026-08-16 21:30:18,709 SpawnProcess-3 INFO maramures_itw_iZhuatRoCGY_full.mp4: encoding clip 14/15 (151.000s to 161.000s)
2026-08-16 21:30:20,219 SpawnProcess-2 INFO maramures_studio_Ae_DVgq94iA_0s-360s.mp4: encoding clip 8/15 (283.800s to 293.800s)
2026-08-16 21:30:22,629 SpawnProcess-7 INFO maramures_itw_5LliDRFbBOk_full.mp4: encoding clip 11/12 (130.000s to 138.200s)
2026-08-16 21:30:28,585 SpawnProcess-13 INFO maramures_itw_PspxrrWCJPY_full.mp4: encoding clip 5/8 (91.400s to 99.200s)
2026-08-16 21:30:31,936 SpawnProcess-3 INFO maramures_itw_iZhuatRoCGY_full.mp4: encoding clip 15/15 (217.800s to 227.800s)
2026-08-16 21:30:33,023 SpawnProcess-2 INFO maramures_studio_Ae_DVgq94iA_0s-360s.mp4: encoding clip 9/15 (191.600s to 201.600s)
2026-08-16 21:30:34,612 SpawnProcess-7 INFO maramures_itw_5LliDRFbBOk_full.mp4: encoding clip 12/12 (39.600s to 45.600s)
2026-08-16 21:30:38,908 SpawnProcess-13 INFO maramures_itw_PspxrrWCJPY_full.mp4: encoding clip 6/8 (113.800s to 119.600s)
2026-08-16 21:30:43,396 SpawnProcess-3 INFO maramures_itw_iZhuatRoCGY_full.mp4: completed
2026-08-16 21:30:43,408 SpawnProcess-3 INFO Loading detection cache: ../videos_detections/maramures_studio_cxrYZLp079c_136s-468s/detections.json
2026-08-16 21:30:43,940 SpawnProcess-3 INFO maramures_studio_cxrYZLp079c_136s-468s.mp4: duration=332.0s, samples=1660, tracks=1
2026-08-16 21:30:44,883 SpawnProcess-7 INFO maramures_itw_5LliDRFbBOk_full.mp4: completed
2026-08-16 21:30:44,895 SpawnProcess-7 INFO Loading detection cache: ../videos_detections/maramures_studio_ogkormSOuMI_full/detections.json
2026-08-16 21:30:45,468 SpawnProcess-7 INFO maramures_studio_ogkormSOuMI_full.mp4: duration=351.3s, samples=1757, tracks=2
2026-08-16 21:30:45,834 SpawnProcess-2 INFO maramures_studio_Ae_DVgq94iA_0s-360s.mp4: encoding clip 10/15 (148.800s to 158.800s)
2026-08-16 21:30:46,858 SpawnProcess-13 INFO maramures_itw_PspxrrWCJPY_full.mp4: encoding clip 7/8 (270.400s to 275.400s)
2026-08-16 21:30:47,100 SpawnProcess-8 INFO maramures_studio_7CAWDWMnqfQ_74s-413s.mp4: selected 15 clips
2026-08-16 21:30:47,105 SpawnProcess-8 INFO maramures_studio_7CAWDWMnqfQ_74s-413s.mp4: encoding clip 1/15 (10.000s to 20.000s)
2026-08-16 21:30:49,643 SpawnProcess-9 INFO maramures_studio_CGO-xCSmciU_0s-243s.mp4: selected 11 clips
2026-08-16 21:30:49,651 SpawnProcess-9 INFO maramures_studio_CGO-xCSmciU_0s-243s.mp4: encoding clip 1/11 (136.600s to 143.400s)
2026-08-16 21:30:50,143 SpawnProcess-3 INFO maramures_studio_cxrYZLp079c_136s-468s.mp4: VAD found 34 speech intervals
2026-08-16 21:30:53,157 SpawnProcess-7 INFO maramures_studio_ogkormSOuMI_full.mp4: VAD found 37 speech intervals
2026-08-16 21:30:53,742 SpawnProcess-13 INFO maramures_itw_PspxrrWCJPY_full.mp4: encoding clip 8/8 (12.000s to 17.600s)
2026-08-16 21:30:56,699 SpawnProcess-2 INFO maramures_studio_Ae_DVgq94iA_0s-360s.mp4: encoding clip 11/15 (71.800s to 81.800s)
2026-08-16 21:31:00,531 SpawnProcess-13 INFO maramures_itw_PspxrrWCJPY_full.mp4: completed
2026-08-16 21:31:00,577 SpawnProcess-13 INFO Loading detection cache: ../videos_detections/maramures_studio_rNlA--EuG-Y_110s-390s/detections.json
2026-08-16 21:31:01,079 SpawnProcess-13 INFO maramures_studio_rNlA--EuG-Y_110s-390s.mp4: duration=280.0s, samples=1401, tracks=23
2026-08-16 21:31:02,391 SpawnProcess-9 INFO maramures_studio_CGO-xCSmciU_0s-243s.mp4: encoding clip 2/11 (173.800s to 183.800s)
2026-08-16 21:31:04,682 SpawnProcess-8 INFO maramures_studio_7CAWDWMnqfQ_74s-413s.mp4: encoding clip 2/15 (306.400s to 316.400s)
2026-08-16 21:31:06,848 SpawnProcess-13 INFO maramures_studio_rNlA--EuG-Y_110s-390s.mp4: VAD found 41 speech intervals
2026-08-16 21:31:07,102 SpawnProcess-2 INFO maramures_studio_Ae_DVgq94iA_0s-360s.mp4: encoding clip 12/15 (61.800s to 71.800s)
2026-08-16 21:31:17,436 SpawnProcess-2 INFO maramures_studio_Ae_DVgq94iA_0s-360s.mp4: encoding clip 13/15 (94.800s to 104.800s)
2026-08-16 21:31:21,562 SpawnProcess-9 INFO maramures_studio_CGO-xCSmciU_0s-243s.mp4: encoding clip 3/11 (149.800s to 156.000s)
2026-08-16 21:31:23,894 SpawnProcess-8 INFO maramures_studio_7CAWDWMnqfQ_74s-413s.mp4: encoding clip 3/15 (87.200s to 97.200s)
2026-08-16 21:31:27,343 SpawnProcess-2 INFO maramures_studio_Ae_DVgq94iA_0s-360s.mp4: encoding clip 14/15 (295.800s to 305.800s)
2026-08-16 21:31:30,358 SpawnProcess-5 INFO maramures_itw_fnxC5E_l9OU_0s-538s.mp4: selected 15 clips
2026-08-16 21:31:30,363 SpawnProcess-5 INFO maramures_itw_fnxC5E_l9OU_0s-538s.mp4: encoding clip 1/15 (70.904s to 80.904s)
2026-08-16 21:31:34,106 SpawnProcess-9 INFO maramures_studio_CGO-xCSmciU_0s-243s.mp4: encoding clip 4/11 (183.800s to 193.800s)
2026-08-16 21:31:37,200 SpawnProcess-2 INFO maramures_studio_Ae_DVgq94iA_0s-360s.mp4: encoding clip 15/15 (84.800s to 94.800s)
2026-08-16 21:31:40,578 SpawnProcess-5 INFO maramures_itw_fnxC5E_l9OU_0s-538s.mp4: encoding clip 2/15 (0.000s to 5.205s)
2026-08-16 21:31:43,785 SpawnProcess-8 INFO maramures_studio_7CAWDWMnqfQ_74s-413s.mp4: encoding clip 4/15 (233.400s to 243.400s)
2026-08-16 21:31:47,176 SpawnProcess-5 INFO maramures_itw_fnxC5E_l9OU_0s-538s.mp4: encoding clip 3/15 (172.047s to 178.295s)
2026-08-16 21:31:47,675 SpawnProcess-2 INFO maramures_studio_Ae_DVgq94iA_0s-360s.mp4: completed
2026-08-16 21:31:47,687 SpawnProcess-2 INFO Loading detection cache: ../videos_detections/maramures_studio_yMNojwI9qCM_555s-800s/detections.json
2026-08-16 21:31:48,675 SpawnProcess-2 INFO maramures_studio_yMNojwI9qCM_555s-800s.mp4: duration=245.1s, samples=1226, tracks=9
2026-08-16 21:31:53,072 SpawnProcess-9 INFO maramures_studio_CGO-xCSmciU_0s-243s.mp4: encoding clip 5/11 (125.600s to 135.400s)
2026-08-16 21:31:54,156 SpawnProcess-5 INFO maramures_itw_fnxC5E_l9OU_0s-538s.mp4: encoding clip 4/15 (21.897s to 31.897s)
2026-08-16 21:31:54,338 SpawnProcess-2 INFO maramures_studio_yMNojwI9qCM_555s-800s.mp4: VAD found 6 speech intervals
2026-08-16 21:32:04,095 SpawnProcess-8 INFO maramures_studio_7CAWDWMnqfQ_74s-413s.mp4: encoding clip 5/15 (195.200s to 205.200s)
2026-08-16 21:32:04,467 SpawnProcess-5 INFO maramures_itw_fnxC5E_l9OU_0s-538s.mp4: encoding clip 5/15 (240.230s to 250.230s)
2026-08-16 21:32:12,937 SpawnProcess-9 INFO maramures_studio_CGO-xCSmciU_0s-243s.mp4: encoding clip 6/11 (77.800s to 87.800s)
2026-08-16 21:32:15,808 SpawnProcess-5 INFO maramures_itw_fnxC5E_l9OU_0s-538s.mp4: encoding clip 6/15 (250.230s to 260.230s)
2026-08-16 21:32:26,872 SpawnProcess-8 INFO maramures_studio_7CAWDWMnqfQ_74s-413s.mp4: encoding clip 6/15 (172.000s to 182.000s)
2026-08-16 21:32:27,735 SpawnProcess-5 INFO maramures_itw_fnxC5E_l9OU_0s-538s.mp4: encoding clip 7/15 (270.230s to 280.230s)
2026-08-16 21:32:34,096 SpawnProcess-9 INFO maramures_studio_CGO-xCSmciU_0s-243s.mp4: encoding clip 7/11 (161.400s to 168.000s)
2026-08-16 21:32:38,997 SpawnProcess-6 INFO maramures_studio_VZPYOn-KYKk_627s-794s.mp4: selected 10 clips
2026-08-16 21:32:39,020 SpawnProcess-6 INFO maramures_studio_VZPYOn-KYKk_627s-794s.mp4: encoding clip 1/10 (64.400s to 72.400s)
2026-08-16 21:32:40,591 SpawnProcess-5 INFO maramures_itw_fnxC5E_l9OU_0s-538s.mp4: encoding clip 8/15 (202.692s to 212.692s)
2026-08-16 21:32:41,646 SpawnProcess-7 INFO maramures_studio_ogkormSOuMI_full.mp4: selected 15 clips
2026-08-16 21:32:41,650 SpawnProcess-7 INFO maramures_studio_ogkormSOuMI_full.mp4: encoding clip 1/15 (225.200s to 234.800s)
2026-08-16 21:32:46,397 SpawnProcess-7 INFO maramures_studio_ogkormSOuMI_full.mp4: encoding clip 2/15 (79.800s to 85.000s)
2026-08-16 21:32:48,077 SpawnProcess-8 INFO maramures_studio_7CAWDWMnqfQ_74s-413s.mp4: encoding clip 7/15 (0.000s to 10.000s)
2026-08-16 21:32:49,596 SpawnProcess-7 INFO maramures_studio_ogkormSOuMI_full.mp4: encoding clip 3/15 (126.800s to 136.800s)
2026-08-16 21:32:50,152 SpawnProcess-9 INFO maramures_studio_CGO-xCSmciU_0s-243s.mp4: encoding clip 8/11 (227.800s to 237.400s)
2026-08-16 21:32:53,998 SpawnProcess-5 INFO maramures_itw_fnxC5E_l9OU_0s-538s.mp4: encoding clip 9/15 (299.466s to 309.466s)
2026-08-16 21:32:54,288 SpawnProcess-7 INFO maramures_studio_ogkormSOuMI_full.mp4: encoding clip 4/15 (330.600s to 340.600s)
2026-08-16 21:32:57,399 SpawnProcess-6 INFO maramures_studio_VZPYOn-KYKk_627s-794s.mp4: encoding clip 2/10 (4.000s to 14.000s)
2026-08-16 21:32:58,538 SpawnProcess-7 INFO maramures_studio_ogkormSOuMI_full.mp4: encoding clip 5/15 (97.800s to 107.800s)
2026-08-16 21:33:03,309 SpawnProcess-7 INFO maramures_studio_ogkormSOuMI_full.mp4: encoding clip 6/15 (107.800s to 117.800s)
2026-08-16 21:33:05,279 SpawnProcess-5 INFO maramures_itw_fnxC5E_l9OU_0s-538s.mp4: encoding clip 10/15 (230.230s to 240.230s)
2026-08-16 21:33:05,829 SpawnProcess-11 INFO maramures_studio_O2zu3OxFqR8_1085s-1345s.mp4: selected 15 clips
2026-08-16 21:33:05,842 SpawnProcess-11 INFO maramures_studio_O2zu3OxFqR8_1085s-1345s.mp4: encoding clip 1/15 (12.000s to 17.800s)
2026-08-16 21:33:07,490 SpawnProcess-7 INFO maramures_studio_ogkormSOuMI_full.mp4: encoding clip 7/15 (57.800s to 66.800s)
2026-08-16 21:33:10,156 SpawnProcess-8 INFO maramures_studio_7CAWDWMnqfQ_74s-413s.mp4: encoding clip 8/15 (249.200s to 259.200s)
2026-08-16 21:33:11,882 SpawnProcess-7 INFO maramures_studio_ogkormSOuMI_full.mp4: encoding clip 8/15 (141.800s to 151.800s)
2026-08-16 21:33:12,004 SpawnProcess-9 INFO maramures_studio_CGO-xCSmciU_0s-243s.mp4: encoding clip 9/11 (54.000s to 61.800s)
2026-08-16 21:33:16,715 SpawnProcess-7 INFO maramures_studio_ogkormSOuMI_full.mp4: encoding clip 9/15 (247.800s to 257.800s)
2026-08-16 21:33:18,020 SpawnProcess-5 INFO maramures_itw_fnxC5E_l9OU_0s-538s.mp4: encoding clip 11/15 (332.415s to 342.415s)
2026-08-16 21:33:19,876 SpawnProcess-6 INFO maramures_studio_VZPYOn-KYKk_627s-794s.mp4: encoding clip 3/10 (115.000s to 122.400s)
2026-08-16 21:33:20,597 SpawnProcess-11 INFO maramures_studio_O2zu3OxFqR8_1085s-1345s.mp4: encoding clip 2/15 (193.800s to 199.800s)
2026-08-16 21:33:20,676 SpawnProcess-7 INFO maramures_studio_ogkormSOuMI_full.mp4: encoding clip 10/15 (151.800s to 161.800s)
2026-08-16 21:33:25,270 SpawnProcess-7 INFO maramures_studio_ogkormSOuMI_full.mp4: encoding clip 11/15 (87.800s to 97.800s)
2026-08-16 21:33:29,792 SpawnProcess-7 INFO maramures_studio_ogkormSOuMI_full.mp4: encoding clip 12/15 (237.800s to 247.800s)
2026-08-16 21:33:30,599 SpawnProcess-8 INFO maramures_studio_7CAWDWMnqfQ_74s-413s.mp4: encoding clip 9/15 (316.400s to 326.400s)
2026-08-16 21:33:30,979 SpawnProcess-9 INFO maramures_studio_CGO-xCSmciU_0s-243s.mp4: encoding clip 10/11 (193.800s to 203.800s)
2026-08-16 21:33:31,013 SpawnProcess-5 INFO maramures_itw_fnxC5E_l9OU_0s-538s.mp4: encoding clip 12/15 (120.527s to 130.527s)
2026-08-16 21:33:34,036 SpawnProcess-7 INFO maramures_studio_ogkormSOuMI_full.mp4: encoding clip 13/15 (277.200s to 287.200s)
2026-08-16 21:33:35,449 SpawnProcess-6 INFO maramures_studio_VZPYOn-KYKk_627s-794s.mp4: encoding clip 4/10 (73.400s to 83.400s)
2026-08-16 21:33:37,064 SpawnProcess-11 INFO maramures_studio_O2zu3OxFqR8_1085s-1345s.mp4: encoding clip 3/15 (219.800s to 226.000s)
2026-08-16 21:33:39,026 SpawnProcess-7 INFO maramures_studio_ogkormSOuMI_full.mp4: encoding clip 14/15 (177.800s to 187.800s)
2026-08-16 21:33:43,875 SpawnProcess-7 INFO maramures_studio_ogkormSOuMI_full.mp4: encoding clip 15/15 (12.800s to 20.400s)
2026-08-16 21:33:45,621 SpawnProcess-5 INFO maramures_itw_fnxC5E_l9OU_0s-538s.mp4: encoding clip 13/15 (90.904s to 100.904s)
2026-08-16 21:33:48,075 SpawnProcess-7 INFO maramures_studio_ogkormSOuMI_full.mp4: completed
2026-08-16 21:33:48,093 SpawnProcess-7 INFO Loading detection cache: ../videos_detections/moldova_itw_2p0a7QigMjU_full/detections.json
2026-08-16 21:33:48,458 SpawnProcess-7 INFO moldova_itw_2p0a7QigMjU_full.mp4: duration=140.0s, samples=700, tracks=126
2026-08-16 21:33:52,491 SpawnProcess-8 INFO maramures_studio_7CAWDWMnqfQ_74s-413s.mp4: encoding clip 10/15 (61.600s to 71.600s)
2026-08-16 21:33:53,031 SpawnProcess-7 INFO moldova_itw_2p0a7QigMjU_full.mp4: VAD found 8 speech intervals
2026-08-16 21:33:54,115 SpawnProcess-11 INFO maramures_studio_O2zu3OxFqR8_1085s-1345s.mp4: encoding clip 4/15 (137.800s to 143.800s)
2026-08-16 21:33:55,352 SpawnProcess-9 INFO maramures_studio_CGO-xCSmciU_0s-243s.mp4: encoding clip 11/11 (87.800s to 94.800s)
2026-08-16 21:33:58,308 SpawnProcess-6 INFO maramures_studio_VZPYOn-KYKk_627s-794s.mp4: encoding clip 5/10 (34.000s to 41.800s)
2026-08-16 21:33:59,933 SpawnProcess-5 INFO maramures_itw_fnxC5E_l9OU_0s-538s.mp4: encoding clip 14/15 (192.692s to 202.692s)
2026-08-16 21:34:10,549 SpawnProcess-11 INFO maramures_studio_O2zu3OxFqR8_1085s-1345s.mp4: encoding clip 5/15 (169.800s to 176.000s)
2026-08-16 21:34:13,646 SpawnProcess-5 INFO maramures_itw_fnxC5E_l9OU_0s-538s.mp4: encoding clip 15/15 (342.415s to 352.415s)
2026-08-16 21:34:15,644 SpawnProcess-8 INFO maramures_studio_7CAWDWMnqfQ_74s-413s.mp4: encoding clip 11/15 (123.200s to 133.200s)
2026-08-16 21:34:16,623 MainProcess ERROR Skipping cache: ../videos_detections/maramures_studio_VZPYOn-KYKk_627s-794s/detections.json
concurrent.futures.process._RemoteTraceback: 
"""
Traceback (most recent call last):
  File "/export/home/acs/stud/a/alicuriceanu/.conda/envs/dataset/lib/python3.12/concurrent/futures/process.py", line 264, in _process_worker
    r = call_item.fn(*call_item.args, **call_item.kwargs)
        ^^^^^^^^^^^^^^^^^^^^^^^^^^^^^^^^^^^^^^^^^^^^^^^^^
  File "/export/home/acs/stud/a/alicuriceanu/ro-av-deepfake/ro-av-deepfake-dataset/extractor/extract_clips_from_detections.py", line 148, in process_cache
    heuristic.extract_clip(video_path, clip_path, start, clip_duration, tracks, args.sample_fps, args.debug)
  File "/export/home/acs/stud/a/alicuriceanu/ro-av-deepfake/ro-av-deepfake-dataset/extractor/extract_simple_clips.py", line 546, in extract_clip
    raise RuntimeError(
RuntimeError: FFmpeg overlay encoding failed (exit code 134): [vost#0:0/libx264 @ 0x557bc96e2480] Error submitting a packet to the muxer: Disk quota exceeded
[aost#0:1/copy @ 0x557bc96e11c0] Error submitting a packet to the muxer: Disk quota exceeded
[out#0/mp4 @ 0x557bc9936080] Error muxing a packet
[out#0/mp4 @ 0x557bc9936080] Task finished with error code: -122 (Disk quota exceeded)
[out#0/mp4 @ 0x557bc9936080] Terminating thread with return code -122 (Disk quota exceeded)
[out#0/mp4 @ 0x557bc9936080] Error writing trailer: Disk quota exceeded
[out#0/mp4 @ 0x557bc9936080] Error closing file: Disk quota exceeded
Command: ffmpeg -y -hide_banner -loglevel error -f rawvideo -pixel_format bgr24 -video_size 1920x1080 -framerate 50.000000 -i - -ss 34.000 -t 7.800 -i ../videos_raw/maramures_studio_VZPYOn-KYKk_627s-794s.mp4 -map 0:v:0 -map 1:a? -c:v libx264 -preset medium -crf 23 -pix_fmt yuv420p -r 25 -c:a copy -movflags +faststart -shortest ../videos_extracted/maramures_studio_VZPYOn-KYKk_627s-794s/004_000034.000.mp4
"""

The above exception was the direct cause of the following exception:

Traceback (most recent call last):
  File "/export/home/acs/stud/a/alicuriceanu/ro-av-deepfake/ro-av-deepfake-dataset/extractor/extract_clips_from_detections.py", line 196, in main
    clip_count += future.result()
                  ^^^^^^^^^^^^^^^
  File "/export/home/acs/stud/a/alicuriceanu/.conda/envs/dataset/lib/python3.12/concurrent/futures/_base.py", line 449, in result
    return self.__get_result()
           ^^^^^^^^^^^^^^^^^^^
  File "/export/home/acs/stud/a/alicuriceanu/.conda/envs/dataset/lib/python3.12/concurrent/futures/_base.py", line 401, in __get_result
    raise self._exception
RuntimeError: FFmpeg overlay encoding failed (exit code 134): [vost#0:0/libx264 @ 0x557bc96e2480] Error submitting a packet to the muxer: Disk quota exceeded
[aost#0:1/copy @ 0x557bc96e11c0] Error submitting a packet to the muxer: Disk quota exceeded
[out#0/mp4 @ 0x557bc9936080] Error muxing a packet
[out#0/mp4 @ 0x557bc9936080] Task finished with error code: -122 (Disk quota exceeded)
[out#0/mp4 @ 0x557bc9936080] Terminating thread with return code -122 (Disk quota exceeded)
[out#0/mp4 @ 0x557bc9936080] Error writing trailer: Disk quota exceeded
[out#0/mp4 @ 0x557bc9936080] Error closing file: Disk quota exceeded
Command: ffmpeg -y -hide_banner -loglevel error -f rawvideo -pixel_format bgr24 -video_size 1920x1080 -framerate 50.000000 -i - -ss 34.000 -t 7.800 -i ../videos_raw/maramures_studio_VZPYOn-KYKk_627s-794s.mp4 -map 0:v:0 -map 1:a? -c:v libx264 -preset medium -crf 23 -pix_fmt yuv420p -r 25 -c:a copy -movflags +faststart -shortest ../videos_extracted/maramures_studio_VZPYOn-KYKk_627s-794s/004_000034.000.mp4
2026-08-16 21:34:16,628 SpawnProcess-6 INFO Loading detection cache: ../videos_detections/moldova_itw_2xN7A_3r-Dc_full/detections.json
2026-08-16 21:34:17,073 SpawnProcess-6 INFO moldova_itw_2xN7A_3r-Dc_full.mp4: duration=84.7s, samples=406, tracks=1
2026-08-16 21:34:17,188 MainProcess ERROR Skipping cache: ../videos_detections/maramures_studio_CGO-xCSmciU_0s-243s/detections.json
concurrent.futures.process._RemoteTraceback: 
"""
Traceback (most recent call last):
  File "/export/home/acs/stud/a/alicuriceanu/.conda/envs/dataset/lib/python3.12/concurrent/futures/process.py", line 264, in _process_worker
    r = call_item.fn(*call_item.args, **call_item.kwargs)
        ^^^^^^^^^^^^^^^^^^^^^^^^^^^^^^^^^^^^^^^^^^^^^^^^^
  File "/export/home/acs/stud/a/alicuriceanu/ro-av-deepfake/ro-av-deepfake-dataset/extractor/extract_clips_from_detections.py", line 148, in process_cache
    heuristic.extract_clip(video_path, clip_path, start, clip_duration, tracks, args.sample_fps, args.debug)
  File "/export/home/acs/stud/a/alicuriceanu/ro-av-deepfake/ro-av-deepfake-dataset/extractor/extract_simple_clips.py", line 546, in extract_clip
    raise RuntimeError(
RuntimeError: FFmpeg overlay encoding failed (exit code 134): [vost#0:0/libx264 @ 0x56443e903b40] Error submitting a packet to the muxer: Disk quota exceeded
[aost#0:1/copy @ 0x56443e902980] Error submitting a packet to the muxer: Disk quota exceeded
[out#0/mp4 @ 0x56443e8ac080] Error muxing a packet
[out#0/mp4 @ 0x56443e8ac080] Task finished with error code: -122 (Disk quota exceeded)
[out#0/mp4 @ 0x56443e8ac080] Terminating thread with return code -122 (Disk quota exceeded)
[out#0/mp4 @ 0x56443e8ac080] Error writing trailer: Disk quota exceeded
[out#0/mp4 @ 0x56443e8ac080] Error closing file: Disk quota exceeded
Command: ffmpeg -y -hide_banner -loglevel error -f rawvideo -pixel_format bgr24 -video_size 1920x1080 -framerate 50.000000 -i - -ss 87.800 -t 7.000 -i ../videos_raw/maramures_studio_CGO-xCSmciU_0s-243s.mp4 -map 0:v:0 -map 1:a? -c:v libx264 -preset medium -crf 23 -pix_fmt yuv420p -r 25 -c:a copy -movflags +faststart -shortest ../videos_extracted/maramures_studio_CGO-xCSmciU_0s-243s/010_000087.800.mp4
"""

The above exception was the direct cause of the following exception:

Traceback (most recent call last):
  File "/export/home/acs/stud/a/alicuriceanu/ro-av-deepfake/ro-av-deepfake-dataset/extractor/extract_clips_from_detections.py", line 196, in main
    clip_count += future.result()
                  ^^^^^^^^^^^^^^^
  File "/export/home/acs/stud/a/alicuriceanu/.conda/envs/dataset/lib/python3.12/concurrent/futures/_base.py", line 449, in result
    return self.__get_result()
           ^^^^^^^^^^^^^^^^^^^
  File "/export/home/acs/stud/a/alicuriceanu/.conda/envs/dataset/lib/python3.12/concurrent/futures/_base.py", line 401, in __get_result
    raise self._exception
RuntimeError: FFmpeg overlay encoding failed (exit code 134): [vost#0:0/libx264 @ 0x56443e903b40] Error submitting a packet to the muxer: Disk quota exceeded
[aost#0:1/copy @ 0x56443e902980] Error submitting a packet to the muxer: Disk quota exceeded
[out#0/mp4 @ 0x56443e8ac080] Error muxing a packet
[out#0/mp4 @ 0x56443e8ac080] Task finished with error code: -122 (Disk quota exceeded)
[out#0/mp4 @ 0x56443e8ac080] Terminating thread with return code -122 (Disk quota exceeded)
[out#0/mp4 @ 0x56443e8ac080] Error writing trailer: Disk quota exceeded
[out#0/mp4 @ 0x56443e8ac080] Error closing file: Disk quota exceeded
Command: ffmpeg -y -hide_banner -loglevel error -f rawvideo -pixel_format bgr24 -video_size 1920x1080 -framerate 50.000000 -i - -ss 87.800 -t 7.000 -i ../videos_raw/maramures_studio_CGO-xCSmciU_0s-243s.mp4 -map 0:v:0 -map 1:a? -c:v libx264 -preset medium -crf 23 -pix_fmt yuv420p -r 25 -c:a copy -movflags +faststart -shortest ../videos_extracted/maramures_studio_CGO-xCSmciU_0s-243s/010_000087.800.mp4
2026-08-16 21:34:17,196 SpawnProcess-9 INFO Loading detection cache: ../videos_detections/moldova_itw_4flnid90qrE_full/detections.json
2026-08-16 21:34:17,814 SpawnProcess-9 INFO moldova_itw_4flnid90qrE_full.mp4: duration=229.3s, samples=1147, tracks=26
2026-08-16 21:34:19,466 SpawnProcess-6 INFO moldova_itw_2xN7A_3r-Dc_full.mp4: VAD found 10 speech intervals
2026-08-16 21:34:20,522 MainProcess ERROR Skipping cache: ../videos_detections/maramures_itw_fnxC5E_l9OU_0s-538s/detections.json
concurrent.futures.process._RemoteTraceback: 
"""
Traceback (most recent call last):
  File "/export/home/acs/stud/a/alicuriceanu/.conda/envs/dataset/lib/python3.12/concurrent/futures/process.py", line 264, in _process_worker
    r = call_item.fn(*call_item.args, **call_item.kwargs)
        ^^^^^^^^^^^^^^^^^^^^^^^^^^^^^^^^^^^^^^^^^^^^^^^^^
  File "/export/home/acs/stud/a/alicuriceanu/ro-av-deepfake/ro-av-deepfake-dataset/extractor/extract_clips_from_detections.py", line 148, in process_cache
    heuristic.extract_clip(video_path, clip_path, start, clip_duration, tracks, args.sample_fps, args.debug)
  File "/export/home/acs/stud/a/alicuriceanu/ro-av-deepfake/ro-av-deepfake-dataset/extractor/extract_simple_clips.py", line 546, in extract_clip
    raise RuntimeError(
RuntimeError: FFmpeg overlay encoding failed (exit code 134): [vost#0:0/libx264 @ 0x5589867cf5c0] Error submitting a packet to the muxer: Disk quota exceeded
[aost#0:1/copy @ 0x5589867ce400] Error submitting a packet to the muxer: Disk quota exceeded
[out#0/mp4 @ 0x5589867722c0] Error muxing a packet
[out#0/mp4 @ 0x5589867722c0] Task finished with error code: -122 (Disk quota exceeded)
[out#0/mp4 @ 0x5589867722c0] Terminating thread with return code -122 (Disk quota exceeded)
[out#0/mp4 @ 0x5589867722c0] Error writing trailer: Disk quota exceeded
[out#0/mp4 @ 0x5589867722c0] Error closing file: Disk quota exceeded
Command: ffmpeg -y -hide_banner -loglevel error -f rawvideo -pixel_format bgr24 -video_size 1920x1080 -framerate 23.976024 -i - -ss 342.415 -t 10.000 -i ../videos_raw/maramures_itw_fnxC5E_l9OU_0s-538s.mp4 -map 0:v:0 -map 1:a? -c:v libx264 -preset medium -crf 23 -pix_fmt yuv420p -r 25 -c:a copy -movflags +faststart -shortest ../videos_extracted/maramures_itw_fnxC5E_l9OU_0s-538s/014_000342.415.mp4
"""

The above exception was the direct cause of the following exception:

Traceback (most recent call last):
  File "/export/home/acs/stud/a/alicuriceanu/ro-av-deepfake/ro-av-deepfake-dataset/extractor/extract_clips_from_detections.py", line 196, in main
    clip_count += future.result()
                  ^^^^^^^^^^^^^^^
  File "/export/home/acs/stud/a/alicuriceanu/.conda/envs/dataset/lib/python3.12/concurrent/futures/_base.py", line 449, in result
    return self.__get_result()
           ^^^^^^^^^^^^^^^^^^^
  File "/export/home/acs/stud/a/alicuriceanu/.conda/envs/dataset/lib/python3.12/concurrent/futures/_base.py", line 401, in __get_result
    raise self._exception
RuntimeError: FFmpeg overlay encoding failed (exit code 134): [vost#0:0/libx264 @ 0x5589867cf5c0] Error submitting a packet to the muxer: Disk quota exceeded
[aost#0:1/copy @ 0x5589867ce400] Error submitting a packet to the muxer: Disk quota exceeded
[out#0/mp4 @ 0x5589867722c0] Error muxing a packet
[out#0/mp4 @ 0x5589867722c0] Task finished with error code: -122 (Disk quota exceeded)
[out#0/mp4 @ 0x5589867722c0] Terminating thread with return code -122 (Disk quota exceeded)
[out#0/mp4 @ 0x5589867722c0] Error writing trailer: Disk quota exceeded
[out#0/mp4 @ 0x5589867722c0] Error closing file: Disk quota exceeded
Command: ffmpeg -y -hide_banner -loglevel error -f rawvideo -pixel_format bgr24 -video_size 1920x1080 -framerate 23.976024 -i - -ss 342.415 -t 10.000 -i ../videos_raw/maramures_itw_fnxC5E_l9OU_0s-538s.mp4 -map 0:v:0 -map 1:a? -c:v libx264 -preset medium -crf 23 -pix_fmt yuv420p -r 25 -c:a copy -movflags +faststart -shortest ../videos_extracted/maramures_itw_fnxC5E_l9OU_0s-538s/014_000342.415.mp4
2026-08-16 21:34:20,528 SpawnProcess-5 INFO Loading detection cache: ../videos_detections/moldova_itw_5bM-D2mXxMA_77s-480s/detections.json
2026-08-16 21:34:21,183 SpawnProcess-5 INFO moldova_itw_5bM-D2mXxMA_77s-480s.mp4: duration=403.1s, samples=2014, tracks=2
2026-08-16 21:34:21,257 SpawnProcess-11 INFO Loading detection cache: ../videos_detections/moldova_itw_6ezNdBap9es_1288s-1528s/detections.json
2026-08-16 21:34:21,256 MainProcess ERROR Skipping cache: ../videos_detections/maramures_studio_O2zu3OxFqR8_1085s-1345s/detections.json
concurrent.futures.process._RemoteTraceback: 
"""
Traceback (most recent call last):
  File "/export/home/acs/stud/a/alicuriceanu/.conda/envs/dataset/lib/python3.12/concurrent/futures/process.py", line 264, in _process_worker
    r = call_item.fn(*call_item.args, **call_item.kwargs)
        ^^^^^^^^^^^^^^^^^^^^^^^^^^^^^^^^^^^^^^^^^^^^^^^^^
  File "/export/home/acs/stud/a/alicuriceanu/ro-av-deepfake/ro-av-deepfake-dataset/extractor/extract_clips_from_detections.py", line 148, in process_cache
    heuristic.extract_clip(video_path, clip_path, start, clip_duration, tracks, args.sample_fps, args.debug)
  File "/export/home/acs/stud/a/alicuriceanu/ro-av-deepfake/ro-av-deepfake-dataset/extractor/extract_simple_clips.py", line 546, in extract_clip
    raise RuntimeError(
RuntimeError: FFmpeg overlay encoding failed (exit code 134): [vost#0:0/libx264 @ 0x55dcfb0bcc80] Error submitting a packet to the muxer: Disk quota exceeded
[aost#0:1/copy @ 0x55dcfb0bba40] Error submitting a packet to the muxer: Disk quota exceeded
[out#0/mp4 @ 0x55dcfb064880] Error muxing a packet
[out#0/mp4 @ 0x55dcfb064880] Task finished with error code: -122 (Disk quota exceeded)
[out#0/mp4 @ 0x55dcfb064880] Terminating thread with return code -122 (Disk quota exceeded)
[out#0/mp4 @ 0x55dcfb064880] Error writing trailer: Disk quota exceeded
[out#0/mp4 @ 0x55dcfb064880] Error closing file: Disk quota exceeded
Command: ffmpeg -y -hide_banner -loglevel error -f rawvideo -pixel_format bgr24 -video_size 1920x1080 -framerate 50.000000 -i - -ss 169.800 -t 6.200 -i ../videos_raw/maramures_studio_O2zu3OxFqR8_1085s-1345s.mp4 -map 0:v:0 -map 1:a? -c:v libx264 -preset medium -crf 23 -pix_fmt yuv420p -r 25 -c:a copy -movflags +faststart -shortest ../videos_extracted/maramures_studio_O2zu3OxFqR8_1085s-1345s/004_000169.800.mp4
"""

The above exception was the direct cause of the following exception:

Traceback (most recent call last):
  File "/export/home/acs/stud/a/alicuriceanu/ro-av-deepfake/ro-av-deepfake-dataset/extractor/extract_clips_from_detections.py", line 196, in main
    clip_count += future.result()
                  ^^^^^^^^^^^^^^^
  File "/export/home/acs/stud/a/alicuriceanu/.conda/envs/dataset/lib/python3.12/concurrent/futures/_base.py", line 449, in result
    return self.__get_result()
           ^^^^^^^^^^^^^^^^^^^
  File "/export/home/acs/stud/a/alicuriceanu/.conda/envs/dataset/lib/python3.12/concurrent/futures/_base.py", line 401, in __get_result
    raise self._exception
RuntimeError: FFmpeg overlay encoding failed (exit code 134): [vost#0:0/libx264 @ 0x55dcfb0bcc80] Error submitting a packet to the muxer: Disk quota exceeded
[aost#0:1/copy @ 0x55dcfb0bba40] Error submitting a packet to the muxer: Disk quota exceeded
[out#0/mp4 @ 0x55dcfb064880] Error muxing a packet
[out#0/mp4 @ 0x55dcfb064880] Task finished with error code: -122 (Disk quota exceeded)
[out#0/mp4 @ 0x55dcfb064880] Terminating thread with return code -122 (Disk quota exceeded)
[out#0/mp4 @ 0x55dcfb064880] Error writing trailer: Disk quota exceeded
[out#0/mp4 @ 0x55dcfb064880] Error closing file: Disk quota exceeded
Command: ffmpeg -y -hide_banner -loglevel error -f rawvideo -pixel_format bgr24 -video_size 1920x1080 -framerate 50.000000 -i - -ss 169.800 -t 6.200 -i ../videos_raw/maramures_studio_O2zu3OxFqR8_1085s-1345s.mp4 -map 0:v:0 -map 1:a? -c:v libx264 -preset medium -crf 23 -pix_fmt yuv420p -r 25 -c:a copy -movflags +faststart -shortest ../videos_extracted/maramures_studio_O2zu3OxFqR8_1085s-1345s/004_000169.800.mp4
2026-08-16 21:34:21,852 SpawnProcess-11 INFO moldova_itw_6ezNdBap9es_1288s-1528s.mp4: duration=240.1s, samples=1200, tracks=7
2026-08-16 21:53:26,305 MainProcess INFO Starting 319 caches with 16 workers
2026-08-16 21:53:30,793 SpawnProcess-5 INFO Worker initialized
2026-08-16 21:53:30,794 SpawnProcess-5 INFO Loading detection cache: ../videos_detections/maramures_itw_-Whhys-_3qE_full/detections.json
2026-08-16 21:53:30,846 SpawnProcess-2 INFO Worker initialized
2026-08-16 21:53:30,848 SpawnProcess-2 INFO Loading detection cache: ../videos_detections/maramures_itw_5LliDRFbBOk_full/detections.json
2026-08-16 21:53:30,854 SpawnProcess-1 INFO Worker initialized
2026-08-16 21:53:30,855 SpawnProcess-1 INFO Loading detection cache: ../videos_detections/maramures_itw_JazkwF_o6qE_full/detections.json
2026-08-16 21:53:30,881 SpawnProcess-4 INFO Worker initialized
2026-08-16 21:53:30,882 SpawnProcess-4 INFO Loading detection cache: ../videos_detections/maramures_itw_NUkrggK2v9s_0s-257s/detections.json
2026-08-16 21:53:30,885 SpawnProcess-3 INFO Worker initialized
2026-08-16 21:53:30,886 SpawnProcess-3 INFO Loading detection cache: ../videos_detections/maramures_itw_PsnpON8qAuo_243s-460s/detections.json
2026-08-16 21:53:30,962 SpawnProcess-9 INFO Worker initialized
2026-08-16 21:53:30,963 SpawnProcess-9 INFO Loading detection cache: ../videos_detections/maramures_itw_PspxrrWCJPY_full/detections.json
2026-08-16 21:53:30,984 SpawnProcess-6 INFO Worker initialized
2026-08-16 21:53:30,986 SpawnProcess-6 INFO Loading detection cache: ../videos_detections/maramures_itw_fnxC5E_l9OU_0s-538s/detections.json
2026-08-16 21:53:31,025 SpawnProcess-10 INFO Worker initialized
2026-08-16 21:53:31,026 SpawnProcess-10 INFO Loading detection cache: ../videos_detections/maramures_itw_iZhuatRoCGY_full/detections.json
2026-08-16 21:53:31,050 SpawnProcess-8 INFO Worker initialized
2026-08-16 21:53:31,052 SpawnProcess-8 INFO Loading detection cache: ../videos_detections/maramures_itw_qE95s74bb5o_full/detections.json
2026-08-16 21:53:31,060 SpawnProcess-16 INFO Worker initialized
2026-08-16 21:53:31,061 SpawnProcess-16 INFO Loading detection cache: ../videos_detections/maramures_itw_s28vAJiSFUI_full/detections.json
2026-08-16 21:53:31,064 SpawnProcess-15 INFO Worker initialized
2026-08-16 21:53:31,065 SpawnProcess-15 INFO Loading detection cache: ../videos_detections/maramures_itw_sEbUYUAsuag_full/detections.json
2026-08-16 21:53:31,090 SpawnProcess-13 INFO Worker initialized
2026-08-16 21:53:31,092 SpawnProcess-13 INFO Loading detection cache: ../videos_detections/maramures_itw_tAEC4uIc3p0_full/detections.json
2026-08-16 21:53:31,091 SpawnProcess-11 INFO Worker initialized
2026-08-16 21:53:31,093 SpawnProcess-11 INFO Loading detection cache: ../videos_detections/maramures_studio_6ZMbTa975KM_69s-350s/detections.json
2026-08-16 21:53:31,096 SpawnProcess-14 INFO Worker initialized
2026-08-16 21:53:31,098 SpawnProcess-14 INFO Loading detection cache: ../videos_detections/maramures_studio_7CAWDWMnqfQ_74s-413s/detections.json
2026-08-16 21:53:31,102 SpawnProcess-7 INFO Worker initialized
2026-08-16 21:53:31,103 SpawnProcess-7 INFO Loading detection cache: ../videos_detections/maramures_studio_Ae_DVgq94iA_0s-360s/detections.json
2026-08-16 21:53:31,111 SpawnProcess-12 INFO Worker initialized
2026-08-16 21:53:31,112 SpawnProcess-12 INFO Loading detection cache: ../videos_detections/maramures_studio_BrqhuTzDAWk_0s-569s/detections.json
2026-08-16 21:53:31,226 SpawnProcess-13 INFO maramures_itw_tAEC4uIc3p0_full.mp4: duration=171.3s, samples=856, tracks=2
2026-08-16 21:53:31,227 SpawnProcess-16 INFO maramures_itw_s28vAJiSFUI_full.mp4: duration=227.0s, samples=1136, tracks=33
2026-08-16 21:53:31,230 SpawnProcess-10 INFO maramures_itw_iZhuatRoCGY_full.mp4: duration=257.7s, samples=1289, tracks=2
2026-08-16 21:53:31,232 SpawnProcess-4 INFO maramures_itw_NUkrggK2v9s_0s-257s.mp4: duration=257.0s, samples=1286, tracks=22
2026-08-16 21:53:31,233 SpawnProcess-3 INFO maramures_itw_PsnpON8qAuo_243s-460s.mp4: duration=217.1s, samples=1086, tracks=5
2026-08-16 21:53:31,233 SpawnProcess-2 INFO maramures_itw_5LliDRFbBOk_full.mp4: duration=239.2s, samples=1197, tracks=124
2026-08-16 21:53:31,235 SpawnProcess-15 INFO maramures_itw_sEbUYUAsuag_full.mp4: duration=414.7s, samples=2074, tracks=2
2026-08-16 21:53:31,236 SpawnProcess-11 INFO maramures_studio_6ZMbTa975KM_69s-350s.mp4: duration=281.2s, samples=1406, tracks=1
2026-08-16 21:53:31,259 SpawnProcess-14 INFO maramures_studio_7CAWDWMnqfQ_74s-413s.mp4: duration=339.1s, samples=1696, tracks=27
2026-08-16 21:53:31,268 SpawnProcess-1 INFO maramures_itw_JazkwF_o6qE_full.mp4: duration=206.1s, samples=1031, tracks=81
2026-08-16 21:53:31,269 SpawnProcess-7 INFO maramures_studio_Ae_DVgq94iA_0s-360s.mp4: duration=360.0s, samples=1801, tracks=28
2026-08-16 21:53:31,280 SpawnProcess-6 INFO maramures_itw_fnxC5E_l9OU_0s-538s.mp4: duration=538.1s, samples=2581, tracks=18
2026-08-16 21:53:31,282 SpawnProcess-5 INFO maramures_itw_-Whhys-_3qE_full.mp4: duration=410.4s, samples=2052, tracks=2
2026-08-16 21:53:31,289 SpawnProcess-8 INFO maramures_itw_qE95s74bb5o_full.mp4: duration=187.3s, samples=937, tracks=400
2026-08-16 21:53:31,314 SpawnProcess-12 INFO maramures_studio_BrqhuTzDAWk_0s-569s.mp4: duration=569.0s, samples=2846, tracks=13
2026-08-16 21:53:31,348 SpawnProcess-9 INFO maramures_itw_PspxrrWCJPY_full.mp4: duration=331.8s, samples=1659, tracks=19
2026-08-16 21:53:32,891 SpawnProcess-13 INFO maramures_itw_tAEC4uIc3p0_full.mp4: VAD found 46 speech intervals
2026-08-16 21:53:33,140 SpawnProcess-8 INFO maramures_itw_qE95s74bb5o_full.mp4: VAD found 22 speech intervals
2026-08-16 21:53:33,240 SpawnProcess-1 INFO maramures_itw_JazkwF_o6qE_full.mp4: VAD found 22 speech intervals
2026-08-16 21:53:33,273 SpawnProcess-3 INFO maramures_itw_PsnpON8qAuo_243s-460s.mp4: VAD found 20 speech intervals
2026-08-16 21:53:33,432 SpawnProcess-16 INFO maramures_itw_s28vAJiSFUI_full.mp4: VAD found 52 speech intervals
2026-08-16 21:53:33,544 SpawnProcess-2 INFO maramures_itw_5LliDRFbBOk_full.mp4: VAD found 18 speech intervals
2026-08-16 21:53:33,571 SpawnProcess-4 INFO maramures_itw_NUkrggK2v9s_0s-257s.mp4: VAD found 51 speech intervals
2026-08-16 21:53:33,843 SpawnProcess-10 INFO maramures_itw_iZhuatRoCGY_full.mp4: VAD found 48 speech intervals
2026-08-16 21:53:33,944 SpawnProcess-11 INFO maramures_studio_6ZMbTa975KM_69s-350s.mp4: VAD found 16 speech intervals
2026-08-16 21:53:34,335 SpawnProcess-14 INFO maramures_studio_7CAWDWMnqfQ_74s-413s.mp4: VAD found 62 speech intervals
2026-08-16 21:53:34,452 SpawnProcess-9 INFO maramures_itw_PspxrrWCJPY_full.mp4: VAD found 54 speech intervals
2026-08-16 21:53:34,660 SpawnProcess-7 INFO maramures_studio_Ae_DVgq94iA_0s-360s.mp4: VAD found 41 speech intervals
2026-08-16 21:53:35,143 SpawnProcess-15 INFO maramures_itw_sEbUYUAsuag_full.mp4: VAD found 28 speech intervals
2026-08-16 21:53:35,234 SpawnProcess-5 INFO maramures_itw_-Whhys-_3qE_full.mp4: VAD found 134 speech intervals
2026-08-16 21:53:36,493 SpawnProcess-6 INFO maramures_itw_fnxC5E_l9OU_0s-538s.mp4: VAD found 103 speech intervals
2026-08-16 21:53:36,964 SpawnProcess-12 INFO maramures_studio_BrqhuTzDAWk_0s-569s.mp4: VAD found 26 speech intervals
2026-08-16 21:53:59,024 SpawnProcess-16 INFO maramures_itw_s28vAJiSFUI_full.mp4: selected 7 clips
2026-08-16 21:53:59,026 SpawnProcess-16 INFO maramures_itw_s28vAJiSFUI_full.mp4: encoding clip 1/7 (57.400s to 65.000s)
2026-08-16 21:54:01,058 SpawnProcess-16 INFO maramures_itw_s28vAJiSFUI_full.mp4: encoding clip 2/7 (205.200s to 210.800s)
2026-08-16 21:54:02,827 SpawnProcess-16 INFO maramures_itw_s28vAJiSFUI_full.mp4: encoding clip 3/7 (111.000s to 117.400s)
2026-08-16 21:54:04,804 SpawnProcess-16 INFO maramures_itw_s28vAJiSFUI_full.mp4: encoding clip 4/7 (184.400s to 190.600s)
2026-08-16 21:54:07,145 SpawnProcess-16 INFO maramures_itw_s28vAJiSFUI_full.mp4: encoding clip 5/7 (85.000s to 90.000s)
2026-08-16 21:54:09,405 SpawnProcess-16 INFO maramures_itw_s28vAJiSFUI_full.mp4: encoding clip 6/7 (70.000s to 79.000s)
2026-08-16 21:54:12,111 SpawnProcess-16 INFO maramures_itw_s28vAJiSFUI_full.mp4: encoding clip 7/7 (93.800s to 99.000s)
2026-08-16 21:54:14,035 SpawnProcess-16 INFO maramures_itw_s28vAJiSFUI_full.mp4: completed
2026-08-16 21:54:14,043 SpawnProcess-16 INFO Loading detection cache: ../videos_detections/maramures_studio_CGO-xCSmciU_0s-243s/detections.json
2026-08-16 21:54:14,658 SpawnProcess-16 INFO maramures_studio_CGO-xCSmciU_0s-243s.mp4: duration=243.0s, samples=1216, tracks=3
2026-08-16 21:54:19,435 SpawnProcess-16 INFO maramures_studio_CGO-xCSmciU_0s-243s.mp4: VAD found 14 speech intervals
2026-08-16 21:55:48,027 MainProcess INFO Starting 319 caches with 16 workers
2026-08-16 21:55:52,364 SpawnProcess-3 INFO Worker initialized
2026-08-16 21:55:52,365 SpawnProcess-3 INFO Loading detection cache: ../videos_detections/maramures_itw_-Whhys-_3qE_full/detections.json
2026-08-16 21:55:52,413 SpawnProcess-5 INFO Worker initialized
2026-08-16 21:55:52,414 SpawnProcess-5 INFO Loading detection cache: ../videos_detections/maramures_itw_5LliDRFbBOk_full/detections.json
2026-08-16 21:55:52,457 SpawnProcess-2 INFO Worker initialized
2026-08-16 21:55:52,459 SpawnProcess-2 INFO Loading detection cache: ../videos_detections/maramures_itw_JazkwF_o6qE_full/detections.json
2026-08-16 21:55:52,485 SpawnProcess-7 INFO Worker initialized
2026-08-16 21:55:52,486 SpawnProcess-7 INFO Loading detection cache: ../videos_detections/maramures_itw_NUkrggK2v9s_0s-257s/detections.json
2026-08-16 21:55:52,540 SpawnProcess-3 INFO maramures_itw_-Whhys-_3qE_full.mp4: duration=410.4s, samples=2052, tracks=2
2026-08-16 21:55:52,603 SpawnProcess-5 INFO maramures_itw_5LliDRFbBOk_full.mp4: duration=239.2s, samples=1197, tracks=124
2026-08-16 21:55:52,617 SpawnProcess-2 INFO maramures_itw_JazkwF_o6qE_full.mp4: duration=206.1s, samples=1031, tracks=81
2026-08-16 21:55:52,626 SpawnProcess-7 INFO maramures_itw_NUkrggK2v9s_0s-257s.mp4: duration=257.0s, samples=1286, tracks=22
2026-08-16 21:55:52,671 SpawnProcess-14 INFO Worker initialized
2026-08-16 21:55:52,672 SpawnProcess-14 INFO Loading detection cache: ../videos_detections/maramures_itw_PsnpON8qAuo_243s-460s/detections.json
2026-08-16 21:55:52,675 SpawnProcess-8 INFO Worker initialized
2026-08-16 21:55:52,676 SpawnProcess-8 INFO Loading detection cache: ../videos_detections/maramures_itw_PspxrrWCJPY_full/detections.json
2026-08-16 21:55:52,707 SpawnProcess-4 INFO Worker initialized
2026-08-16 21:55:52,708 SpawnProcess-4 INFO Loading detection cache: ../videos_detections/maramures_itw_fnxC5E_l9OU_0s-538s/detections.json
2026-08-16 21:55:52,770 SpawnProcess-10 INFO Worker initialized
2026-08-16 21:55:52,772 SpawnProcess-10 INFO Loading detection cache: ../videos_detections/maramures_itw_iZhuatRoCGY_full/detections.json
2026-08-16 21:55:52,777 SpawnProcess-13 INFO Worker initialized
2026-08-16 21:55:52,777 SpawnProcess-11 INFO Worker initialized
2026-08-16 21:55:52,779 SpawnProcess-15 INFO Worker initialized
2026-08-16 21:55:52,779 SpawnProcess-13 INFO Loading detection cache: ../videos_detections/maramures_itw_s28vAJiSFUI_full/detections.json
2026-08-16 21:55:52,780 SpawnProcess-15 INFO Loading detection cache: ../videos_detections/maramures_itw_sEbUYUAsuag_full/detections.json
2026-08-16 21:55:52,783 SpawnProcess-9 INFO Worker initialized
2026-08-16 21:55:52,784 SpawnProcess-9 INFO Loading detection cache: ../videos_detections/maramures_itw_tAEC4uIc3p0_full/detections.json
2026-08-16 21:55:52,779 SpawnProcess-11 INFO Loading detection cache: ../videos_detections/maramures_itw_qE95s74bb5o_full/detections.json
2026-08-16 21:55:52,824 SpawnProcess-12 INFO Worker initialized
2026-08-16 21:55:52,826 SpawnProcess-12 INFO Loading detection cache: ../videos_detections/maramures_studio_6ZMbTa975KM_69s-350s/detections.json
2026-08-16 21:55:52,832 SpawnProcess-14 INFO maramures_itw_PsnpON8qAuo_243s-460s.mp4: duration=217.1s, samples=1086, tracks=5
2026-08-16 21:55:52,832 SpawnProcess-6 INFO Worker initialized
2026-08-16 21:55:52,833 SpawnProcess-6 INFO Loading detection cache: ../videos_detections/maramures_studio_7CAWDWMnqfQ_74s-413s/detections.json
2026-08-16 21:55:52,847 SpawnProcess-16 INFO Worker initialized
2026-08-16 21:55:52,848 SpawnProcess-16 INFO Loading detection cache: ../videos_detections/maramures_studio_Ae_DVgq94iA_0s-360s/detections.json
2026-08-16 21:55:52,863 SpawnProcess-1 INFO Worker initialized
2026-08-16 21:55:52,865 SpawnProcess-1 INFO Loading detection cache: ../videos_detections/maramures_studio_BrqhuTzDAWk_0s-569s/detections.json
2026-08-16 21:55:52,924 SpawnProcess-13 INFO maramures_itw_s28vAJiSFUI_full.mp4: duration=227.0s, samples=1136, tracks=33
2026-08-16 21:55:52,936 SpawnProcess-10 INFO maramures_itw_iZhuatRoCGY_full.mp4: duration=257.7s, samples=1289, tracks=2
2026-08-16 21:55:52,942 SpawnProcess-4 INFO maramures_itw_fnxC5E_l9OU_0s-538s.mp4: duration=538.1s, samples=2581, tracks=18
2026-08-16 21:55:52,950 SpawnProcess-9 INFO maramures_itw_tAEC4uIc3p0_full.mp4: duration=171.3s, samples=856, tracks=2
2026-08-16 21:55:52,965 SpawnProcess-15 INFO maramures_itw_sEbUYUAsuag_full.mp4: duration=414.7s, samples=2074, tracks=2
2026-08-16 21:55:52,993 SpawnProcess-12 INFO maramures_studio_6ZMbTa975KM_69s-350s.mp4: duration=281.2s, samples=1406, tracks=1
2026-08-16 21:55:52,997 SpawnProcess-8 INFO maramures_itw_PspxrrWCJPY_full.mp4: duration=331.8s, samples=1659, tracks=19
2026-08-16 21:55:53,016 SpawnProcess-6 INFO maramures_studio_7CAWDWMnqfQ_74s-413s.mp4: duration=339.1s, samples=1696, tracks=27
2026-08-16 21:55:53,028 SpawnProcess-16 INFO maramures_studio_Ae_DVgq94iA_0s-360s.mp4: duration=360.0s, samples=1801, tracks=28
2026-08-16 21:55:53,038 SpawnProcess-11 INFO maramures_itw_qE95s74bb5o_full.mp4: duration=187.3s, samples=937, tracks=400
2026-08-16 21:55:53,081 SpawnProcess-1 INFO maramures_studio_BrqhuTzDAWk_0s-569s.mp4: duration=569.0s, samples=2846, tracks=13
2026-08-16 21:55:54,536 SpawnProcess-2 INFO maramures_itw_JazkwF_o6qE_full.mp4: VAD found 22 speech intervals
2026-08-16 21:55:54,594 SpawnProcess-9 INFO maramures_itw_tAEC4uIc3p0_full.mp4: VAD found 46 speech intervals
2026-08-16 21:55:54,778 SpawnProcess-5 INFO maramures_itw_5LliDRFbBOk_full.mp4: VAD found 18 speech intervals
2026-08-16 21:55:54,920 SpawnProcess-11 INFO maramures_itw_qE95s74bb5o_full.mp4: VAD found 22 speech intervals
2026-08-16 21:55:54,931 SpawnProcess-14 INFO maramures_itw_PsnpON8qAuo_243s-460s.mp4: VAD found 20 speech intervals
2026-08-16 21:55:54,973 SpawnProcess-7 INFO maramures_itw_NUkrggK2v9s_0s-257s.mp4: VAD found 51 speech intervals
2026-08-16 21:55:55,158 SpawnProcess-13 INFO maramures_itw_s28vAJiSFUI_full.mp4: VAD found 52 speech intervals
2026-08-16 21:55:55,230 SpawnProcess-10 INFO maramures_itw_iZhuatRoCGY_full.mp4: VAD found 48 speech intervals
2026-08-16 21:55:55,770 SpawnProcess-12 INFO maramures_studio_6ZMbTa975KM_69s-350s.mp4: VAD found 16 speech intervals
2026-08-16 21:55:56,152 SpawnProcess-8 INFO maramures_itw_PspxrrWCJPY_full.mp4: VAD found 54 speech intervals
2026-08-16 21:55:56,264 SpawnProcess-3 INFO maramures_itw_-Whhys-_3qE_full.mp4: VAD found 134 speech intervals
2026-08-16 21:55:56,299 SpawnProcess-16 INFO maramures_studio_Ae_DVgq94iA_0s-360s.mp4: VAD found 41 speech intervals
2026-08-16 21:55:56,453 SpawnProcess-6 INFO maramures_studio_7CAWDWMnqfQ_74s-413s.mp4: VAD found 62 speech intervals
2026-08-16 21:55:56,949 SpawnProcess-15 INFO maramures_itw_sEbUYUAsuag_full.mp4: VAD found 28 speech intervals
2026-08-16 21:55:58,242 SpawnProcess-4 INFO maramures_itw_fnxC5E_l9OU_0s-538s.mp4: VAD found 103 speech intervals
2026-08-16 21:55:58,693 SpawnProcess-1 INFO maramures_studio_BrqhuTzDAWk_0s-569s.mp4: VAD found 26 speech intervals
2026-08-16 21:56:21,370 SpawnProcess-13 INFO maramures_itw_s28vAJiSFUI_full.mp4: selected 7 clips
2026-08-16 21:56:21,372 SpawnProcess-13 INFO maramures_itw_s28vAJiSFUI_full.mp4: encoding clip 1/7 (57.400s to 65.000s)
2026-08-16 21:56:23,447 SpawnProcess-13 INFO maramures_itw_s28vAJiSFUI_full.mp4: encoding clip 2/7 (205.200s to 210.800s)
2026-08-16 21:56:25,153 SpawnProcess-13 INFO maramures_itw_s28vAJiSFUI_full.mp4: encoding clip 3/7 (111.000s to 117.400s)
2026-08-16 21:56:27,387 SpawnProcess-13 INFO maramures_itw_s28vAJiSFUI_full.mp4: encoding clip 4/7 (184.400s to 190.600s)
2026-08-16 21:56:29,413 SpawnProcess-13 INFO maramures_itw_s28vAJiSFUI_full.mp4: encoding clip 5/7 (85.000s to 90.000s)
2026-08-16 21:56:31,437 SpawnProcess-13 INFO maramures_itw_s28vAJiSFUI_full.mp4: encoding clip 6/7 (70.000s to 79.000s)
2026-08-16 21:56:33,998 SpawnProcess-13 INFO maramures_itw_s28vAJiSFUI_full.mp4: encoding clip 7/7 (93.800s to 99.000s)
2026-08-16 21:56:36,177 SpawnProcess-13 INFO maramures_itw_s28vAJiSFUI_full.mp4: completed
2026-08-16 21:56:36,185 SpawnProcess-13 INFO Loading detection cache: ../videos_detections/maramures_studio_CGO-xCSmciU_0s-243s/detections.json
2026-08-16 21:56:36,530 SpawnProcess-13 INFO maramures_studio_CGO-xCSmciU_0s-243s.mp4: duration=243.0s, samples=1216, tracks=3
2026-08-16 21:56:40,852 SpawnProcess-13 INFO maramures_studio_CGO-xCSmciU_0s-243s.mp4: VAD found 14 speech intervals
2026-08-16 21:57:04,521 SpawnProcess-9 INFO maramures_itw_tAEC4uIc3p0_full.mp4: selected 4 clips
2026-08-16 21:57:04,531 SpawnProcess-9 INFO maramures_itw_tAEC4uIc3p0_full.mp4: encoding clip 1/4 (44.635s to 54.635s)
2026-08-16 21:57:15,852 SpawnProcess-9 INFO maramures_itw_tAEC4uIc3p0_full.mp4: encoding clip 2/4 (34.635s to 44.635s)
2026-08-16 21:57:26,628 SpawnProcess-9 INFO maramures_itw_tAEC4uIc3p0_full.mp4: encoding clip 3/4 (147.547s to 152.952s)
2026-08-16 21:57:29,458 SpawnProcess-14 INFO maramures_itw_PsnpON8qAuo_243s-460s.mp4: selected 14 clips
2026-08-16 21:57:29,464 SpawnProcess-14 INFO maramures_itw_PsnpON8qAuo_243s-460s.mp4: encoding clip 1/14 (0.000s to 10.000s)
2026-08-16 21:57:32,178 SpawnProcess-11 INFO maramures_itw_qE95s74bb5o_full.mp4: selected 13 clips
2026-08-16 21:57:32,182 SpawnProcess-11 INFO maramures_itw_qE95s74bb5o_full.mp4: encoding clip 1/13 (39.600s to 49.600s)
2026-08-16 21:57:34,165 SpawnProcess-9 INFO maramures_itw_tAEC4uIc3p0_full.mp4: encoding clip 4/4 (54.635s to 60.260s)
2026-08-16 21:57:35,170 SpawnProcess-3 INFO maramures_itw_-Whhys-_3qE_full.mp4: selected 6 clips
2026-08-16 21:57:35,182 SpawnProcess-3 INFO maramures_itw_-Whhys-_3qE_full.mp4: encoding clip 1/6 (28.600s to 38.600s)
2026-08-16 21:57:38,498 SpawnProcess-3 INFO maramures_itw_-Whhys-_3qE_full.mp4: encoding clip 2/6 (116.200s to 123.000s)
2026-08-16 21:57:40,736 SpawnProcess-2 INFO maramures_itw_JazkwF_o6qE_full.mp4: selected 3 clips
2026-08-16 21:57:40,744 SpawnProcess-2 INFO maramures_itw_JazkwF_o6qE_full.mp4: encoding clip 1/3 (98.000s to 108.000s)
2026-08-16 21:57:41,399 SpawnProcess-14 INFO maramures_itw_PsnpON8qAuo_243s-460s.mp4: encoding clip 2/14 (41.600s to 51.600s)
2026-08-16 21:57:41,412 SpawnProcess-9 INFO maramures_itw_tAEC4uIc3p0_full.mp4: completed
2026-08-16 21:57:41,424 SpawnProcess-9 INFO Loading detection cache: ../videos_detections/maramures_studio_KX1gzo32ChU_234s-409s/detections.json
2026-08-16 21:57:41,431 SpawnProcess-3 INFO maramures_itw_-Whhys-_3qE_full.mp4: encoding clip 3/6 (58.400s to 67.800s)
2026-08-16 21:57:41,812 SpawnProcess-9 INFO maramures_studio_KX1gzo32ChU_234s-409s.mp4: duration=175.2s, samples=876, tracks=15
2026-08-16 21:57:44,145 SpawnProcess-10 INFO maramures_itw_iZhuatRoCGY_full.mp4: selected 15 clips
2026-08-16 21:57:44,149 SpawnProcess-10 INFO maramures_itw_iZhuatRoCGY_full.mp4: encoding clip 1/15 (141.000s to 151.000s)
2026-08-16 21:57:44,675 SpawnProcess-3 INFO maramures_itw_-Whhys-_3qE_full.mp4: encoding clip 4/6 (68.800s to 78.800s)
2026-08-16 21:57:44,936 SpawnProcess-7 INFO maramures_itw_NUkrggK2v9s_0s-257s.mp4: selected 10 clips
2026-08-16 21:57:44,940 SpawnProcess-7 INFO maramures_itw_NUkrggK2v9s_0s-257s.mp4: encoding clip 1/10 (175.600s to 183.000s)
2026-08-16 21:57:45,697 SpawnProcess-9 INFO maramures_studio_KX1gzo32ChU_234s-409s.mp4: VAD found 16 speech intervals
2026-08-16 21:57:47,203 SpawnProcess-11 INFO maramures_itw_qE95s74bb5o_full.mp4: encoding clip 2/13 (141.200s to 151.200s)
2026-08-16 21:57:47,843 SpawnProcess-3 INFO maramures_itw_-Whhys-_3qE_full.mp4: encoding clip 5/6 (268.200s to 273.600s)
2026-08-16 21:57:50,403 SpawnProcess-2 INFO maramures_itw_JazkwF_o6qE_full.mp4: encoding clip 2/3 (88.000s to 98.000s)
2026-08-16 21:57:50,690 SpawnProcess-3 INFO maramures_itw_-Whhys-_3qE_full.mp4: encoding clip 6/6 (3.400s to 9.000s)
2026-08-16 21:57:52,729 SpawnProcess-14 INFO maramures_itw_PsnpON8qAuo_243s-460s.mp4: encoding clip 3/14 (137.000s to 147.000s)
2026-08-16 21:57:53,745 SpawnProcess-3 INFO maramures_itw_-Whhys-_3qE_full.mp4: completed
2026-08-16 21:57:53,754 SpawnProcess-3 INFO Loading detection cache: ../videos_detections/maramures_studio_MeWnuNtbg0g_143s-600s/detections.json
2026-08-16 21:57:54,340 SpawnProcess-3 INFO maramures_studio_MeWnuNtbg0g_143s-600s.mp4: duration=457.0s, samples=2286, tracks=5
2026-08-16 21:57:54,686 SpawnProcess-7 INFO maramures_itw_NUkrggK2v9s_0s-257s.mp4: encoding clip 2/10 (149.000s to 156.200s)
2026-08-16 21:57:54,718 SpawnProcess-10 INFO maramures_itw_iZhuatRoCGY_full.mp4: encoding clip 2/15 (94.800s to 104.800s)
2026-08-16 21:57:57,510 SpawnProcess-5 INFO maramures_itw_5LliDRFbBOk_full.mp4: selected 12 clips
2026-08-16 21:57:57,513 SpawnProcess-5 INFO maramures_itw_5LliDRFbBOk_full.mp4: encoding clip 1/12 (17.600s to 27.600s)
2026-08-16 21:58:00,150 SpawnProcess-2 INFO maramures_itw_JazkwF_o6qE_full.mp4: encoding clip 3/3 (108.000s to 118.000s)
2026-08-16 21:58:03,047 SpawnProcess-7 INFO maramures_itw_NUkrggK2v9s_0s-257s.mp4: encoding clip 3/10 (199.000s to 205.000s)
2026-08-16 21:58:03,309 SpawnProcess-11 INFO maramures_itw_qE95s74bb5o_full.mp4: encoding clip 3/13 (59.600s to 69.600s)
2026-08-16 21:58:03,720 SpawnProcess-14 INFO maramures_itw_PsnpON8qAuo_243s-460s.mp4: encoding clip 4/14 (127.000s to 137.000s)
2026-08-16 21:58:05,294 SpawnProcess-3 INFO maramures_studio_MeWnuNtbg0g_143s-600s.mp4: VAD found 18 speech intervals
2026-08-16 21:58:05,621 SpawnProcess-10 INFO maramures_itw_iZhuatRoCGY_full.mp4: encoding clip 3/15 (121.000s to 131.000s)
2026-08-16 21:58:09,673 SpawnProcess-2 INFO maramures_itw_JazkwF_o6qE_full.mp4: completed
2026-08-16 21:58:09,696 SpawnProcess-2 INFO Loading detection cache: ../videos_detections/maramures_studio_O2zu3OxFqR8_1085s-1345s/detections.json
2026-08-16 21:58:10,287 SpawnProcess-2 INFO maramures_studio_O2zu3OxFqR8_1085s-1345s.mp4: duration=260.0s, samples=1301, tracks=3
2026-08-16 21:58:10,393 SpawnProcess-5 INFO maramures_itw_5LliDRFbBOk_full.mp4: encoding clip 2/12 (230.200s to 237.800s)
2026-08-16 21:58:11,715 SpawnProcess-7 INFO maramures_itw_NUkrggK2v9s_0s-257s.mp4: encoding clip 4/10 (83.800s to 89.200s)
2026-08-16 21:58:14,273 SpawnProcess-14 INFO maramures_itw_PsnpON8qAuo_243s-460s.mp4: encoding clip 5/14 (167.600s to 177.600s)
2026-08-16 21:58:16,686 SpawnProcess-2 INFO maramures_studio_O2zu3OxFqR8_1085s-1345s.mp4: VAD found 11 speech intervals
2026-08-16 21:58:16,723 SpawnProcess-10 INFO maramures_itw_iZhuatRoCGY_full.mp4: encoding clip 4/15 (197.800s to 207.800s)
2026-08-16 21:58:17,577 SpawnProcess-11 INFO maramures_itw_qE95s74bb5o_full.mp4: encoding clip 4/13 (171.200s to 181.200s)
2026-08-16 21:58:18,696 SpawnProcess-7 INFO maramures_itw_NUkrggK2v9s_0s-257s.mp4: encoding clip 5/10 (62.400s to 72.400s)
2026-08-16 21:58:19,472 SpawnProcess-12 INFO maramures_studio_6ZMbTa975KM_69s-350s.mp4: selected 5 clips
2026-08-16 21:58:19,476 SpawnProcess-12 INFO maramures_studio_6ZMbTa975KM_69s-350s.mp4: encoding clip 1/5 (239.800s to 249.800s)
2026-08-16 21:58:20,859 SpawnProcess-5 INFO maramures_itw_5LliDRFbBOk_full.mp4: encoding clip 3/12 (153.400s to 160.600s)
2026-08-16 21:58:25,232 SpawnProcess-14 INFO maramures_itw_PsnpON8qAuo_243s-460s.mp4: encoding clip 6/14 (194.200s to 204.200s)
2026-08-16 21:58:28,444 SpawnProcess-10 INFO maramures_itw_iZhuatRoCGY_full.mp4: encoding clip 5/15 (207.800s to 217.800s)
2026-08-16 21:58:30,259 SpawnProcess-15 INFO maramures_itw_sEbUYUAsuag_full.mp4: selected 15 clips
2026-08-16 21:58:30,265 SpawnProcess-15 INFO maramures_itw_sEbUYUAsuag_full.mp4: encoding clip 1/15 (332.800s to 342.800s)
2026-08-16 21:58:31,119 SpawnProcess-7 INFO maramures_itw_NUkrggK2v9s_0s-257s.mp4: encoding clip 6/10 (189.000s to 199.000s)
2026-08-16 21:58:32,051 SpawnProcess-12 INFO maramures_studio_6ZMbTa975KM_69s-350s.mp4: encoding clip 2/5 (128.800s to 137.000s)
2026-08-16 21:58:32,800 SpawnProcess-5 INFO maramures_itw_5LliDRFbBOk_full.mp4: encoding clip 4/12 (120.000s to 130.000s)
2026-08-16 21:58:32,848 SpawnProcess-11 INFO maramures_itw_qE95s74bb5o_full.mp4: encoding clip 5/13 (88.400s to 96.000s)
2026-08-16 21:58:35,224 SpawnProcess-14 INFO maramures_itw_PsnpON8qAuo_243s-460s.mp4: encoding clip 7/14 (10.000s to 20.000s)
2026-08-16 21:58:36,154 SpawnProcess-15 INFO maramures_itw_sEbUYUAsuag_full.mp4: encoding clip 2/15 (342.800s to 352.800s)
2026-08-16 21:58:40,288 SpawnProcess-10 INFO maramures_itw_iZhuatRoCGY_full.mp4: encoding clip 6/15 (84.800s to 94.800s)
2026-08-16 21:58:42,280 SpawnProcess-7 INFO maramures_itw_NUkrggK2v9s_0s-257s.mp4: encoding clip 7/10 (139.000s to 149.000s)
2026-08-16 21:58:45,840 SpawnProcess-14 INFO maramures_itw_PsnpON8qAuo_243s-460s.mp4: encoding clip 8/14 (204.200s to 212.400s)
2026-08-16 21:58:46,237 SpawnProcess-11 INFO maramures_itw_qE95s74bb5o_full.mp4: encoding clip 6/13 (161.200s to 171.200s)
2026-08-16 21:58:46,867 SpawnProcess-15 INFO maramures_itw_sEbUYUAsuag_full.mp4: encoding clip 3/15 (191.800s to 201.800s)
2026-08-16 21:58:47,765 SpawnProcess-5 INFO maramures_itw_5LliDRFbBOk_full.mp4: encoding clip 5/12 (172.000s to 178.600s)
2026-08-16 21:58:47,776 SpawnProcess-12 INFO maramures_studio_6ZMbTa975KM_69s-350s.mp4: encoding clip 3/5 (259.800s to 269.800s)
2026-08-16 21:58:50,969 SpawnProcess-10 INFO maramures_itw_iZhuatRoCGY_full.mp4: encoding clip 7/15 (227.800s to 237.800s)
2026-08-16 21:58:54,538 SpawnProcess-14 INFO maramures_itw_PsnpON8qAuo_243s-460s.mp4: encoding clip 9/14 (177.600s to 184.800s)
2026-08-16 21:58:55,077 SpawnProcess-7 INFO maramures_itw_NUkrggK2v9s_0s-257s.mp4: encoding clip 8/10 (72.400s to 78.000s)
2026-08-16 21:58:55,814 SpawnProcess-15 INFO maramures_itw_sEbUYUAsuag_full.mp4: encoding clip 4/15 (373.800s to 383.800s)
2026-08-16 21:58:58,098 SpawnProcess-5 INFO maramures_itw_5LliDRFbBOk_full.mp4: encoding clip 6/12 (110.200s to 118.600s)
2026-08-16 21:58:59,324 SpawnProcess-11 INFO maramures_itw_qE95s74bb5o_full.mp4: encoding clip 7/13 (151.200s to 161.200s)
2026-08-16 21:59:01,109 SpawnProcess-12 INFO maramures_studio_6ZMbTa975KM_69s-350s.mp4: encoding clip 4/5 (197.200s to 207.200s)
2026-08-16 21:59:01,838 SpawnProcess-15 INFO maramures_itw_sEbUYUAsuag_full.mp4: encoding clip 5/15 (352.800s to 362.800s)
2026-08-16 21:59:02,424 SpawnProcess-14 INFO maramures_itw_PsnpON8qAuo_243s-460s.mp4: encoding clip 10/14 (65.800s to 71.200s)
2026-08-16 21:59:02,592 SpawnProcess-10 INFO maramures_itw_iZhuatRoCGY_full.mp4: encoding clip 8/15 (114.800s to 120.000s)
2026-08-16 21:59:03,534 SpawnProcess-7 INFO maramures_itw_NUkrggK2v9s_0s-257s.mp4: encoding clip 9/10 (167.800s to 174.400s)
2026-08-16 21:59:09,392 SpawnProcess-15 INFO maramures_itw_sEbUYUAsuag_full.mp4: encoding clip 6/15 (322.800s to 332.800s)
2026-08-16 21:59:10,713 SpawnProcess-16 INFO maramures_studio_Ae_DVgq94iA_0s-360s.mp4: selected 15 clips
2026-08-16 21:59:10,715 SpawnProcess-16 INFO maramures_studio_Ae_DVgq94iA_0s-360s.mp4: encoding clip 1/15 (201.600s to 209.000s)
2026-08-16 21:59:10,938 SpawnProcess-10 INFO maramures_itw_iZhuatRoCGY_full.mp4: encoding clip 9/15 (161.000s to 171.000s)
2026-08-16 21:59:11,224 SpawnProcess-14 INFO maramures_itw_PsnpON8qAuo_243s-460s.mp4: encoding clip 11/14 (185.800s to 191.800s)
2026-08-16 21:59:11,525 SpawnProcess-5 INFO maramures_itw_5LliDRFbBOk_full.mp4: encoding clip 7/12 (80.200s to 88.800s)
2026-08-16 21:59:13,758 SpawnProcess-11 INFO maramures_itw_qE95s74bb5o_full.mp4: encoding clip 8/13 (49.600s to 59.600s)
2026-08-16 21:59:14,289 SpawnProcess-12 INFO maramures_studio_6ZMbTa975KM_69s-350s.mp4: encoding clip 5/5 (109.800s to 115.600s)
2026-08-16 21:59:14,314 SpawnProcess-7 INFO maramures_itw_NUkrggK2v9s_0s-257s.mp4: encoding clip 10/10 (52.400s to 62.400s)
2026-08-16 21:59:15,588 SpawnProcess-15 INFO maramures_itw_sEbUYUAsuag_full.mp4: encoding clip 7/15 (393.800s to 403.800s)
2026-08-16 21:59:20,951 SpawnProcess-14 INFO maramures_itw_PsnpON8qAuo_243s-460s.mp4: encoding clip 12/14 (26.800s to 32.000s)
2026-08-16 21:59:21,006 SpawnProcess-16 INFO maramures_studio_Ae_DVgq94iA_0s-360s.mp4: encoding clip 2/15 (138.800s to 147.000s)
2026-08-16 21:59:22,852 SpawnProcess-15 INFO maramures_itw_sEbUYUAsuag_full.mp4: encoding clip 8/15 (150.800s to 160.800s)
2026-08-16 21:59:22,933 SpawnProcess-10 INFO maramures_itw_iZhuatRoCGY_full.mp4: encoding clip 10/15 (171.000s to 181.000s)
2026-08-16 21:59:24,626 SpawnProcess-5 INFO maramures_itw_5LliDRFbBOk_full.mp4: encoding clip 8/12 (55.000s to 65.000s)
2026-08-16 21:59:24,832 SpawnProcess-12 INFO maramures_studio_6ZMbTa975KM_69s-350s.mp4: completed
2026-08-16 21:59:24,853 SpawnProcess-12 INFO Loading detection cache: ../videos_detections/maramures_studio_OiW2QqVrSK8_46s-347s/detections.json
2026-08-16 21:59:25,999 SpawnProcess-7 INFO maramures_itw_NUkrggK2v9s_0s-257s.mp4: completed
2026-08-16 21:59:26,006 SpawnProcess-7 INFO Loading detection cache: ../videos_detections/maramures_studio_QdTq_r1UP8E_355s-784s/detections.json
2026-08-16 21:59:26,078 SpawnProcess-12 INFO maramures_studio_OiW2QqVrSK8_46s-347s.mp4: duration=301.1s, samples=1506, tracks=10
2026-08-16 21:59:26,730 SpawnProcess-7 INFO maramures_studio_QdTq_r1UP8E_355s-784s.mp4: duration=429.0s, samples=2146, tracks=1
2026-08-16 21:59:28,197 SpawnProcess-11 INFO maramures_itw_qE95s74bb5o_full.mp4: encoding clip 9/13 (120.200s to 129.000s)
2026-08-16 21:59:29,374 SpawnProcess-14 INFO maramures_itw_PsnpON8qAuo_243s-460s.mp4: encoding clip 13/14 (33.800s to 39.000s)
2026-08-16 21:59:29,883 SpawnProcess-15 INFO maramures_itw_sEbUYUAsuag_full.mp4: encoding clip 9/15 (221.800s to 231.800s)
2026-08-16 21:59:31,316 SpawnProcess-16 INFO maramures_studio_Ae_DVgq94iA_0s-360s.mp4: encoding clip 3/15 (348.800s to 355.000s)
2026-08-16 21:59:33,860 SpawnProcess-12 INFO maramures_studio_OiW2QqVrSK8_46s-347s.mp4: VAD found 29 speech intervals
2026-08-16 21:59:33,923 SpawnProcess-9 INFO maramures_studio_KX1gzo32ChU_234s-409s.mp4: selected 4 clips
2026-08-16 21:59:33,935 SpawnProcess-9 INFO maramures_studio_KX1gzo32ChU_234s-409s.mp4: encoding clip 1/4 (56.200s to 66.200s)
2026-08-16 21:59:35,141 SpawnProcess-10 INFO maramures_itw_iZhuatRoCGY_full.mp4: encoding clip 11/15 (131.000s to 141.000s)
2026-08-16 21:59:35,965 SpawnProcess-7 INFO maramures_studio_QdTq_r1UP8E_355s-784s.mp4: VAD found 32 speech intervals
2026-08-16 21:59:36,524 SpawnProcess-15 INFO maramures_itw_sEbUYUAsuag_full.mp4: encoding clip 10/15 (201.800s to 211.800s)
2026-08-16 21:59:37,728 SpawnProcess-14 INFO maramures_itw_PsnpON8qAuo_243s-460s.mp4: encoding clip 14/14 (147.000s to 154.600s)
2026-08-16 21:59:38,097 SpawnProcess-5 INFO maramures_itw_5LliDRFbBOk_full.mp4: encoding clip 9/12 (90.800s to 97.800s)
2026-08-16 21:59:40,760 SpawnProcess-11 INFO maramures_itw_qE95s74bb5o_full.mp4: encoding clip 10/13 (29.600s to 39.600s)
2026-08-16 21:59:42,508 SpawnProcess-16 INFO maramures_studio_Ae_DVgq94iA_0s-360s.mp4: encoding clip 4/15 (273.800s to 283.800s)
2026-08-16 21:59:43,013 SpawnProcess-15 INFO maramures_itw_sEbUYUAsuag_full.mp4: encoding clip 11/15 (291.800s to 301.800s)
2026-08-16 21:59:46,146 SpawnProcess-9 INFO maramures_studio_KX1gzo32ChU_234s-409s.mp4: encoding clip 2/4 (46.200s to 56.200s)
2026-08-16 21:59:46,426 SpawnProcess-14 INFO maramures_itw_PsnpON8qAuo_243s-460s.mp4: completed
2026-08-16 21:59:46,441 SpawnProcess-14 INFO Loading detection cache: ../videos_detections/maramures_studio_UYFQcvk7Lt0_0s-608s/detections.json
2026-08-16 21:59:47,081 SpawnProcess-10 INFO maramures_itw_iZhuatRoCGY_full.mp4: encoding clip 12/15 (187.800s to 196.000s)
2026-08-16 21:59:47,999 SpawnProcess-14 INFO maramures_studio_UYFQcvk7Lt0_0s-608s.mp4: duration=608.0s, samples=3041, tracks=46
2026-08-16 21:59:50,000 SpawnProcess-5 INFO maramures_itw_5LliDRFbBOk_full.mp4: encoding clip 10/12 (140.200s to 150.200s)
2026-08-16 21:59:51,332 SpawnProcess-15 INFO maramures_itw_sEbUYUAsuag_full.mp4: encoding clip 12/15 (312.800s to 322.800s)
2026-08-16 21:59:53,880 SpawnProcess-11 INFO maramures_itw_qE95s74bb5o_full.mp4: encoding clip 11/13 (74.200s to 84.200s)
2026-08-16 21:59:54,785 SpawnProcess-16 INFO maramures_studio_Ae_DVgq94iA_0s-360s.mp4: encoding clip 5/15 (226.600s to 234.800s)
2026-08-16 21:59:56,959 SpawnProcess-8 INFO maramures_itw_PspxrrWCJPY_full.mp4: selected 8 clips
2026-08-16 21:59:56,964 SpawnProcess-8 INFO maramures_itw_PspxrrWCJPY_full.mp4: encoding clip 1/8 (212.600s to 222.600s)
2026-08-16 21:59:57,491 SpawnProcess-15 INFO maramures_itw_sEbUYUAsuag_full.mp4: encoding clip 13/15 (271.800s to 281.800s)
2026-08-16 21:59:57,557 SpawnProcess-10 INFO maramures_itw_iZhuatRoCGY_full.mp4: encoding clip 13/15 (104.800s to 114.800s)
2026-08-16 22:00:00,059 SpawnProcess-9 INFO maramures_studio_KX1gzo32ChU_234s-409s.mp4: encoding clip 3/4 (0.000s to 10.000s)
2026-08-16 22:00:04,261 SpawnProcess-5 INFO maramures_itw_5LliDRFbBOk_full.mp4: encoding clip 11/12 (130.000s to 138.200s)
2026-08-16 22:00:05,024 SpawnProcess-14 INFO maramures_studio_UYFQcvk7Lt0_0s-608s.mp4: VAD found 54 speech intervals
2026-08-16 22:00:05,512 SpawnProcess-15 INFO maramures_itw_sEbUYUAsuag_full.mp4: encoding clip 14/15 (241.800s to 251.800s)
2026-08-16 22:00:06,436 SpawnProcess-16 INFO maramures_studio_Ae_DVgq94iA_0s-360s.mp4: encoding clip 6/15 (104.800s to 114.800s)
2026-08-16 22:00:07,242 SpawnProcess-11 INFO maramures_itw_qE95s74bb5o_full.mp4: encoding clip 12/13 (131.200s to 141.200s)
2026-08-16 22:00:09,382 SpawnProcess-10 INFO maramures_itw_iZhuatRoCGY_full.mp4: encoding clip 14/15 (151.000s to 161.000s)
2026-08-16 22:00:10,365 SpawnProcess-8 INFO maramures_itw_PspxrrWCJPY_full.mp4: encoding clip 2/8 (178.200s to 187.800s)
2026-08-16 22:00:10,981 SpawnProcess-15 INFO maramures_itw_sEbUYUAsuag_full.mp4: encoding clip 15/15 (403.800s to 413.800s)
2026-08-16 22:00:13,574 SpawnProcess-9 INFO maramures_studio_KX1gzo32ChU_234s-409s.mp4: encoding clip 4/4 (10.000s to 16.000s)
2026-08-16 22:00:16,595 SpawnProcess-15 INFO maramures_itw_sEbUYUAsuag_full.mp4: completed
2026-08-16 22:00:16,610 SpawnProcess-15 INFO Loading detection cache: ../videos_detections/maramures_studio_VZPYOn-KYKk_627s-794s/detections.json
2026-08-16 22:00:17,514 SpawnProcess-15 INFO maramures_studio_VZPYOn-KYKk_627s-794s.mp4: duration=167.1s, samples=836, tracks=8
2026-08-16 22:00:19,360 SpawnProcess-5 INFO maramures_itw_5LliDRFbBOk_full.mp4: encoding clip 12/12 (39.600s to 45.600s)
2026-08-16 22:00:19,813 SpawnProcess-16 INFO maramures_studio_Ae_DVgq94iA_0s-360s.mp4: encoding clip 7/15 (178.800s to 188.800s)
2026-08-16 22:00:21,064 SpawnProcess-15 INFO maramures_studio_VZPYOn-KYKk_627s-794s.mp4: VAD found 30 speech intervals
2026-08-16 22:00:22,129 SpawnProcess-11 INFO maramures_itw_qE95s74bb5o_full.mp4: encoding clip 13/13 (109.200s to 118.000s)
2026-08-16 22:00:22,164 SpawnProcess-9 INFO maramures_studio_KX1gzo32ChU_234s-409s.mp4: completed
2026-08-16 22:00:22,174 SpawnProcess-9 INFO Loading detection cache: ../videos_detections/maramures_studio_XrKgabRcDH4_1392s-1805s/detections.json
2026-08-16 22:00:22,219 SpawnProcess-8 INFO maramures_itw_PspxrrWCJPY_full.mp4: encoding clip 3/8 (144.400s to 152.200s)
2026-08-16 22:00:23,243 SpawnProcess-9 INFO maramures_studio_XrKgabRcDH4_1392s-1805s.mp4: duration=413.1s, samples=2066, tracks=8
2026-08-16 22:00:24,049 SpawnProcess-10 INFO maramures_itw_iZhuatRoCGY_full.mp4: encoding clip 15/15 (217.800s to 227.800s)
2026-08-16 22:00:28,988 SpawnProcess-5 INFO maramures_itw_5LliDRFbBOk_full.mp4: completed
2026-08-16 22:00:28,997 SpawnProcess-5 INFO Loading detection cache: ../videos_detections/maramures_studio_ZkWgk05ZNZs_105s-475s/detections.json
2026-08-16 22:00:29,889 SpawnProcess-5 INFO maramures_studio_ZkWgk05ZNZs_105s-475s.mp4: duration=370.1s, samples=1851, tracks=20
2026-08-16 22:00:31,119 SpawnProcess-8 INFO maramures_itw_PspxrrWCJPY_full.mp4: encoding clip 4/8 (136.000s to 143.000s)
2026-08-16 22:00:32,441 SpawnProcess-16 INFO maramures_studio_Ae_DVgq94iA_0s-360s.mp4: encoding clip 8/15 (283.800s to 293.800s)
2026-08-16 22:00:33,275 SpawnProcess-9 INFO maramures_studio_XrKgabRcDH4_1392s-1805s.mp4: VAD found 57 speech intervals
2026-08-16 22:00:33,353 SpawnProcess-11 INFO maramures_itw_qE95s74bb5o_full.mp4: completed
2026-08-16 22:00:33,383 SpawnProcess-11 INFO Loading detection cache: ../videos_detections/maramures_studio_cxrYZLp079c_136s-468s/detections.json
2026-08-16 22:00:33,968 SpawnProcess-11 INFO maramures_studio_cxrYZLp079c_136s-468s.mp4: duration=332.0s, samples=1660, tracks=1
2026-08-16 22:00:35,592 SpawnProcess-10 INFO maramures_itw_iZhuatRoCGY_full.mp4: completed
2026-08-16 22:00:35,598 SpawnProcess-10 INFO Loading detection cache: ../videos_detections/maramures_studio_ogkormSOuMI_full/detections.json
2026-08-16 22:00:36,245 SpawnProcess-10 INFO maramures_studio_ogkormSOuMI_full.mp4: duration=351.3s, samples=1757, tracks=2
2026-08-16 22:00:37,065 SpawnProcess-5 INFO maramures_studio_ZkWgk05ZNZs_105s-475s.mp4: VAD found 26 speech intervals
2026-08-16 22:00:39,734 SpawnProcess-8 INFO maramures_itw_PspxrrWCJPY_full.mp4: encoding clip 5/8 (91.400s to 99.200s)
2026-08-16 22:00:40,956 SpawnProcess-11 INFO maramures_studio_cxrYZLp079c_136s-468s.mp4: VAD found 34 speech intervals
2026-08-16 22:00:41,786 SpawnProcess-16 INFO maramures_studio_Ae_DVgq94iA_0s-360s.mp4: encoding clip 9/15 (191.600s to 201.600s)
2026-08-16 22:00:43,579 SpawnProcess-10 INFO maramures_studio_ogkormSOuMI_full.mp4: VAD found 37 speech intervals
2026-08-16 22:00:48,928 SpawnProcess-8 INFO maramures_itw_PspxrrWCJPY_full.mp4: encoding clip 6/8 (113.800s to 119.600s)
2026-08-16 22:00:52,144 SpawnProcess-16 INFO maramures_studio_Ae_DVgq94iA_0s-360s.mp4: encoding clip 10/15 (148.800s to 158.800s)
2026-08-16 22:00:56,132 SpawnProcess-8 INFO maramures_itw_PspxrrWCJPY_full.mp4: encoding clip 7/8 (270.400s to 275.400s)
2026-08-16 22:00:57,262 SpawnProcess-13 INFO maramures_studio_CGO-xCSmciU_0s-243s.mp4: selected 11 clips
2026-08-16 22:00:57,265 SpawnProcess-13 INFO maramures_studio_CGO-xCSmciU_0s-243s.mp4: encoding clip 1/11 (136.600s to 143.400s)
2026-08-16 22:01:02,519 SpawnProcess-16 INFO maramures_studio_Ae_DVgq94iA_0s-360s.mp4: encoding clip 11/15 (71.800s to 81.800s)
2026-08-16 22:01:02,860 SpawnProcess-8 INFO maramures_itw_PspxrrWCJPY_full.mp4: encoding clip 8/8 (12.000s to 17.600s)
2026-08-16 22:01:10,409 SpawnProcess-8 INFO maramures_itw_PspxrrWCJPY_full.mp4: completed
2026-08-16 22:01:10,429 SpawnProcess-8 INFO Loading detection cache: ../videos_detections/maramures_studio_rNlA--EuG-Y_110s-390s/detections.json
2026-08-16 22:01:11,009 SpawnProcess-8 INFO maramures_studio_rNlA--EuG-Y_110s-390s.mp4: duration=280.0s, samples=1401, tracks=23
2026-08-16 22:01:11,459 SpawnProcess-13 INFO maramures_studio_CGO-xCSmciU_0s-243s.mp4: encoding clip 2/11 (173.800s to 183.800s)
2026-08-16 22:01:13,202 SpawnProcess-16 INFO maramures_studio_Ae_DVgq94iA_0s-360s.mp4: encoding clip 12/15 (61.800s to 71.800s)
2026-08-16 22:01:16,497 SpawnProcess-8 INFO maramures_studio_rNlA--EuG-Y_110s-390s.mp4: VAD found 41 speech intervals
2026-08-16 22:01:23,180 SpawnProcess-16 INFO maramures_studio_Ae_DVgq94iA_0s-360s.mp4: encoding clip 13/15 (94.800s to 104.800s)
2026-08-16 22:01:29,174 SpawnProcess-6 INFO maramures_studio_7CAWDWMnqfQ_74s-413s.mp4: selected 15 clips
2026-08-16 22:01:29,178 SpawnProcess-6 INFO maramures_studio_7CAWDWMnqfQ_74s-413s.mp4: encoding clip 1/15 (10.000s to 20.000s)
2026-08-16 22:01:30,949 SpawnProcess-13 INFO maramures_studio_CGO-xCSmciU_0s-243s.mp4: encoding clip 3/11 (149.800s to 156.000s)
2026-08-16 22:01:33,379 SpawnProcess-16 INFO maramures_studio_Ae_DVgq94iA_0s-360s.mp4: encoding clip 14/15 (295.800s to 305.800s)
2026-08-16 22:01:42,106 SpawnProcess-4 INFO maramures_itw_fnxC5E_l9OU_0s-538s.mp4: selected 15 clips
2026-08-16 22:01:42,107 SpawnProcess-4 INFO maramures_itw_fnxC5E_l9OU_0s-538s.mp4: encoding clip 1/15 (70.904s to 80.904s)
2026-08-16 22:01:43,052 SpawnProcess-16 INFO maramures_studio_Ae_DVgq94iA_0s-360s.mp4: encoding clip 15/15 (84.800s to 94.800s)
2026-08-16 22:01:44,027 SpawnProcess-13 INFO maramures_studio_CGO-xCSmciU_0s-243s.mp4: encoding clip 4/11 (183.800s to 193.800s)
2026-08-16 22:01:46,436 SpawnProcess-6 INFO maramures_studio_7CAWDWMnqfQ_74s-413s.mp4: encoding clip 2/15 (306.400s to 316.400s)
2026-08-16 22:01:51,934 SpawnProcess-4 INFO maramures_itw_fnxC5E_l9OU_0s-538s.mp4: encoding clip 2/15 (0.000s to 5.205s)
2026-08-16 22:01:52,612 SpawnProcess-16 INFO maramures_studio_Ae_DVgq94iA_0s-360s.mp4: completed
2026-08-16 22:01:52,626 SpawnProcess-16 INFO Loading detection cache: ../videos_detections/maramures_studio_yMNojwI9qCM_555s-800s/detections.json
2026-08-16 22:01:53,800 SpawnProcess-16 INFO maramures_studio_yMNojwI9qCM_555s-800s.mp4: duration=245.1s, samples=1226, tracks=9
2026-08-16 22:01:57,952 SpawnProcess-4 INFO maramures_itw_fnxC5E_l9OU_0s-538s.mp4: encoding clip 3/15 (172.047s to 178.295s)
2026-08-16 22:01:59,267 SpawnProcess-16 INFO maramures_studio_yMNojwI9qCM_555s-800s.mp4: VAD found 6 speech intervals
2026-08-16 22:02:03,406 SpawnProcess-13 INFO maramures_studio_CGO-xCSmciU_0s-243s.mp4: encoding clip 5/11 (125.600s to 135.400s)
2026-08-16 22:02:04,405 SpawnProcess-6 INFO maramures_studio_7CAWDWMnqfQ_74s-413s.mp4: encoding clip 3/15 (87.200s to 97.200s)
2026-08-16 22:02:05,156 SpawnProcess-4 INFO maramures_itw_fnxC5E_l9OU_0s-538s.mp4: encoding clip 4/15 (21.897s to 31.897s)
2026-08-16 22:02:15,844 SpawnProcess-4 INFO maramures_itw_fnxC5E_l9OU_0s-538s.mp4: encoding clip 5/15 (240.230s to 250.230s)
2026-08-16 22:02:22,751 SpawnProcess-13 INFO maramures_studio_CGO-xCSmciU_0s-243s.mp4: encoding clip 6/11 (77.800s to 87.800s)
2026-08-16 22:02:25,229 SpawnProcess-6 INFO maramures_studio_7CAWDWMnqfQ_74s-413s.mp4: encoding clip 4/15 (233.400s to 243.400s)
2026-08-16 22:02:26,454 SpawnProcess-4 INFO maramures_itw_fnxC5E_l9OU_0s-538s.mp4: encoding clip 6/15 (250.230s to 260.230s)
2026-08-16 22:02:32,728 SpawnProcess-10 INFO maramures_studio_ogkormSOuMI_full.mp4: selected 15 clips
2026-08-16 22:02:32,732 SpawnProcess-10 INFO maramures_studio_ogkormSOuMI_full.mp4: encoding clip 1/15 (225.200s to 234.800s)
2026-08-16 22:02:37,295 SpawnProcess-10 INFO maramures_studio_ogkormSOuMI_full.mp4: encoding clip 2/15 (79.800s to 85.000s)
2026-08-16 22:02:37,677 SpawnProcess-4 INFO maramures_itw_fnxC5E_l9OU_0s-538s.mp4: encoding clip 7/15 (270.230s to 280.230s)
2026-08-16 22:02:40,800 SpawnProcess-10 INFO maramures_studio_ogkormSOuMI_full.mp4: encoding clip 3/15 (126.800s to 136.800s)
2026-08-16 22:02:45,571 SpawnProcess-13 INFO maramures_studio_CGO-xCSmciU_0s-243s.mp4: encoding clip 7/11 (161.400s to 168.000s)
2026-08-16 22:02:45,612 SpawnProcess-10 INFO maramures_studio_ogkormSOuMI_full.mp4: encoding clip 4/15 (330.600s to 340.600s)
2026-08-16 22:02:46,826 SpawnProcess-6 INFO maramures_studio_7CAWDWMnqfQ_74s-413s.mp4: encoding clip 5/15 (195.200s to 205.200s)
2026-08-16 22:02:50,051 SpawnProcess-4 INFO maramures_itw_fnxC5E_l9OU_0s-538s.mp4: encoding clip 8/15 (202.692s to 212.692s)
2026-08-16 22:02:50,172 SpawnProcess-10 INFO maramures_studio_ogkormSOuMI_full.mp4: encoding clip 5/15 (97.800s to 107.800s)
2026-08-16 22:02:51,080 SpawnProcess-2 INFO maramures_studio_O2zu3OxFqR8_1085s-1345s.mp4: selected 15 clips
2026-08-16 22:02:51,084 SpawnProcess-2 INFO maramures_studio_O2zu3OxFqR8_1085s-1345s.mp4: encoding clip 1/15 (12.000s to 17.800s)
2026-08-16 22:02:54,242 SpawnProcess-10 INFO maramures_studio_ogkormSOuMI_full.mp4: encoding clip 6/15 (107.800s to 117.800s)
2026-08-16 22:02:59,761 SpawnProcess-10 INFO maramures_studio_ogkormSOuMI_full.mp4: encoding clip 7/15 (57.800s to 66.800s)
2026-08-16 22:03:02,257 SpawnProcess-13 INFO maramures_studio_CGO-xCSmciU_0s-243s.mp4: encoding clip 8/11 (227.800s to 237.400s)
2026-08-16 22:03:02,715 SpawnProcess-4 INFO maramures_itw_fnxC5E_l9OU_0s-538s.mp4: encoding clip 9/15 (299.466s to 309.466s)
2026-08-16 22:03:04,118 SpawnProcess-10 INFO maramures_studio_ogkormSOuMI_full.mp4: encoding clip 8/15 (141.800s to 151.800s)
2026-08-16 22:03:05,217 SpawnProcess-15 INFO maramures_studio_VZPYOn-KYKk_627s-794s.mp4: selected 10 clips
2026-08-16 22:03:05,221 SpawnProcess-15 INFO maramures_studio_VZPYOn-KYKk_627s-794s.mp4: encoding clip 1/10 (64.400s to 72.400s)
2026-08-16 22:03:06,638 SpawnProcess-2 INFO maramures_studio_O2zu3OxFqR8_1085s-1345s.mp4: encoding clip 2/15 (193.800s to 199.800s)
2026-08-16 22:03:08,430 SpawnProcess-10 INFO maramures_studio_ogkormSOuMI_full.mp4: encoding clip 9/15 (247.800s to 257.800s)
2026-08-16 22:03:08,484 SpawnProcess-6 INFO maramures_studio_7CAWDWMnqfQ_74s-413s.mp4: encoding clip 6/15 (172.000s to 182.000s)
2026-08-16 22:03:12,986 SpawnProcess-10 INFO maramures_studio_ogkormSOuMI_full.mp4: encoding clip 10/15 (151.800s to 161.800s)
2026-08-16 22:03:15,325 SpawnProcess-4 INFO maramures_itw_fnxC5E_l9OU_0s-538s.mp4: encoding clip 10/15 (230.230s to 240.230s)
2026-08-16 22:03:17,710 SpawnProcess-10 INFO maramures_studio_ogkormSOuMI_full.mp4: encoding clip 11/15 (87.800s to 97.800s)
2026-08-16 22:03:22,253 SpawnProcess-10 INFO maramures_studio_ogkormSOuMI_full.mp4: encoding clip 12/15 (237.800s to 247.800s)
2026-08-16 22:03:22,423 SpawnProcess-2 INFO maramures_studio_O2zu3OxFqR8_1085s-1345s.mp4: encoding clip 3/15 (219.800s to 226.000s)
2026-08-16 22:03:25,337 SpawnProcess-13 INFO maramures_studio_CGO-xCSmciU_0s-243s.mp4: encoding clip 9/11 (54.000s to 61.800s)
2026-08-16 22:03:25,847 SpawnProcess-15 INFO maramures_studio_VZPYOn-KYKk_627s-794s.mp4: encoding clip 2/10 (4.000s to 14.000s)
2026-08-16 22:03:26,629 SpawnProcess-10 INFO maramures_studio_ogkormSOuMI_full.mp4: encoding clip 13/15 (277.200s to 287.200s)
2026-08-16 22:03:28,295 SpawnProcess-4 INFO maramures_itw_fnxC5E_l9OU_0s-538s.mp4: encoding clip 11/15 (332.415s to 342.415s)
2026-08-16 22:03:29,939 SpawnProcess-6 INFO maramures_studio_7CAWDWMnqfQ_74s-413s.mp4: encoding clip 7/15 (0.000s to 10.000s)
2026-08-16 22:03:31,311 SpawnProcess-10 INFO maramures_studio_ogkormSOuMI_full.mp4: encoding clip 14/15 (177.800s to 187.800s)
2026-08-16 22:03:36,202 SpawnProcess-10 INFO maramures_studio_ogkormSOuMI_full.mp4: encoding clip 15/15 (12.800s to 20.400s)
2026-08-16 22:03:38,980 SpawnProcess-2 INFO maramures_studio_O2zu3OxFqR8_1085s-1345s.mp4: encoding clip 4/15 (137.800s to 143.800s)
2026-08-16 22:03:40,039 SpawnProcess-10 INFO maramures_studio_ogkormSOuMI_full.mp4: completed
2026-08-16 22:03:40,048 SpawnProcess-10 INFO Loading detection cache: ../videos_detections/moldova_itw_2p0a7QigMjU_full/detections.json
2026-08-16 22:03:40,715 SpawnProcess-10 INFO moldova_itw_2p0a7QigMjU_full.mp4: duration=140.0s, samples=700, tracks=126
2026-08-16 22:03:41,734 SpawnProcess-4 INFO maramures_itw_fnxC5E_l9OU_0s-538s.mp4: encoding clip 12/15 (120.527s to 130.527s)
2026-08-16 22:03:43,018 SpawnProcess-13 INFO maramures_studio_CGO-xCSmciU_0s-243s.mp4: encoding clip 10/11 (193.800s to 203.800s)
2026-08-16 22:03:44,453 SpawnProcess-10 INFO moldova_itw_2p0a7QigMjU_full.mp4: VAD found 8 speech intervals
2026-08-16 22:03:48,811 SpawnProcess-15 INFO maramures_studio_VZPYOn-KYKk_627s-794s.mp4: encoding clip 3/10 (115.000s to 122.400s)
2026-08-16 22:03:51,179 SpawnProcess-6 INFO maramures_studio_7CAWDWMnqfQ_74s-413s.mp4: encoding clip 8/15 (249.200s to 259.200s)
2026-08-16 22:03:53,244 SpawnProcess-4 INFO maramures_itw_fnxC5E_l9OU_0s-538s.mp4: encoding clip 13/15 (90.904s to 100.904s)
2026-08-16 22:03:55,066 SpawnProcess-2 INFO maramures_studio_O2zu3OxFqR8_1085s-1345s.mp4: encoding clip 5/15 (169.800s to 176.000s)
2026-08-16 22:04:07,208 SpawnProcess-4 INFO maramures_itw_fnxC5E_l9OU_0s-538s.mp4: encoding clip 14/15 (192.692s to 202.692s)
2026-08-16 22:04:07,763 SpawnProcess-15 INFO maramures_studio_VZPYOn-KYKk_627s-794s.mp4: encoding clip 4/10 (73.400s to 83.400s)
2026-08-16 22:04:08,177 SpawnProcess-13 INFO maramures_studio_CGO-xCSmciU_0s-243s.mp4: encoding clip 11/11 (87.800s to 94.800s)
2026-08-16 22:04:10,944 SpawnProcess-2 INFO maramures_studio_O2zu3OxFqR8_1085s-1345s.mp4: encoding clip 6/15 (251.800s to 259.800s)
2026-08-16 22:04:13,444 SpawnProcess-6 INFO maramures_studio_7CAWDWMnqfQ_74s-413s.mp4: encoding clip 9/15 (316.400s to 326.400s)
2026-08-16 22:04:19,508 SpawnProcess-4 INFO maramures_itw_fnxC5E_l9OU_0s-538s.mp4: encoding clip 15/15 (342.415s to 352.415s)
2026-08-16 22:04:26,319 SpawnProcess-13 INFO maramures_studio_CGO-xCSmciU_0s-243s.mp4: completed
2026-08-16 22:04:26,398 SpawnProcess-13 INFO Loading detection cache: ../videos_detections/moldova_itw_2xN7A_3r-Dc_full/detections.json
2026-08-16 22:04:27,328 SpawnProcess-13 INFO moldova_itw_2xN7A_3r-Dc_full.mp4: duration=84.7s, samples=406, tracks=1
2026-08-16 22:04:30,151 SpawnProcess-13 INFO moldova_itw_2xN7A_3r-Dc_full.mp4: VAD found 10 speech intervals
2026-08-16 22:04:31,136 SpawnProcess-15 INFO maramures_studio_VZPYOn-KYKk_627s-794s.mp4: encoding clip 5/10 (34.000s to 41.800s)
2026-08-16 22:04:31,784 SpawnProcess-4 INFO maramures_itw_fnxC5E_l9OU_0s-538s.mp4: completed
2026-08-16 22:04:31,805 SpawnProcess-4 INFO Loading detection cache: ../videos_detections/moldova_itw_4flnid90qrE_full/detections.json
2026-08-16 22:04:31,983 SpawnProcess-2 INFO maramures_studio_O2zu3OxFqR8_1085s-1345s.mp4: encoding clip 7/15 (227.000s to 232.600s)
2026-08-16 22:04:32,315 SpawnProcess-4 INFO moldova_itw_4flnid90qrE_full.mp4: duration=229.3s, samples=1147, tracks=26
2026-08-16 22:04:35,721 SpawnProcess-6 INFO maramures_studio_7CAWDWMnqfQ_74s-413s.mp4: encoding clip 10/15 (61.600s to 71.600s)
2026-08-16 22:04:37,256 SpawnProcess-4 INFO moldova_itw_4flnid90qrE_full.mp4: VAD found 57 speech intervals
2026-08-16 22:04:46,777 SpawnProcess-2 INFO maramures_studio_O2zu3OxFqR8_1085s-1345s.mp4: encoding clip 8/15 (113.400s to 120.400s)
2026-08-16 22:04:49,170 SpawnProcess-15 INFO maramures_studio_VZPYOn-KYKk_627s-794s.mp4: encoding clip 6/10 (128.200s to 135.600s)
2026-08-16 22:04:50,751 SpawnProcess-12 INFO maramures_studio_OiW2QqVrSK8_46s-347s.mp4: selected 15 clips
2026-08-16 22:04:50,752 SpawnProcess-12 INFO maramures_studio_OiW2QqVrSK8_46s-347s.mp4: encoding clip 1/15 (177.800s to 187.800s)
2026-08-16 22:04:55,962 SpawnProcess-6 INFO maramures_studio_7CAWDWMnqfQ_74s-413s.mp4: encoding clip 11/15 (123.200s to 133.200s)
2026-08-16 22:05:03,989 SpawnProcess-2 INFO maramures_studio_O2zu3OxFqR8_1085s-1345s.mp4: encoding clip 9/15 (149.800s to 155.000s)
2026-08-16 22:05:08,515 SpawnProcess-15 INFO maramures_studio_VZPYOn-KYKk_627s-794s.mp4: encoding clip 7/10 (24.000s to 34.000s)
2026-08-16 22:05:10,027 SpawnProcess-12 INFO maramures_studio_OiW2QqVrSK8_46s-347s.mp4: encoding clip 2/15 (85.800s to 94.000s)
2026-08-16 22:05:16,706 SpawnProcess-6 INFO maramures_studio_7CAWDWMnqfQ_74s-413s.mp4: encoding clip 12/15 (20.000s to 30.000s)
2026-08-16 22:05:19,969 SpawnProcess-2 INFO maramures_studio_O2zu3OxFqR8_1085s-1345s.mp4: encoding clip 10/15 (213.200s to 218.200s)
2026-08-16 22:05:29,139 SpawnProcess-12 INFO maramures_studio_OiW2QqVrSK8_46s-347s.mp4: encoding clip 3/15 (65.800s to 75.800s)
2026-08-16 22:05:31,112 SpawnProcess-1 INFO maramures_studio_BrqhuTzDAWk_0s-569s.mp4: selected 15 clips
2026-08-16 22:05:31,114 SpawnProcess-1 INFO maramures_studio_BrqhuTzDAWk_0s-569s.mp4: encoding clip 1/15 (451.200s to 457.400s)
2026-08-16 22:05:33,588 SpawnProcess-15 INFO maramures_studio_VZPYOn-KYKk_627s-794s.mp4: encoding clip 8/10 (14.000s to 24.000s)
2026-08-16 22:05:36,553 SpawnProcess-2 INFO maramures_studio_O2zu3OxFqR8_1085s-1345s.mp4: encoding clip 11/15 (125.800s to 132.600s)
2026-08-16 22:05:38,434 SpawnProcess-6 INFO maramures_studio_7CAWDWMnqfQ_74s-413s.mp4: encoding clip 13/15 (182.000s to 192.000s)
2026-08-16 22:05:38,512 SpawnProcess-13 INFO moldova_itw_2xN7A_3r-Dc_full.mp4: selected 5 clips
2026-08-16 22:05:38,516 SpawnProcess-13 INFO moldova_itw_2xN7A_3r-Dc_full.mp4: encoding clip 1/5 (66.525s to 75.067s)
2026-08-16 22:05:46,065 SpawnProcess-1 INFO maramures_studio_BrqhuTzDAWk_0s-569s.mp4: encoding clip 2/15 (488.400s to 498.400s)
2026-08-16 22:05:48,059 SpawnProcess-12 INFO maramures_studio_OiW2QqVrSK8_46s-347s.mp4: encoding clip 4/15 (146.000s to 152.000s)
2026-08-16 22:05:52,627 SpawnProcess-4 INFO moldova_itw_4flnid90qrE_full.mp4: selected 15 clips
2026-08-16 22:05:52,632 SpawnProcess-4 INFO moldova_itw_4flnid90qrE_full.mp4: encoding clip 1/15 (167.800s to 177.800s)
2026-08-16 22:05:52,909 SpawnProcess-13 INFO moldova_itw_2xN7A_3r-Dc_full.mp4: encoding clip 2/5 (21.688s to 31.688s)
2026-08-16 22:05:55,649 SpawnProcess-2 INFO maramures_studio_O2zu3OxFqR8_1085s-1345s.mp4: encoding clip 12/15 (63.400s to 70.000s)
2026-08-16 22:05:56,170 SpawnProcess-4 INFO moldova_itw_4flnid90qrE_full.mp4: encoding clip 2/15 (105.400s to 115.400s)
2026-08-16 22:05:57,784 SpawnProcess-6 INFO maramures_studio_7CAWDWMnqfQ_74s-413s.mp4: encoding clip 14/15 (223.400s to 233.400s)
2026-08-16 22:05:59,058 SpawnProcess-4 INFO moldova_itw_4flnid90qrE_full.mp4: encoding clip 3/15 (135.800s to 145.600s)
2026-08-16 22:06:01,241 SpawnProcess-15 INFO maramures_studio_VZPYOn-KYKk_627s-794s.mp4: encoding clip 9/10 (83.400s to 90.000s)
2026-08-16 22:06:01,919 SpawnProcess-12 INFO maramures_studio_OiW2QqVrSK8_46s-347s.mp4: encoding clip 5/15 (136.000s to 146.000s)
2026-08-16 22:06:02,559 SpawnProcess-4 INFO moldova_itw_4flnid90qrE_full.mp4: encoding clip 4/15 (73.400s to 81.400s)
2026-08-16 22:06:05,885 SpawnProcess-4 INFO moldova_itw_4flnid90qrE_full.mp4: encoding clip 5/15 (207.200s to 214.800s)
2026-08-16 22:06:06,947 SpawnProcess-13 INFO moldova_itw_2xN7A_3r-Dc_full.mp4: encoding clip 3/5 (31.688s to 38.571s)
2026-08-16 22:06:09,965 SpawnProcess-4 INFO moldova_itw_4flnid90qrE_full.mp4: encoding clip 6/15 (177.800s to 186.000s)
2026-08-16 22:06:12,747 SpawnProcess-4 INFO moldova_itw_4flnid90qrE_full.mp4: encoding clip 7/15 (36.000s to 42.200s)
2026-08-16 22:06:14,858 SpawnProcess-2 INFO maramures_studio_O2zu3OxFqR8_1085s-1345s.mp4: encoding clip 13/15 (101.200s to 111.200s)
2026-08-16 22:06:15,140 SpawnProcess-1 INFO maramures_studio_BrqhuTzDAWk_0s-569s.mp4: encoding clip 3/15 (498.400s to 508.400s)
2026-08-16 22:06:15,845 SpawnProcess-4 INFO moldova_itw_4flnid90qrE_full.mp4: encoding clip 8/15 (215.800s to 223.800s)
2026-08-16 22:06:17,619 SpawnProcess-13 INFO moldova_itw_2xN7A_3r-Dc_full.mp4: encoding clip 4/5 (2.920s to 12.504s)
2026-08-16 22:06:17,949 SpawnProcess-6 INFO maramures_studio_7CAWDWMnqfQ_74s-413s.mp4: encoding clip 15/15 (33.600s to 43.600s)
2026-08-16 22:06:19,324 SpawnProcess-4 INFO moldova_itw_4flnid90qrE_full.mp4: encoding clip 9/15 (197.200s to 207.200s)
2026-08-16 22:06:21,292 SpawnProcess-12 INFO maramures_studio_OiW2QqVrSK8_46s-347s.mp4: encoding clip 6/15 (285.800s to 295.800s)
2026-08-16 22:06:21,322 SpawnProcess-16 INFO maramures_studio_yMNojwI9qCM_555s-800s.mp4: selected 12 clips
2026-08-16 22:06:21,324 SpawnProcess-16 INFO maramures_studio_yMNojwI9qCM_555s-800s.mp4: encoding clip 1/12 (131.800s to 140.800s)
2026-08-16 22:06:22,396 SpawnProcess-4 INFO moldova_itw_4flnid90qrE_full.mp4: encoding clip 10/15 (99.400s to 104.400s)
2026-08-16 22:06:24,713 SpawnProcess-4 INFO moldova_itw_4flnid90qrE_full.mp4: encoding clip 11/15 (63.400s to 73.400s)
2026-08-16 22:06:24,804 SpawnProcess-15 INFO maramures_studio_VZPYOn-KYKk_627s-794s.mp4: encoding clip 10/10 (159.400s to 166.400s)
2026-08-16 22:06:28,648 SpawnProcess-4 INFO moldova_itw_4flnid90qrE_full.mp4: encoding clip 12/15 (88.200s to 94.800s)
2026-08-16 22:06:31,739 SpawnProcess-4 INFO moldova_itw_4flnid90qrE_full.mp4: encoding clip 13/15 (125.800s to 135.800s)
2026-08-16 22:06:35,021 SpawnProcess-4 INFO moldova_itw_4flnid90qrE_full.mp4: encoding clip 14/15 (43.400s to 52.000s)
2026-08-16 22:06:35,568 SpawnProcess-13 INFO moldova_itw_2xN7A_3r-Dc_full.mp4: encoding clip 5/5 (47.756s to 57.756s)
2026-08-16 22:06:37,313 SpawnProcess-6 INFO maramures_studio_7CAWDWMnqfQ_74s-413s.mp4: completed
2026-08-16 22:06:37,325 SpawnProcess-6 INFO Loading detection cache: ../videos_detections/moldova_itw_5bM-D2mXxMA_77s-480s/detections.json
2026-08-16 22:06:37,978 SpawnProcess-4 INFO moldova_itw_4flnid90qrE_full.mp4: encoding clip 15/15 (115.400s to 124.000s)
2026-08-16 22:06:38,334 SpawnProcess-6 INFO moldova_itw_5bM-D2mXxMA_77s-480s.mp4: duration=403.1s, samples=2014, tracks=2
2026-08-16 22:06:39,395 SpawnProcess-16 INFO maramures_studio_yMNojwI9qCM_555s-800s.mp4: encoding clip 2/12 (121.800s to 131.800s)
2026-08-16 22:06:39,619 SpawnProcess-12 INFO maramures_studio_OiW2QqVrSK8_46s-347s.mp4: encoding clip 7/15 (35.000s to 45.000s)
2026-08-16 22:06:40,361 SpawnProcess-1 INFO maramures_studio_BrqhuTzDAWk_0s-569s.mp4: encoding clip 4/15 (289.400s to 299.400s)
2026-08-16 22:06:40,516 SpawnProcess-4 INFO moldova_itw_4flnid90qrE_full.mp4: completed
2026-08-16 22:06:40,542 SpawnProcess-4 INFO Loading detection cache: ../videos_detections/moldova_itw_6ezNdBap9es_1288s-1528s/detections.json
2026-08-16 22:06:40,993 SpawnProcess-4 INFO moldova_itw_6ezNdBap9es_1288s-1528s.mp4: duration=240.1s, samples=1200, tracks=7
2026-08-16 22:06:46,319 SpawnProcess-15 INFO maramures_studio_VZPYOn-KYKk_627s-794s.mp4: completed
2026-08-16 22:06:46,335 SpawnProcess-15 INFO Loading detection cache: ../videos_detections/moldova_itw_Aokjs2-5n0w_0s-330s/detections.json
2026-08-16 22:06:46,507 SpawnProcess-6 INFO moldova_itw_5bM-D2mXxMA_77s-480s.mp4: VAD found 64 speech intervals
2026-08-16 22:06:46,623 SpawnProcess-4 INFO moldova_itw_6ezNdBap9es_1288s-1528s.mp4: VAD found 26 speech intervals
2026-08-16 22:06:46,865 SpawnProcess-15 INFO moldova_itw_Aokjs2-5n0w_0s-330s.mp4: duration=330.0s, samples=1651, tracks=1
2026-08-16 22:06:47,576 SpawnProcess-2 INFO maramures_studio_O2zu3OxFqR8_1085s-1345s.mp4: encoding clip 14/15 (40.400s to 45.600s)
2026-08-16 22:06:49,970 SpawnProcess-13 INFO moldova_itw_2xN7A_3r-Dc_full.mp4: completed
2026-08-16 22:06:49,980 SpawnProcess-13 INFO Loading detection cache: ../videos_detections/moldova_itw_CDYmQi4dttk_50s-277s/detections.json
2026-08-16 22:06:50,689 SpawnProcess-13 INFO moldova_itw_CDYmQi4dttk_50s-277s.mp4: duration=227.0s, samples=1134, tracks=3
2026-08-16 22:06:55,242 SpawnProcess-11 INFO maramures_studio_cxrYZLp079c_136s-468s.mp4: selected 15 clips
2026-08-16 22:06:55,253 SpawnProcess-11 INFO maramures_studio_cxrYZLp079c_136s-468s.mp4: encoding clip 1/15 (265.800s to 275.800s)
2026-08-16 22:06:55,393 SpawnProcess-13 INFO moldova_itw_CDYmQi4dttk_50s-277s.mp4: VAD found 13 speech intervals
2026-08-16 22:06:55,449 SpawnProcess-15 INFO moldova_itw_Aokjs2-5n0w_0s-330s.mp4: VAD found 72 speech intervals
2026-08-16 22:06:58,626 SpawnProcess-3 INFO maramures_studio_MeWnuNtbg0g_143s-600s.mp4: selected 15 clips
2026-08-16 22:06:58,631 SpawnProcess-3 INFO maramures_studio_MeWnuNtbg0g_143s-600s.mp4: encoding clip 1/15 (237.000s to 244.200s)
2026-08-16 22:06:58,877 SpawnProcess-16 INFO maramures_studio_yMNojwI9qCM_555s-800s.mp4: encoding clip 3/12 (147.800s to 157.800s)
2026-08-16 22:06:59,411 SpawnProcess-12 INFO maramures_studio_OiW2QqVrSK8_46s-347s.mp4: encoding clip 8/15 (223.800s to 232.200s)
2026-08-16 22:07:02,472 SpawnProcess-2 INFO maramures_studio_O2zu3OxFqR8_1085s-1345s.mp4: encoding clip 15/15 (237.800s to 247.800s)
2026-08-16 22:07:02,690 SpawnProcess-1 INFO maramures_studio_BrqhuTzDAWk_0s-569s.mp4: encoding clip 5/15 (441.200s to 451.200s)
2026-08-16 22:07:06,850 SpawnProcess-8 INFO maramures_studio_rNlA--EuG-Y_110s-390s.mp4: selected 15 clips
2026-08-16 22:07:06,857 SpawnProcess-8 INFO maramures_studio_rNlA--EuG-Y_110s-390s.mp4: encoding clip 1/15 (147.800s to 157.800s)
2026-08-16 22:07:15,917 SpawnProcess-12 INFO maramures_studio_OiW2QqVrSK8_46s-347s.mp4: encoding clip 9/15 (255.800s to 265.800s)
2026-08-16 22:07:17,346 SpawnProcess-3 INFO maramures_studio_MeWnuNtbg0g_143s-600s.mp4: encoding clip 2/15 (423.600s to 430.000s)
2026-08-16 22:07:17,611 SpawnProcess-16 INFO maramures_studio_yMNojwI9qCM_555s-800s.mp4: encoding clip 4/12 (22.200s to 31.800s)
2026-08-16 22:07:18,146 SpawnProcess-11 INFO maramures_studio_cxrYZLp079c_136s-468s.mp4: encoding clip 2/15 (3.000s to 8.000s)
2026-08-16 22:07:28,353 SpawnProcess-1 INFO maramures_studio_BrqhuTzDAWk_0s-569s.mp4: encoding clip 6/15 (313.800s to 323.800s)
2026-08-16 22:07:29,268 SpawnProcess-2 INFO maramures_studio_O2zu3OxFqR8_1085s-1345s.mp4: completed
2026-08-16 22:07:29,283 SpawnProcess-2 INFO Loading detection cache: ../videos_detections/moldova_itw_IvcQywnfx4k_0s-340s/detections.json
2026-08-16 22:07:29,889 SpawnProcess-2 INFO moldova_itw_IvcQywnfx4k_0s-340s.mp4: duration=340.0s, samples=1701, tracks=5
2026-08-16 22:07:31,449 SpawnProcess-8 INFO maramures_studio_rNlA--EuG-Y_110s-390s.mp4: encoding clip 2/15 (82.400s to 92.400s)
2026-08-16 22:07:31,590 SpawnProcess-11 INFO maramures_studio_cxrYZLp079c_136s-468s.mp4: encoding clip 3/15 (189.800s to 199.800s)
2026-08-16 22:07:32,857 SpawnProcess-3 INFO maramures_studio_MeWnuNtbg0g_143s-600s.mp4: encoding clip 3/15 (57.800s to 64.000s)
2026-08-16 22:07:34,504 SpawnProcess-12 INFO maramures_studio_OiW2QqVrSK8_46s-347s.mp4: encoding clip 10/15 (75.800s to 85.800s)
2026-08-16 22:07:35,707 SpawnProcess-16 INFO maramures_studio_yMNojwI9qCM_555s-800s.mp4: encoding clip 5/12 (219.800s to 229.800s)
2026-08-16 22:07:38,475 SpawnProcess-2 INFO moldova_itw_IvcQywnfx4k_0s-340s.mp4: VAD found 82 speech intervals
2026-08-16 22:07:50,994 SpawnProcess-1 INFO maramures_studio_BrqhuTzDAWk_0s-569s.mp4: encoding clip 7/15 (151.800s to 158.200s)
2026-08-16 22:07:51,384 SpawnProcess-8 INFO maramures_studio_rNlA--EuG-Y_110s-390s.mp4: encoding clip 3/15 (203.800s to 213.800s)
2026-08-16 22:07:51,381 SpawnProcess-3 INFO maramures_studio_MeWnuNtbg0g_143s-600s.mp4: encoding clip 4/15 (196.800s to 203.800s)
2026-08-16 22:07:53,334 SpawnProcess-12 INFO maramures_studio_OiW2QqVrSK8_46s-347s.mp4: encoding clip 11/15 (155.000s to 162.800s)
2026-08-16 22:07:54,474 SpawnProcess-16 INFO maramures_studio_yMNojwI9qCM_555s-800s.mp4: encoding clip 6/12 (157.800s to 167.800s)
2026-08-16 22:07:56,349 SpawnProcess-11 INFO maramures_studio_cxrYZLp079c_136s-468s.mp4: encoding clip 4/15 (171.800s to 180.200s)
2026-08-16 22:08:02,436 SpawnProcess-5 INFO maramures_studio_ZkWgk05ZNZs_105s-475s.mp4: selected 13 clips
2026-08-16 22:08:02,439 SpawnProcess-5 INFO maramures_studio_ZkWgk05ZNZs_105s-475s.mp4: encoding clip 1/13 (221.800s to 231.800s)
2026-08-16 22:08:07,895 SpawnProcess-1 INFO maramures_studio_BrqhuTzDAWk_0s-569s.mp4: encoding clip 8/15 (355.400s to 365.400s)
2026-08-16 22:08:08,653 SpawnProcess-3 INFO maramures_studio_MeWnuNtbg0g_143s-600s.mp4: encoding clip 5/15 (10.600s to 18.000s)
2026-08-16 22:08:09,033 SpawnProcess-12 INFO maramures_studio_OiW2QqVrSK8_46s-347s.mp4: encoding clip 12/15 (204.600s to 214.600s)
2026-08-16 22:08:15,489 SpawnProcess-16 INFO maramures_studio_yMNojwI9qCM_555s-800s.mp4: encoding clip 7/12 (229.800s to 239.800s)
2026-08-16 22:08:17,124 SpawnProcess-8 INFO maramures_studio_rNlA--EuG-Y_110s-390s.mp4: encoding clip 4/15 (237.800s to 247.800s)
2026-08-16 22:08:18,587 SpawnProcess-11 INFO maramures_studio_cxrYZLp079c_136s-468s.mp4: encoding clip 5/15 (117.600s to 127.600s)
2026-08-16 22:08:28,274 SpawnProcess-5 INFO maramures_studio_ZkWgk05ZNZs_105s-475s.mp4: encoding clip 2/13 (231.800s to 241.800s)
2026-08-16 22:08:28,548 SpawnProcess-12 INFO maramures_studio_OiW2QqVrSK8_46s-347s.mp4: encoding clip 13/15 (11.800s to 20.000s)
2026-08-16 22:08:28,745 SpawnProcess-3 INFO maramures_studio_MeWnuNtbg0g_143s-600s.mp4: encoding clip 6/15 (395.800s to 404.000s)
2026-08-16 22:08:33,280 SpawnProcess-1 INFO maramures_studio_BrqhuTzDAWk_0s-569s.mp4: encoding clip 9/15 (468.400s to 478.400s)
2026-08-16 22:08:35,686 SpawnProcess-16 INFO maramures_studio_yMNojwI9qCM_555s-800s.mp4: encoding clip 8/12 (12.200s to 22.200s)
2026-08-16 22:08:35,726 SpawnProcess-7 INFO maramures_studio_QdTq_r1UP8E_355s-784s.mp4: selected 15 clips
2026-08-16 22:08:35,729 SpawnProcess-7 INFO maramures_studio_QdTq_r1UP8E_355s-784s.mp4: encoding clip 1/15 (41.400s to 51.400s)
2026-08-16 22:08:41,935 SpawnProcess-8 INFO maramures_studio_rNlA--EuG-Y_110s-390s.mp4: encoding clip 5/15 (167.800s to 173.800s)
2026-08-16 22:08:43,931 SpawnProcess-11 INFO maramures_studio_cxrYZLp079c_136s-468s.mp4: encoding clip 6/15 (209.800s to 219.800s)
2026-08-16 22:08:45,086 SpawnProcess-12 INFO maramures_studio_OiW2QqVrSK8_46s-347s.mp4: encoding clip 14/15 (217.000s to 222.800s)
2026-08-16 22:08:48,824 SpawnProcess-3 INFO maramures_studio_MeWnuNtbg0g_143s-600s.mp4: encoding clip 7/15 (257.200s to 267.200s)
2026-08-16 22:08:54,802 SpawnProcess-16 INFO maramures_studio_yMNojwI9qCM_555s-800s.mp4: encoding clip 9/12 (174.600s to 184.600s)
2026-08-16 22:08:55,002 SpawnProcess-1 INFO maramures_studio_BrqhuTzDAWk_0s-569s.mp4: encoding clip 10/15 (369.800s to 379.800s)
2026-08-16 22:08:57,248 SpawnProcess-12 INFO maramures_studio_OiW2QqVrSK8_46s-347s.mp4: encoding clip 15/15 (50.600s to 60.600s)
2026-08-16 22:09:00,589 SpawnProcess-5 INFO maramures_studio_ZkWgk05ZNZs_105s-475s.mp4: encoding clip 3/13 (19.800s to 29.200s)
2026-08-16 22:09:02,726 SpawnProcess-13 INFO moldova_itw_CDYmQi4dttk_50s-277s.mp4: selected 9 clips
2026-08-16 22:09:02,729 SpawnProcess-13 INFO moldova_itw_CDYmQi4dttk_50s-277s.mp4: encoding clip 1/9 (22.823s to 30.030s)
2026-08-16 22:09:04,699 SpawnProcess-7 INFO maramures_studio_QdTq_r1UP8E_355s-784s.mp4: encoding clip 2/15 (161.800s to 171.800s)
2026-08-16 22:09:06,018 SpawnProcess-8 INFO maramures_studio_rNlA--EuG-Y_110s-390s.mp4: encoding clip 6/15 (23.600s to 32.000s)
2026-08-16 22:09:08,319 SpawnProcess-9 INFO maramures_studio_XrKgabRcDH4_1392s-1805s.mp4: selected 15 clips
2026-08-16 22:09:08,327 SpawnProcess-9 INFO maramures_studio_XrKgabRcDH4_1392s-1805s.mp4: encoding clip 1/15 (117.800s to 124.800s)
2026-08-16 22:09:09,199 SpawnProcess-11 INFO maramures_studio_cxrYZLp079c_136s-468s.mp4: encoding clip 7/15 (308.000s to 318.000s)
2026-08-16 22:09:12,290 SpawnProcess-13 INFO moldova_itw_CDYmQi4dttk_50s-277s.mp4: encoding clip 2/9 (31.632s to 41.632s)
2026-08-16 22:09:14,959 SpawnProcess-16 INFO maramures_studio_yMNojwI9qCM_555s-800s.mp4: encoding clip 10/12 (47.600s to 56.000s)
2026-08-16 22:09:15,477 SpawnProcess-3 INFO maramures_studio_MeWnuNtbg0g_143s-600s.mp4: encoding clip 8/15 (247.200s to 257.200s)
2026-08-16 22:09:16,107 SpawnProcess-12 INFO maramures_studio_OiW2QqVrSK8_46s-347s.mp4: completed
2026-08-16 22:09:16,124 SpawnProcess-12 INFO Loading detection cache: ../videos_detections/moldova_itw_LinGXP5u_xg_full/detections.json
2026-08-16 22:09:16,660 SpawnProcess-12 INFO moldova_itw_LinGXP5u_xg_full.mp4: duration=354.8s, samples=1775, tracks=7
2026-08-16 22:09:23,229 SpawnProcess-12 INFO moldova_itw_LinGXP5u_xg_full.mp4: VAD found 105 speech intervals
2026-08-16 22:09:24,225 SpawnProcess-13 INFO moldova_itw_CDYmQi4dttk_50s-277s.mp4: encoding clip 3/9 (98.899s to 108.899s)
2026-08-16 22:09:26,352 SpawnProcess-9 INFO maramures_studio_XrKgabRcDH4_1392s-1805s.mp4: encoding clip 2/15 (348.800s to 356.000s)
2026-08-16 22:09:29,002 SpawnProcess-1 INFO maramures_studio_BrqhuTzDAWk_0s-569s.mp4: encoding clip 11/15 (379.800s to 389.800s)
2026-08-16 22:09:29,785 SpawnProcess-11 INFO maramures_studio_cxrYZLp079c_136s-468s.mp4: encoding clip 8/15 (153.400s to 160.000s)
2026-08-16 22:09:30,306 SpawnProcess-8 INFO maramures_studio_rNlA--EuG-Y_110s-390s.mp4: encoding clip 7/15 (133.800s to 143.800s)
2026-08-16 22:09:30,427 SpawnProcess-16 INFO maramures_studio_yMNojwI9qCM_555s-800s.mp4: encoding clip 11/12 (194.200s to 204.200s)
2026-08-16 22:09:32,447 SpawnProcess-13 INFO moldova_itw_CDYmQi4dttk_50s-277s.mp4: encoding clip 4/9 (84.084s to 89.089s)
2026-08-16 22:09:34,080 SpawnProcess-5 INFO maramures_studio_ZkWgk05ZNZs_105s-475s.mp4: encoding clip 4/13 (245.600s to 255.600s)
2026-08-16 22:09:34,287 SpawnProcess-4 INFO moldova_itw_6ezNdBap9es_1288s-1528s.mp4: selected 7 clips
2026-08-16 22:09:34,289 SpawnProcess-4 INFO moldova_itw_6ezNdBap9es_1288s-1528s.mp4: encoding clip 1/7 (35.836s to 41.842s)
2026-08-16 22:09:39,532 SpawnProcess-14 INFO maramures_studio_UYFQcvk7Lt0_0s-608s.mp4: selected 6 clips
2026-08-16 22:09:39,535 SpawnProcess-14 INFO maramures_studio_UYFQcvk7Lt0_0s-608s.mp4: encoding clip 1/6 (489.600s to 499.600s)
2026-08-16 22:09:39,605 SpawnProcess-13 INFO moldova_itw_CDYmQi4dttk_50s-277s.mp4: encoding clip 5/9 (108.899s to 118.899s)
2026-08-16 22:09:41,086 SpawnProcess-7 INFO maramures_studio_QdTq_r1UP8E_355s-784s.mp4: encoding clip 3/15 (242.600s to 252.600s)
2026-08-16 22:09:43,557 SpawnProcess-9 INFO maramures_studio_XrKgabRcDH4_1392s-1805s.mp4: encoding clip 3/15 (383.200s to 390.400s)
2026-08-16 22:09:45,067 SpawnProcess-3 INFO maramures_studio_MeWnuNtbg0g_143s-600s.mp4: encoding clip 9/15 (329.800s to 336.200s)
2026-08-16 22:09:45,647 SpawnProcess-4 INFO moldova_itw_6ezNdBap9es_1288s-1528s.mp4: encoding clip 2/7 (5.606s to 15.606s)
2026-08-16 22:09:47,242 SpawnProcess-10 INFO moldova_itw_2p0a7QigMjU_full.mp4: selected 5 clips
2026-08-16 22:09:47,244 SpawnProcess-10 INFO moldova_itw_2p0a7QigMjU_full.mp4: encoding clip 1/5 (116.316s to 126.316s)
2026-08-16 22:09:51,206 SpawnProcess-16 INFO maramures_studio_yMNojwI9qCM_555s-800s.mp4: encoding clip 12/12 (209.800s to 219.800s)
2026-08-16 22:09:52,973 SpawnProcess-13 INFO moldova_itw_CDYmQi4dttk_50s-277s.mp4: encoding clip 6/9 (41.632s to 50.050s)
2026-08-16 22:09:53,193 SpawnProcess-11 INFO maramures_studio_cxrYZLp079c_136s-468s.mp4: encoding clip 9/15 (55.600s to 62.000s)
2026-08-16 22:09:56,403 SpawnProcess-8 INFO maramures_studio_rNlA--EuG-Y_110s-390s.mp4: encoding clip 8/15 (157.800s to 167.800s)
2026-08-16 22:09:57,409 SpawnProcess-14 INFO maramures_studio_UYFQcvk7Lt0_0s-608s.mp4: encoding clip 2/6 (372.200s to 381.800s)
2026-08-16 22:09:59,765 SpawnProcess-4 INFO moldova_itw_6ezNdBap9es_1288s-1528s.mp4: encoding clip 3/7 (60.861s to 66.066s)
2026-08-16 22:10:01,450 SpawnProcess-1 INFO maramures_studio_BrqhuTzDAWk_0s-569s.mp4: encoding clip 12/15 (227.200s to 236.400s)
2026-08-16 22:10:01,579 SpawnProcess-13 INFO moldova_itw_CDYmQi4dttk_50s-277s.mp4: encoding clip 7/9 (154.144s to 162.362s)
2026-08-16 22:10:03,736 SpawnProcess-9 INFO maramures_studio_XrKgabRcDH4_1392s-1805s.mp4: encoding clip 4/15 (339.600s to 347.800s)
2026-08-16 22:10:06,478 SpawnProcess-5 INFO maramures_studio_ZkWgk05ZNZs_105s-475s.mp4: encoding clip 5/13 (77.400s to 87.400s)
2026-08-16 22:10:08,459 SpawnProcess-4 INFO moldova_itw_6ezNdBap9es_1288s-1528s.mp4: encoding clip 4/7 (43.243s to 51.651s)
2026-08-16 22:10:08,585 SpawnProcess-7 INFO maramures_studio_QdTq_r1UP8E_355s-784s.mp4: encoding clip 4/15 (289.800s to 299.800s)
2026-08-16 22:10:08,654 SpawnProcess-3 INFO maramures_studio_MeWnuNtbg0g_143s-600s.mp4: encoding clip 10/15 (0.600s to 10.600s)
2026-08-16 22:10:11,027 SpawnProcess-13 INFO moldova_itw_CDYmQi4dttk_50s-277s.mp4: encoding clip 8/9 (52.252s to 62.252s)
2026-08-16 22:10:12,242 SpawnProcess-16 INFO maramures_studio_yMNojwI9qCM_555s-800s.mp4: completed
2026-08-16 22:10:12,251 SpawnProcess-16 INFO Loading detection cache: ../videos_detections/moldova_itw_RTlsKim_4b0_198s-553s/detections.json
2026-08-16 22:10:12,828 SpawnProcess-16 INFO moldova_itw_RTlsKim_4b0_198s-553s.mp4: duration=355.0s, samples=1776, tracks=28
2026-08-16 22:10:15,693 SpawnProcess-11 INFO maramures_studio_cxrYZLp079c_136s-468s.mp4: encoding clip 10/15 (275.800s to 282.200s)
2026-08-16 22:10:16,796 SpawnProcess-14 INFO maramures_studio_UYFQcvk7Lt0_0s-608s.mp4: encoding clip 3/6 (472.400s to 480.800s)
2026-08-16 22:10:19,457 SpawnProcess-4 INFO moldova_itw_6ezNdBap9es_1288s-1528s.mp4: encoding clip 5/7 (25.606s to 34.835s)
2026-08-16 22:10:20,514 SpawnProcess-13 INFO moldova_itw_CDYmQi4dttk_50s-277s.mp4: encoding clip 9/9 (144.144s to 154.144s)
2026-08-16 22:10:20,618 SpawnProcess-16 INFO moldova_itw_RTlsKim_4b0_198s-553s.mp4: VAD found 126 speech intervals
2026-08-16 22:10:21,382 SpawnProcess-15 INFO moldova_itw_Aokjs2-5n0w_0s-330s.mp4: selected 15 clips
2026-08-16 22:10:21,386 SpawnProcess-15 INFO moldova_itw_Aokjs2-5n0w_0s-330s.mp4: encoding clip 1/15 (110.200s to 120.200s)
2026-08-16 22:10:24,500 SpawnProcess-8 INFO maramures_studio_rNlA--EuG-Y_110s-390s.mp4: encoding clip 9/15 (257.800s to 267.800s)
2026-08-16 22:10:27,130 SpawnProcess-1 INFO maramures_studio_BrqhuTzDAWk_0s-569s.mp4: encoding clip 13/15 (426.000s to 436.000s)
2026-08-16 22:10:31,186 SpawnProcess-9 INFO maramures_studio_XrKgabRcDH4_1392s-1805s.mp4: encoding clip 5/15 (307.800s to 314.200s)
2026-08-16 22:10:31,959 SpawnProcess-11 INFO maramures_studio_cxrYZLp079c_136s-468s.mp4: encoding clip 11/15 (199.800s to 209.800s)
2026-08-16 22:10:32,522 SpawnProcess-4 INFO moldova_itw_6ezNdBap9es_1288s-1528s.mp4: encoding clip 6/7 (52.653s to 57.658s)
2026-08-16 22:10:32,805 SpawnProcess-5 INFO maramures_studio_ZkWgk05ZNZs_105s-475s.mp4: encoding clip 6/13 (67.000s to 74.000s)
2026-08-16 22:10:33,903 SpawnProcess-13 INFO moldova_itw_CDYmQi4dttk_50s-277s.mp4: completed
2026-08-16 22:10:33,919 SpawnProcess-13 INFO Loading detection cache: ../videos_detections/moldova_itw_SO2vep84ZwA_0s-390s/detections.json
2026-08-16 22:10:34,334 SpawnProcess-15 INFO moldova_itw_Aokjs2-5n0w_0s-330s.mp4: encoding clip 2/15 (275.600s to 285.600s)
2026-08-16 22:10:34,399 SpawnProcess-13 INFO moldova_itw_SO2vep84ZwA_0s-390s.mp4: duration=390.0s, samples=1951, tracks=97
2026-08-16 22:10:34,874 SpawnProcess-14 INFO maramures_studio_UYFQcvk7Lt0_0s-608s.mp4: encoding clip 4/6 (462.400s to 472.400s)
2026-08-16 22:10:36,019 SpawnProcess-3 INFO maramures_studio_MeWnuNtbg0g_143s-600s.mp4: encoding clip 11/15 (99.800s to 104.800s)
2026-08-16 22:10:39,956 SpawnProcess-7 INFO maramures_studio_QdTq_r1UP8E_355s-784s.mp4: encoding clip 5/15 (106.200s to 116.200s)
2026-08-16 22:10:41,323 SpawnProcess-4 INFO moldova_itw_6ezNdBap9es_1288s-1528s.mp4: encoding clip 7/7 (15.606s to 25.606s)
2026-08-16 22:10:45,814 SpawnProcess-10 INFO moldova_itw_2p0a7QigMjU_full.mp4: encoding clip 2/5 (97.698s to 103.504s)
2026-08-16 22:10:46,279 SpawnProcess-8 INFO maramures_studio_rNlA--EuG-Y_110s-390s.mp4: encoding clip 10/15 (45.800s to 55.400s)
2026-08-16 22:10:47,275 SpawnProcess-15 INFO moldova_itw_Aokjs2-5n0w_0s-330s.mp4: encoding clip 3/15 (253.600s to 263.600s)
2026-08-16 22:10:48,393 SpawnProcess-13 INFO moldova_itw_SO2vep84ZwA_0s-390s.mp4: VAD found 57 speech intervals
2026-08-16 22:10:50,445 SpawnProcess-9 INFO maramures_studio_XrKgabRcDH4_1392s-1805s.mp4: encoding clip 6/15 (400.800s to 406.000s)
2026-08-16 22:10:50,624 SpawnProcess-3 INFO maramures_studio_MeWnuNtbg0g_143s-600s.mp4: encoding clip 12/15 (67.800s to 74.000s)
2026-08-16 22:10:51,109 SpawnProcess-5 INFO maramures_studio_ZkWgk05ZNZs_105s-475s.mp4: encoding clip 7/13 (87.400s to 96.000s)
2026-08-16 22:10:53,097 SpawnProcess-1 INFO maramures_studio_BrqhuTzDAWk_0s-569s.mp4: encoding clip 14/15 (249.600s to 259.600s)
2026-08-16 22:10:54,476 SpawnProcess-14 INFO maramures_studio_UYFQcvk7Lt0_0s-608s.mp4: encoding clip 5/6 (362.200s to 372.200s)
2026-08-16 22:10:54,984 SpawnProcess-4 INFO moldova_itw_6ezNdBap9es_1288s-1528s.mp4: completed
2026-08-16 22:10:55,005 SpawnProcess-4 INFO Loading detection cache: ../videos_detections/moldova_itw_UmZBtYwEDF0_0s-102s/detections.json
2026-08-16 22:10:55,406 SpawnProcess-4 INFO moldova_itw_UmZBtYwEDF0_0s-102s.mp4: duration=102.1s, samples=490, tracks=1
2026-08-16 22:10:55,855 SpawnProcess-11 INFO maramures_studio_cxrYZLp079c_136s-468s.mp4: encoding clip 12/15 (229.800s to 238.200s)
2026-08-16 22:10:56,635 SpawnProcess-15 INFO moldova_itw_Aokjs2-5n0w_0s-330s.mp4: encoding clip 4/15 (300.000s to 308.200s)
2026-08-16 22:10:58,181 SpawnProcess-4 INFO moldova_itw_UmZBtYwEDF0_0s-102s.mp4: VAD found 18 speech intervals
2026-08-16 22:11:05,348 SpawnProcess-7 INFO maramures_studio_QdTq_r1UP8E_355s-784s.mp4: encoding clip 6/15 (76.800s to 86.800s)
2026-08-16 22:11:06,198 SpawnProcess-15 INFO moldova_itw_Aokjs2-5n0w_0s-330s.mp4: encoding clip 5/15 (309.400s to 319.400s)
2026-08-16 22:11:07,237 SpawnProcess-8 INFO maramures_studio_rNlA--EuG-Y_110s-390s.mp4: encoding clip 11/15 (230.000s to 236.000s)
2026-08-16 22:11:08,669 SpawnProcess-9 INFO maramures_studio_XrKgabRcDH4_1392s-1805s.mp4: encoding clip 7/15 (297.800s to 307.800s)
2026-08-16 22:11:10,066 SpawnProcess-3 INFO maramures_studio_MeWnuNtbg0g_143s-600s.mp4: encoding clip 13/15 (85.800s to 92.600s)
2026-08-16 22:11:11,779 SpawnProcess-5 INFO maramures_studio_ZkWgk05ZNZs_105s-475s.mp4: encoding clip 8/13 (44.600s to 50.000s)
2026-08-16 22:11:15,064 SpawnProcess-15 INFO moldova_itw_Aokjs2-5n0w_0s-330s.mp4: encoding clip 6/15 (290.800s to 296.600s)
2026-08-16 22:11:16,623 SpawnProcess-14 INFO maramures_studio_UYFQcvk7Lt0_0s-608s.mp4: encoding clip 6/6 (433.800s to 443.800s)
2026-08-16 22:11:17,691 SpawnProcess-10 INFO moldova_itw_2p0a7QigMjU_full.mp4: encoding clip 3/5 (66.867s to 76.867s)
2026-08-16 22:11:17,762 SpawnProcess-1 INFO maramures_studio_BrqhuTzDAWk_0s-569s.mp4: encoding clip 15/15 (239.600s to 249.600s)
2026-08-16 22:11:17,950 SpawnProcess-11 INFO maramures_studio_cxrYZLp079c_136s-468s.mp4: encoding clip 13/15 (39.800s to 49.800s)
2026-08-16 22:11:21,266 SpawnProcess-15 INFO moldova_itw_Aokjs2-5n0w_0s-330s.mp4: encoding clip 7/15 (100.200s to 110.200s)
2026-08-16 22:11:22,887 SpawnProcess-8 INFO maramures_studio_rNlA--EuG-Y_110s-390s.mp4: encoding clip 12/15 (123.800s to 133.800s)
2026-08-16 22:11:25,783 SpawnProcess-5 INFO maramures_studio_ZkWgk05ZNZs_105s-475s.mp4: encoding clip 9/13 (273.600s to 283.600s)
2026-08-16 22:11:27,977 SpawnProcess-2 INFO moldova_itw_IvcQywnfx4k_0s-340s.mp4: selected 14 clips
2026-08-16 22:11:27,994 SpawnProcess-2 INFO moldova_itw_IvcQywnfx4k_0s-340s.mp4: encoding clip 1/14 (76.800s to 86.800s)
2026-08-16 22:11:29,075 SpawnProcess-3 INFO maramures_studio_MeWnuNtbg0g_143s-600s.mp4: encoding clip 14/15 (359.600s to 369.600s)
2026-08-16 22:11:31,580 SpawnProcess-15 INFO moldova_itw_Aokjs2-5n0w_0s-330s.mp4: encoding clip 8/15 (156.000s to 162.400s)
2026-08-16 22:11:32,928 SpawnProcess-7 INFO maramures_studio_QdTq_r1UP8E_355s-784s.mp4: encoding clip 7/15 (252.600s to 262.600s)
2026-08-16 22:11:34,580 SpawnProcess-9 INFO maramures_studio_XrKgabRcDH4_1392s-1805s.mp4: encoding clip 8/15 (126.400s to 134.200s)
2026-08-16 22:11:37,290 SpawnProcess-14 INFO maramures_studio_UYFQcvk7Lt0_0s-608s.mp4: completed
2026-08-16 22:11:37,306 SpawnProcess-14 INFO Loading detection cache: ../videos_detections/moldova_itw_UmZBtYwEDF0_120s-498s/detections.json
2026-08-16 22:11:37,614 SpawnProcess-14 INFO moldova_itw_UmZBtYwEDF0_120s-498s.mp4: duration=378.1s, samples=1813, tracks=1
2026-08-16 22:11:39,358 SpawnProcess-2 INFO moldova_itw_IvcQywnfx4k_0s-340s.mp4: encoding clip 2/14 (172.800s to 181.400s)
2026-08-16 22:11:39,689 SpawnProcess-15 INFO moldova_itw_Aokjs2-5n0w_0s-330s.mp4: encoding clip 9/15 (232.600s to 240.800s)
2026-08-16 22:11:44,946 SpawnProcess-11 INFO maramures_studio_cxrYZLp079c_136s-468s.mp4: encoding clip 14/15 (257.800s to 264.600s)
2026-08-16 22:11:46,642 SpawnProcess-14 INFO moldova_itw_UmZBtYwEDF0_120s-498s.mp4: VAD found 81 speech intervals
2026-08-16 22:11:46,731 SpawnProcess-1 INFO maramures_studio_BrqhuTzDAWk_0s-569s.mp4: completed
2026-08-16 22:11:46,751 SpawnProcess-1 INFO Loading detection cache: ../videos_detections/moldova_itw_V5-utq0N6xA_0s-450s/detections.json
2026-08-16 22:11:46,798 SpawnProcess-8 INFO maramures_studio_rNlA--EuG-Y_110s-390s.mp4: encoding clip 13/15 (72.400s to 82.400s)
2026-08-16 22:11:47,461 SpawnProcess-1 INFO moldova_itw_V5-utq0N6xA_0s-450s.mp4: duration=450.1s, samples=2159, tracks=536
2026-08-16 22:11:48,084 SpawnProcess-15 INFO moldova_itw_Aokjs2-5n0w_0s-330s.mp4: encoding clip 10/15 (319.400s to 329.000s)
2026-08-16 22:11:48,748 SpawnProcess-2 INFO moldova_itw_IvcQywnfx4k_0s-340s.mp4: encoding clip 3/14 (270.800s to 280.800s)
2026-08-16 22:11:50,090 SpawnProcess-5 INFO maramures_studio_ZkWgk05ZNZs_105s-475s.mp4: encoding clip 10/13 (261.800s to 271.800s)
2026-08-16 22:11:57,031 SpawnProcess-2 INFO moldova_itw_IvcQywnfx4k_0s-340s.mp4: encoding clip 4/14 (184.200s to 194.200s)
2026-08-16 22:12:01,009 SpawnProcess-15 INFO moldova_itw_Aokjs2-5n0w_0s-330s.mp4: encoding clip 11/15 (136.600s to 145.800s)
2026-08-16 22:12:02,176 SpawnProcess-7 INFO maramures_studio_QdTq_r1UP8E_355s-784s.mp4: encoding clip 8/15 (371.200s to 381.200s)
2026-08-16 22:12:02,946 SpawnProcess-11 INFO maramures_studio_cxrYZLp079c_136s-468s.mp4: encoding clip 15/15 (127.600s to 132.800s)
2026-08-16 22:12:04,172 SpawnProcess-1 INFO moldova_itw_V5-utq0N6xA_0s-450s.mp4: VAD found 73 speech intervals
2026-08-16 22:12:05,026 SpawnProcess-9 INFO maramures_studio_XrKgabRcDH4_1392s-1805s.mp4: encoding clip 9/15 (71.800s to 81.800s)
2026-08-16 22:12:05,261 SpawnProcess-3 INFO maramures_studio_MeWnuNtbg0g_143s-600s.mp4: encoding clip 15/15 (285.800s to 294.000s)
2026-08-16 22:12:06,066 SpawnProcess-4 INFO moldova_itw_UmZBtYwEDF0_0s-102s.mp4: selected 7 clips
2026-08-16 22:12:06,069 SpawnProcess-4 INFO moldova_itw_UmZBtYwEDF0_0s-102s.mp4: encoding clip 1/7 (51.500s to 58.383s)
2026-08-16 22:12:08,377 SpawnProcess-8 INFO maramures_studio_rNlA--EuG-Y_110s-390s.mp4: encoding clip 14/15 (0.800s to 6.000s)
2026-08-16 22:12:09,093 SpawnProcess-2 INFO moldova_itw_IvcQywnfx4k_0s-340s.mp4: encoding clip 5/14 (223.800s to 231.000s)
2026-08-16 22:12:09,358 SpawnProcess-10 INFO moldova_itw_2p0a7QigMjU_full.mp4: encoding clip 4/5 (77.878s to 87.878s)
2026-08-16 22:12:09,728 SpawnProcess-5 INFO maramures_studio_ZkWgk05ZNZs_105s-475s.mp4: encoding clip 11/13 (209.800s to 216.000s)
2026-08-16 22:12:09,753 SpawnProcess-15 INFO moldova_itw_Aokjs2-5n0w_0s-330s.mp4: encoding clip 12/15 (167.400s to 177.400s)
2026-08-16 22:12:16,004 SpawnProcess-4 INFO moldova_itw_UmZBtYwEDF0_0s-102s.mp4: encoding clip 2/7 (67.567s to 72.981s)
2026-08-16 22:12:17,934 SpawnProcess-2 INFO moldova_itw_IvcQywnfx4k_0s-340s.mp4: encoding clip 6/14 (246.800s to 252.400s)
2026-08-16 22:12:19,102 SpawnProcess-15 INFO moldova_itw_Aokjs2-5n0w_0s-330s.mp4: encoding clip 13/15 (243.600s to 253.600s)
2026-08-16 22:12:20,791 SpawnProcess-11 INFO maramures_studio_cxrYZLp079c_136s-468s.mp4: completed
2026-08-16 22:12:20,813 SpawnProcess-11 INFO Loading detection cache: ../videos_detections/moldova_itw_VnoTixs2emE_full/detections.json
2026-08-16 22:12:21,271 SpawnProcess-11 INFO moldova_itw_VnoTixs2emE_full.mp4: duration=161.2s, samples=806, tracks=1
2026-08-16 22:12:24,277 SpawnProcess-4 INFO moldova_itw_UmZBtYwEDF0_0s-102s.mp4: encoding clip 3/7 (28.153s to 33.358s)
2026-08-16 22:12:25,055 SpawnProcess-8 INFO maramures_studio_rNlA--EuG-Y_110s-390s.mp4: encoding clip 15/15 (35.800s to 45.800s)
2026-08-16 22:12:25,334 SpawnProcess-5 INFO maramures_studio_ZkWgk05ZNZs_105s-475s.mp4: encoding clip 12/13 (109.000s to 114.400s)
2026-08-16 22:12:25,503 SpawnProcess-3 INFO maramures_studio_MeWnuNtbg0g_143s-600s.mp4: completed
2026-08-16 22:12:25,532 SpawnProcess-3 INFO Loading detection cache: ../videos_detections/moldova_itw_WsRGyInWGuA_full/detections.json
2026-08-16 22:12:25,986 SpawnProcess-3 INFO moldova_itw_WsRGyInWGuA_full.mp4: duration=217.1s, samples=1086, tracks=25
2026-08-16 22:12:26,527 SpawnProcess-2 INFO moldova_itw_IvcQywnfx4k_0s-340s.mp4: encoding clip 7/14 (280.800s to 290.800s)
2026-08-16 22:12:27,298 SpawnProcess-15 INFO moldova_itw_Aokjs2-5n0w_0s-330s.mp4: encoding clip 14/15 (124.000s to 134.000s)
2026-08-16 22:12:27,800 SpawnProcess-11 INFO moldova_itw_VnoTixs2emE_full.mp4: VAD found 6 speech intervals
2026-08-16 22:12:28,247 SpawnProcess-9 INFO maramures_studio_XrKgabRcDH4_1392s-1805s.mp4: encoding clip 10/15 (152.600s to 162.600s)
2026-08-16 22:12:28,791 SpawnProcess-7 INFO maramures_studio_QdTq_r1UP8E_355s-784s.mp4: encoding clip 9/15 (66.800s to 76.800s)
2026-08-16 22:12:30,786 SpawnProcess-3 INFO moldova_itw_WsRGyInWGuA_full.mp4: VAD found 51 speech intervals
2026-08-16 22:12:31,020 SpawnProcess-4 INFO moldova_itw_UmZBtYwEDF0_0s-102s.mp4: encoding clip 4/7 (41.500s to 51.500s)
2026-08-16 22:12:34,058 SpawnProcess-6 INFO moldova_itw_5bM-D2mXxMA_77s-480s.mp4: selected 15 clips
2026-08-16 22:12:34,060 SpawnProcess-6 INFO moldova_itw_5bM-D2mXxMA_77s-480s.mp4: encoding clip 1/15 (244.644s to 249.849s)
2026-08-16 22:12:36,018 SpawnProcess-2 INFO moldova_itw_IvcQywnfx4k_0s-340s.mp4: encoding clip 8/14 (111.000s to 121.000s)
2026-08-16 22:12:36,440 SpawnProcess-15 INFO moldova_itw_Aokjs2-5n0w_0s-330s.mp4: encoding clip 15/15 (177.400s to 187.400s)
2026-08-16 22:12:37,879 SpawnProcess-16 INFO moldova_itw_RTlsKim_4b0_198s-553s.mp4: selected 10 clips
2026-08-16 22:12:37,886 SpawnProcess-16 INFO moldova_itw_RTlsKim_4b0_198s-553s.mp4: encoding clip 1/10 (216.600s to 226.600s)
2026-08-16 22:12:37,942 SpawnProcess-5 INFO maramures_studio_ZkWgk05ZNZs_105s-475s.mp4: encoding clip 13/13 (1.800s to 9.000s)
2026-08-16 22:12:41,989 SpawnProcess-4 INFO moldova_itw_UmZBtYwEDF0_0s-102s.mp4: encoding clip 5/7 (78.829s to 85.494s)
2026-08-16 22:12:43,739 SpawnProcess-6 INFO moldova_itw_5bM-D2mXxMA_77s-480s.mp4: encoding clip 2/15 (31.031s to 41.031s)
2026-08-16 22:12:44,524 SpawnProcess-16 INFO moldova_itw_RTlsKim_4b0_198s-553s.mp4: encoding clip 2/10 (209.600s to 215.000s)
2026-08-16 22:12:45,691 SpawnProcess-2 INFO moldova_itw_IvcQywnfx4k_0s-340s.mp4: encoding clip 9/14 (147.000s to 153.200s)
2026-08-16 22:12:49,645 SpawnProcess-15 INFO moldova_itw_Aokjs2-5n0w_0s-330s.mp4: completed
2026-08-16 22:12:49,653 SpawnProcess-15 INFO Loading detection cache: ../videos_detections/moldova_itw_XaC63Vb40qs_152s-780s/detections.json
2026-08-16 22:12:49,908 SpawnProcess-16 INFO moldova_itw_RTlsKim_4b0_198s-553s.mp4: encoding clip 3/10 (180.800s to 190.800s)
2026-08-16 22:12:49,990 SpawnProcess-15 INFO moldova_itw_XaC63Vb40qs_152s-780s.mp4: duration=600.5s, samples=3002, tracks=2
2026-08-16 22:12:50,553 SpawnProcess-4 INFO moldova_itw_UmZBtYwEDF0_0s-102s.mp4: encoding clip 6/7 (86.545s to 96.545s)
2026-08-16 22:12:51,575 SpawnProcess-8 INFO maramures_studio_rNlA--EuG-Y_110s-390s.mp4: completed
2026-08-16 22:12:51,610 SpawnProcess-8 INFO Loading detection cache: ../videos_detections/moldova_itw_Y8Og87FqIuc_80s-170s/detections.json
2026-08-16 22:12:51,912 SpawnProcess-8 INFO moldova_itw_Y8Og87FqIuc_80s-170s.mp4: duration=90.1s, samples=450, tracks=30
2026-08-16 22:12:54,367 SpawnProcess-7 INFO maramures_studio_QdTq_r1UP8E_355s-784s.mp4: encoding clip 10/15 (171.800s to 181.800s)
2026-08-16 22:12:54,391 SpawnProcess-8 INFO moldova_itw_Y8Og87FqIuc_80s-170s.mp4: VAD found 10 speech intervals
2026-08-16 22:12:54,503 SpawnProcess-2 INFO moldova_itw_IvcQywnfx4k_0s-340s.mp4: encoding clip 10/14 (159.800s to 169.800s)
2026-08-16 22:12:54,656 SpawnProcess-9 INFO maramures_studio_XrKgabRcDH4_1392s-1805s.mp4: encoding clip 11/15 (13.800s to 23.800s)
2026-08-16 22:12:55,882 SpawnProcess-6 INFO moldova_itw_5bM-D2mXxMA_77s-480s.mp4: encoding clip 3/15 (94.294s to 104.294s)
2026-08-16 22:12:55,961 SpawnProcess-16 INFO moldova_itw_RTlsKim_4b0_198s-553s.mp4: encoding clip 4/10 (236.600s to 244.200s)
2026-08-16 22:12:59,575 SpawnProcess-10 INFO moldova_itw_2p0a7QigMjU_full.mp4: encoding clip 5/5 (58.859s to 65.065s)
2026-08-16 22:13:01,140 SpawnProcess-16 INFO moldova_itw_RTlsKim_4b0_198s-553s.mp4: encoding clip 5/10 (122.600s to 132.600s)
2026-08-16 22:13:01,175 SpawnProcess-4 INFO moldova_itw_UmZBtYwEDF0_0s-102s.mp4: encoding clip 7/7 (13.347s to 18.760s)
2026-08-16 22:13:01,481 SpawnProcess-5 INFO maramures_studio_ZkWgk05ZNZs_105s-475s.mp4: completed
2026-08-16 22:13:01,489 SpawnProcess-5 INFO Loading detection cache: ../videos_detections/moldova_itw_YIAUWG1XV_A_0s-315s/detections.json
2026-08-16 22:13:01,880 SpawnProcess-5 INFO moldova_itw_YIAUWG1XV_A_0s-315s.mp4: duration=315.0s, samples=1576, tracks=2
2026-08-16 22:13:03,194 SpawnProcess-15 INFO moldova_itw_XaC63Vb40qs_152s-780s.mp4: VAD found 49 speech intervals
2026-08-16 22:13:03,819 SpawnProcess-2 INFO moldova_itw_IvcQywnfx4k_0s-340s.mp4: encoding clip 11/14 (135.600s to 143.000s)
2026-08-16 22:13:06,589 SpawnProcess-16 INFO moldova_itw_RTlsKim_4b0_198s-553s.mp4: encoding clip 6/10 (259.600s to 266.000s)
2026-08-16 22:13:07,384 SpawnProcess-6 INFO moldova_itw_5bM-D2mXxMA_77s-480s.mp4: encoding clip 4/15 (83.884s to 93.293s)
2026-08-16 22:13:07,918 SpawnProcess-4 INFO moldova_itw_UmZBtYwEDF0_0s-102s.mp4: completed
2026-08-16 22:13:07,933 SpawnProcess-4 INFO Loading detection cache: ../videos_detections/moldova_itw__vZPTcVqDXc_0s-330s/detections.json
2026-08-16 22:13:08,401 SpawnProcess-4 INFO moldova_itw__vZPTcVqDXc_0s-330s.mp4: duration=330.0s, samples=1651, tracks=302
2026-08-16 22:13:09,344 SpawnProcess-5 INFO moldova_itw_YIAUWG1XV_A_0s-315s.mp4: VAD found 92 speech intervals
2026-08-16 22:13:10,030 SpawnProcess-16 INFO moldova_itw_RTlsKim_4b0_198s-553s.mp4: encoding clip 7/10 (226.600s to 236.600s)
2026-08-16 22:13:10,334 SpawnProcess-2 INFO moldova_itw_IvcQywnfx4k_0s-340s.mp4: encoding clip 12/14 (194.200s to 199.600s)
2026-08-16 22:13:14,635 SpawnProcess-4 INFO moldova_itw__vZPTcVqDXc_0s-330s.mp4: VAD found 38 speech intervals
2026-08-16 22:13:15,397 SpawnProcess-9 INFO maramures_studio_XrKgabRcDH4_1392s-1805s.mp4: encoding clip 12/15 (198.200s to 205.200s)
2026-08-16 22:13:16,569 SpawnProcess-16 INFO moldova_itw_RTlsKim_4b0_198s-553s.mp4: encoding clip 8/10 (317.000s to 324.800s)
2026-08-16 22:13:16,850 SpawnProcess-7 INFO maramures_studio_QdTq_r1UP8E_355s-784s.mp4: encoding clip 11/15 (381.200s to 388.000s)
2026-08-16 22:13:17,119 SpawnProcess-2 INFO moldova_itw_IvcQywnfx4k_0s-340s.mp4: encoding clip 13/14 (61.000s to 70.800s)
2026-08-16 22:13:17,214 SpawnProcess-6 INFO moldova_itw_5bM-D2mXxMA_77s-480s.mp4: encoding clip 5/15 (337.337s to 343.543s)
2026-08-16 22:13:21,051 SpawnProcess-16 INFO moldova_itw_RTlsKim_4b0_198s-553s.mp4: encoding clip 9/10 (194.800s to 204.800s)
2026-08-16 22:13:25,598 SpawnProcess-2 INFO moldova_itw_IvcQywnfx4k_0s-340s.mp4: encoding clip 14/14 (294.400s to 300.600s)
2026-08-16 22:13:26,449 SpawnProcess-6 INFO moldova_itw_5bM-D2mXxMA_77s-480s.mp4: encoding clip 6/15 (125.926s to 130.931s)
2026-08-16 22:13:26,589 SpawnProcess-16 INFO moldova_itw_RTlsKim_4b0_198s-553s.mp4: encoding clip 10/10 (132.600s to 142.600s)
2026-08-16 22:13:29,324 SpawnProcess-10 INFO moldova_itw_2p0a7QigMjU_full.mp4: completed
2026-08-16 22:13:29,353 SpawnProcess-10 INFO Loading detection cache: ../videos_detections/moldova_itw_bN7FXOyregQ_full/detections.json
2026-08-16 22:13:29,816 SpawnProcess-10 INFO moldova_itw_bN7FXOyregQ_full.mp4: duration=145.1s, samples=726, tracks=2
2026-08-16 22:13:31,401 SpawnProcess-13 INFO moldova_itw_SO2vep84ZwA_0s-390s.mp4: selected 15 clips
2026-08-16 22:13:31,403 SpawnProcess-13 INFO moldova_itw_SO2vep84ZwA_0s-390s.mp4: encoding clip 1/15 (316.600s to 322.000s)
2026-08-16 22:13:31,555 SpawnProcess-9 INFO maramures_studio_XrKgabRcDH4_1392s-1805s.mp4: encoding clip 13/15 (369.600s to 378.000s)
2026-08-16 22:13:31,583 SpawnProcess-2 INFO moldova_itw_IvcQywnfx4k_0s-340s.mp4: completed
2026-08-16 22:13:31,599 SpawnProcess-2 INFO Loading detection cache: ../videos_detections/moldova_itw_c-SOl7TYoNs_full/detections.json
2026-08-16 22:13:31,927 SpawnProcess-2 INFO moldova_itw_c-SOl7TYoNs_full.mp4: duration=201.8s, samples=1009, tracks=1
2026-08-16 22:13:32,133 SpawnProcess-16 INFO moldova_itw_RTlsKim_4b0_198s-553s.mp4: completed
2026-08-16 22:13:32,149 SpawnProcess-16 INFO Loading detection cache: ../videos_detections/moldova_itw_cSJ_4Ztb3f4_45s-448s/detections.json
2026-08-16 22:13:32,467 SpawnProcess-16 INFO moldova_itw_cSJ_4Ztb3f4_45s-448s.mp4: duration=403.0s, samples=2016, tracks=5
2026-08-16 22:13:32,718 SpawnProcess-10 INFO moldova_itw_bN7FXOyregQ_full.mp4: VAD found 9 speech intervals
2026-08-16 22:13:33,266 SpawnProcess-7 INFO maramures_studio_QdTq_r1UP8E_355s-784s.mp4: encoding clip 12/15 (91.800s to 101.800s)
2026-08-16 22:13:33,650 SpawnProcess-6 INFO moldova_itw_5bM-D2mXxMA_77s-480s.mp4: encoding clip 7/15 (318.118s to 323.123s)
2026-08-16 22:13:33,749 SpawnProcess-12 INFO moldova_itw_LinGXP5u_xg_full.mp4: selected 15 clips
2026-08-16 22:13:33,751 SpawnProcess-12 INFO moldova_itw_LinGXP5u_xg_full.mp4: encoding clip 1/15 (320.200s to 326.400s)
2026-08-16 22:13:34,094 SpawnProcess-13 INFO moldova_itw_SO2vep84ZwA_0s-390s.mp4: encoding clip 2/15 (147.800s to 157.800s)
2026-08-16 22:13:35,481 SpawnProcess-2 INFO moldova_itw_c-SOl7TYoNs_full.mp4: VAD found 73 speech intervals
2026-08-16 22:13:38,354 SpawnProcess-13 INFO moldova_itw_SO2vep84ZwA_0s-390s.mp4: encoding clip 3/15 (116.600s to 126.600s)
2026-08-16 22:13:39,593 SpawnProcess-16 INFO moldova_itw_cSJ_4Ztb3f4_45s-448s.mp4: VAD found 48 speech intervals
2026-08-16 22:13:39,715 SpawnProcess-8 INFO moldova_itw_Y8Og87FqIuc_80s-170s.mp4: selected 5 clips
2026-08-16 22:13:39,718 SpawnProcess-8 INFO moldova_itw_Y8Og87FqIuc_80s-170s.mp4: encoding clip 1/5 (49.239s to 59.239s)
2026-08-16 22:13:39,952 SpawnProcess-6 INFO moldova_itw_5bM-D2mXxMA_77s-480s.mp4: encoding clip 8/15 (286.887s to 293.894s)
2026-08-16 22:13:41,004 SpawnProcess-12 INFO moldova_itw_LinGXP5u_xg_full.mp4: encoding clip 2/15 (58.800s to 66.000s)
2026-08-16 22:13:42,773 SpawnProcess-13 INFO moldova_itw_SO2vep84ZwA_0s-390s.mp4: encoding clip 4/15 (136.600s to 146.000s)
2026-08-16 22:13:47,436 SpawnProcess-9 INFO maramures_studio_XrKgabRcDH4_1392s-1805s.mp4: encoding clip 14/15 (35.200s to 42.800s)
2026-08-16 22:13:47,885 SpawnProcess-13 INFO moldova_itw_SO2vep84ZwA_0s-390s.mp4: encoding clip 5/15 (324.000s to 334.000s)
2026-08-16 22:13:48,260 SpawnProcess-8 INFO moldova_itw_Y8Og87FqIuc_80s-170s.mp4: encoding clip 2/5 (39.239s to 49.239s)
2026-08-16 22:13:48,887 SpawnProcess-6 INFO moldova_itw_5bM-D2mXxMA_77s-480s.mp4: encoding clip 9/15 (138.739s to 145.345s)
2026-08-16 22:13:49,113 SpawnProcess-12 INFO moldova_itw_LinGXP5u_xg_full.mp4: encoding clip 3/15 (110.600s to 120.600s)
2026-08-16 22:13:50,824 SpawnProcess-7 INFO maramures_studio_QdTq_r1UP8E_355s-784s.mp4: encoding clip 13/15 (0.000s to 10.000s)
2026-08-16 22:13:51,743 SpawnProcess-13 INFO moldova_itw_SO2vep84ZwA_0s-390s.mp4: encoding clip 6/15 (274.800s to 284.800s)
2026-08-16 22:13:56,468 SpawnProcess-8 INFO moldova_itw_Y8Og87FqIuc_80s-170s.mp4: encoding clip 3/5 (63.063s to 69.469s)
2026-08-16 22:13:57,205 SpawnProcess-13 INFO moldova_itw_SO2vep84ZwA_0s-390s.mp4: encoding clip 7/15 (260.400s to 266.000s)
2026-08-16 22:13:57,303 SpawnProcess-6 INFO moldova_itw_5bM-D2mXxMA_77s-480s.mp4: encoding clip 10/15 (152.552s to 159.759s)
2026-08-16 22:13:59,224 SpawnProcess-12 INFO moldova_itw_LinGXP5u_xg_full.mp4: encoding clip 4/15 (184.600s to 193.600s)
2026-08-16 22:14:00,818 SpawnProcess-13 INFO moldova_itw_SO2vep84ZwA_0s-390s.mp4: encoding clip 8/15 (98.400s to 108.400s)
2026-08-16 22:14:02,025 SpawnProcess-8 INFO moldova_itw_Y8Og87FqIuc_80s-170s.mp4: encoding clip 4/5 (22.623s to 32.623s)
2026-08-16 22:14:02,461 SpawnProcess-9 INFO maramures_studio_XrKgabRcDH4_1392s-1805s.mp4: encoding clip 15/15 (25.200s to 35.200s)
2026-08-16 22:14:05,439 SpawnProcess-13 INFO moldova_itw_SO2vep84ZwA_0s-390s.mp4: encoding clip 9/15 (108.400s to 115.600s)
2026-08-16 22:14:07,217 SpawnProcess-6 INFO moldova_itw_5bM-D2mXxMA_77s-480s.mp4: encoding clip 11/15 (277.277s to 282.282s)
2026-08-16 22:14:09,779 SpawnProcess-7 INFO maramures_studio_QdTq_r1UP8E_355s-784s.mp4: encoding clip 14/15 (408.000s to 418.000s)
2026-08-16 22:14:09,886 SpawnProcess-12 INFO moldova_itw_LinGXP5u_xg_full.mp4: encoding clip 5/15 (67.000s to 74.400s)
2026-08-16 22:14:10,101 SpawnProcess-13 INFO moldova_itw_SO2vep84ZwA_0s-390s.mp4: encoding clip 10/15 (223.000s to 232.800s)
2026-08-16 22:14:10,402 SpawnProcess-8 INFO moldova_itw_Y8Og87FqIuc_80s-170s.mp4: encoding clip 5/5 (6.807s to 13.213s)
2026-08-16 22:14:14,643 SpawnProcess-6 INFO moldova_itw_5bM-D2mXxMA_77s-480s.mp4: encoding clip 12/15 (4.605s to 9.610s)
2026-08-16 22:14:15,468 SpawnProcess-13 INFO moldova_itw_SO2vep84ZwA_0s-390s.mp4: encoding clip 11/15 (368.400s to 376.000s)
2026-08-16 22:14:17,112 SpawnProcess-8 INFO moldova_itw_Y8Og87FqIuc_80s-170s.mp4: completed
2026-08-16 22:14:17,120 SpawnProcess-8 INFO Loading detection cache: ../videos_detections/moldova_itw_c_gwHHRy_so_full/detections.json
2026-08-16 22:14:17,737 SpawnProcess-8 INFO moldova_itw_c_gwHHRy_so_full.mp4: duration=109.8s, samples=527, tracks=109
2026-08-16 22:14:19,101 SpawnProcess-12 INFO moldova_itw_LinGXP5u_xg_full.mp4: encoding clip 6/15 (338.000s to 348.000s)
2026-08-16 22:14:20,303 SpawnProcess-13 INFO moldova_itw_SO2vep84ZwA_0s-390s.mp4: encoding clip 12/15 (53.200s to 59.000s)
2026-08-16 22:14:21,251 SpawnProcess-8 INFO moldova_itw_c_gwHHRy_so_full.mp4: VAD found 9 speech intervals
2026-08-16 22:14:21,447 SpawnProcess-6 INFO moldova_itw_5bM-D2mXxMA_77s-480s.mp4: encoding clip 13/15 (176.376s to 186.376s)
2026-08-16 22:14:22,654 SpawnProcess-9 INFO maramures_studio_XrKgabRcDH4_1392s-1805s.mp4: completed
2026-08-16 22:14:22,681 SpawnProcess-9 INFO Loading detection cache: ../videos_detections/moldova_itw_eZ0Xq0xz5Z8_0s-245s/detections.json
2026-08-16 22:14:23,081 SpawnProcess-9 INFO moldova_itw_eZ0Xq0xz5Z8_0s-245s.mp4: duration=245.0s, samples=1226, tracks=9
2026-08-16 22:14:23,631 SpawnProcess-13 INFO moldova_itw_SO2vep84ZwA_0s-390s.mp4: encoding clip 13/15 (126.600s to 136.600s)
2026-08-16 22:14:23,839 SpawnProcess-10 INFO moldova_itw_bN7FXOyregQ_full.mp4: selected 10 clips
2026-08-16 22:14:23,847 SpawnProcess-10 INFO moldova_itw_bN7FXOyregQ_full.mp4: encoding clip 1/10 (49.000s to 59.000s)
2026-08-16 22:14:29,082 SpawnProcess-10 INFO moldova_itw_bN7FXOyregQ_full.mp4: encoding clip 2/10 (124.000s to 134.000s)
2026-08-16 22:14:29,428 SpawnProcess-9 INFO moldova_itw_eZ0Xq0xz5Z8_0s-245s.mp4: VAD found 17 speech intervals
2026-08-16 22:14:29,432 SpawnProcess-13 INFO moldova_itw_SO2vep84ZwA_0s-390s.mp4: encoding clip 14/15 (81.000s to 91.000s)
2026-08-16 22:14:29,870 SpawnProcess-7 INFO maramures_studio_QdTq_r1UP8E_355s-784s.mp4: encoding clip 15/15 (51.400s to 61.400s)
2026-08-16 22:14:30,199 SpawnProcess-12 INFO moldova_itw_LinGXP5u_xg_full.mp4: encoding clip 7/15 (212.200s to 217.200s)
2026-08-16 22:14:32,842 SpawnProcess-6 INFO moldova_itw_5bM-D2mXxMA_77s-480s.mp4: encoding clip 14/15 (358.148s to 366.366s)
2026-08-16 22:14:33,520 SpawnProcess-10 INFO moldova_itw_bN7FXOyregQ_full.mp4: encoding clip 3/10 (134.000s to 144.000s)
2026-08-16 22:14:33,950 SpawnProcess-13 INFO moldova_itw_SO2vep84ZwA_0s-390s.mp4: encoding clip 15/15 (306.600s to 316.600s)
2026-08-16 22:14:37,881 SpawnProcess-12 INFO moldova_itw_LinGXP5u_xg_full.mp4: encoding clip 8/15 (173.800s to 183.600s)
2026-08-16 22:14:38,106 SpawnProcess-10 INFO moldova_itw_bN7FXOyregQ_full.mp4: encoding clip 4/10 (114.200s to 122.400s)
2026-08-16 22:14:39,216 SpawnProcess-13 INFO moldova_itw_SO2vep84ZwA_0s-390s.mp4: completed
2026-08-16 22:14:39,229 SpawnProcess-13 INFO Loading detection cache: ../videos_detections/moldova_itw_feg22NDNggA_190s-533s/detections.json
2026-08-16 22:14:39,496 SpawnProcess-13 INFO moldova_itw_feg22NDNggA_190s-533s.mp4: duration=95.8s, samples=479, tracks=1
2026-08-16 22:14:42,417 SpawnProcess-10 INFO moldova_itw_bN7FXOyregQ_full.mp4: encoding clip 5/10 (6.400s to 16.400s)
2026-08-16 22:14:42,580 SpawnProcess-6 INFO moldova_itw_5bM-D2mXxMA_77s-480s.mp4: encoding clip 15/15 (161.962s to 166.967s)
2026-08-16 22:14:46,367 SpawnProcess-10 INFO moldova_itw_bN7FXOyregQ_full.mp4: encoding clip 6/10 (104.200s to 114.200s)
2026-08-16 22:14:48,169 SpawnProcess-13 INFO moldova_itw_feg22NDNggA_190s-533s.mp4: VAD found 44 speech intervals
2026-08-16 22:14:48,343 SpawnProcess-12 INFO moldova_itw_LinGXP5u_xg_full.mp4: encoding clip 9/15 (136.600s to 146.400s)
2026-08-16 22:14:49,248 SpawnProcess-2 INFO moldova_itw_c-SOl7TYoNs_full.mp4: selected 4 clips
2026-08-16 22:14:49,251 SpawnProcess-2 INFO moldova_itw_c-SOl7TYoNs_full.mp4: encoding clip 1/4 (190.600s to 196.800s)
2026-08-16 22:14:50,333 SpawnProcess-7 INFO maramures_studio_QdTq_r1UP8E_355s-784s.mp4: completed
2026-08-16 22:14:50,341 SpawnProcess-7 INFO Loading detection cache: ../videos_detections/moldova_itw_icIE5zodw8o_0s-300s/detections.json
2026-08-16 22:14:50,582 SpawnProcess-6 INFO moldova_itw_5bM-D2mXxMA_77s-480s.mp4: completed
2026-08-16 22:14:50,589 SpawnProcess-7 INFO moldova_itw_icIE5zodw8o_0s-300s.mp4: duration=300.0s, samples=1501, tracks=5
2026-08-16 22:14:50,594 SpawnProcess-6 INFO Loading detection cache: ../videos_detections/moldova_itw_mvTjyko3aUU_0s-361s/detections.json
2026-08-16 22:14:50,697 SpawnProcess-10 INFO moldova_itw_bN7FXOyregQ_full.mp4: encoding clip 7/10 (91.400s to 101.400s)
2026-08-16 22:14:50,946 SpawnProcess-6 INFO moldova_itw_mvTjyko3aUU_0s-361s.mp4: duration=361.0s, samples=1806, tracks=1
2026-08-16 22:14:52,327 SpawnProcess-2 INFO moldova_itw_c-SOl7TYoNs_full.mp4: encoding clip 2/4 (120.600s to 126.000s)
2026-08-16 22:14:54,453 SpawnProcess-10 INFO moldova_itw_bN7FXOyregQ_full.mp4: encoding clip 8/10 (62.200s to 70.400s)
2026-08-16 22:14:55,108 SpawnProcess-2 INFO moldova_itw_c-SOl7TYoNs_full.mp4: encoding clip 3/4 (152.400s to 160.800s)
2026-08-16 22:14:56,651 SpawnProcess-7 INFO moldova_itw_icIE5zodw8o_0s-300s.mp4: VAD found 45 speech intervals
2026-08-16 22:14:58,125 SpawnProcess-6 INFO moldova_itw_mvTjyko3aUU_0s-361s.mp4: VAD found 84 speech intervals
2026-08-16 22:14:58,253 SpawnProcess-10 INFO moldova_itw_bN7FXOyregQ_full.mp4: encoding clip 9/10 (71.400s to 81.400s)
2026-08-16 22:14:58,676 SpawnProcess-2 INFO moldova_itw_c-SOl7TYoNs_full.mp4: encoding clip 4/4 (113.000s to 118.800s)
2026-08-16 22:14:58,920 SpawnProcess-12 INFO moldova_itw_LinGXP5u_xg_full.mp4: encoding clip 10/15 (238.600s to 248.600s)
2026-08-16 22:15:01,560 SpawnProcess-2 INFO moldova_itw_c-SOl7TYoNs_full.mp4: completed
2026-08-16 22:15:01,581 SpawnProcess-2 INFO Loading detection cache: ../videos_detections/moldova_itw_plDb1FACjTk_full/detections.json
2026-08-16 22:15:02,234 SpawnProcess-2 INFO moldova_itw_plDb1FACjTk_full.mp4: duration=373.7s, samples=1792, tracks=2
2026-08-16 22:15:02,522 SpawnProcess-10 INFO moldova_itw_bN7FXOyregQ_full.mp4: encoding clip 10/10 (81.400s to 91.400s)
2026-08-16 22:15:04,587 SpawnProcess-11 INFO moldova_itw_VnoTixs2emE_full.mp4: selected 2 clips
2026-08-16 22:15:04,588 SpawnProcess-11 INFO moldova_itw_VnoTixs2emE_full.mp4: encoding clip 1/2 (117.800s to 127.800s)
2026-08-16 22:15:06,103 SpawnProcess-10 INFO moldova_itw_bN7FXOyregQ_full.mp4: completed
2026-08-16 22:15:06,118 SpawnProcess-10 INFO Loading detection cache: ../videos_detections/moldova_itw_srXEY7VqcM0_full/detections.json
2026-08-16 22:15:06,797 SpawnProcess-10 INFO moldova_itw_srXEY7VqcM0_full.mp4: duration=96.0s, samples=481, tracks=6
2026-08-16 22:15:08,049 SpawnProcess-14 INFO moldova_itw_UmZBtYwEDF0_120s-498s.mp4: selected 15 clips
2026-08-16 22:15:08,054 SpawnProcess-14 INFO moldova_itw_UmZBtYwEDF0_120s-498s.mp4: encoding clip 1/15 (243.984s to 248.990s)
2026-08-16 22:15:08,796 SpawnProcess-12 INFO moldova_itw_LinGXP5u_xg_full.mp4: encoding clip 11/15 (33.400s to 39.600s)
2026-08-16 22:15:09,214 SpawnProcess-10 INFO moldova_itw_srXEY7VqcM0_full.mp4: VAD found 5 speech intervals
2026-08-16 22:15:10,059 SpawnProcess-2 INFO moldova_itw_plDb1FACjTk_full.mp4: VAD found 82 speech intervals
2026-08-16 22:15:13,372 SpawnProcess-4 INFO moldova_itw__vZPTcVqDXc_0s-330s.mp4: selected 15 clips
2026-08-16 22:15:13,375 SpawnProcess-4 INFO moldova_itw__vZPTcVqDXc_0s-330s.mp4: encoding clip 1/15 (201.800s to 211.800s)
2026-08-16 22:15:14,424 SpawnProcess-14 INFO moldova_itw_UmZBtYwEDF0_120s-498s.mp4: encoding clip 2/15 (204.162s to 210.618s)
2026-08-16 22:15:16,040 SpawnProcess-12 INFO moldova_itw_LinGXP5u_xg_full.mp4: encoding clip 12/15 (77.800s to 84.000s)
2026-08-16 22:15:20,281 SpawnProcess-4 INFO moldova_itw__vZPTcVqDXc_0s-330s.mp4: encoding clip 2/15 (231.800s to 237.200s)
2026-08-16 22:15:21,127 SpawnProcess-3 INFO moldova_itw_WsRGyInWGuA_full.mp4: selected 15 clips
2026-08-16 22:15:21,128 SpawnProcess-3 INFO moldova_itw_WsRGyInWGuA_full.mp4: encoding clip 1/15 (10.600s to 20.600s)
2026-08-16 22:15:21,654 SpawnProcess-14 INFO moldova_itw_UmZBtYwEDF0_120s-498s.mp4: encoding clip 3/15 (44.628s to 50.042s)
2026-08-16 22:15:23,395 SpawnProcess-12 INFO moldova_itw_LinGXP5u_xg_full.mp4: encoding clip 13/15 (298.200s to 303.600s)
2026-08-16 22:15:24,709 SpawnProcess-4 INFO moldova_itw__vZPTcVqDXc_0s-330s.mp4: encoding clip 3/15 (106.800s to 116.800s)
2026-08-16 22:15:25,875 SpawnProcess-11 INFO moldova_itw_VnoTixs2emE_full.mp4: encoding clip 2/2 (127.800s to 134.000s)
2026-08-16 22:15:28,111 SpawnProcess-14 INFO moldova_itw_UmZBtYwEDF0_120s-498s.mp4: encoding clip 4/15 (342.842s to 350.550s)
2026-08-16 22:15:31,178 SpawnProcess-12 INFO moldova_itw_LinGXP5u_xg_full.mp4: encoding clip 14/15 (25.000s to 32.400s)
2026-08-16 22:15:32,603 SpawnProcess-4 INFO moldova_itw__vZPTcVqDXc_0s-330s.mp4: encoding clip 4/15 (191.800s to 201.800s)
2026-08-16 22:15:34,579 SpawnProcess-3 INFO moldova_itw_WsRGyInWGuA_full.mp4: encoding clip 2/15 (20.600s to 30.600s)
2026-08-16 22:15:37,321 SpawnProcess-14 INFO moldova_itw_UmZBtYwEDF0_120s-498s.mp4: encoding clip 5/15 (161.411s to 168.910s)
2026-08-16 22:15:38,564 SpawnProcess-8 INFO moldova_itw_c_gwHHRy_so_full.mp4: selected 7 clips
2026-08-16 22:15:38,565 SpawnProcess-8 INFO moldova_itw_c_gwHHRy_so_full.mp4: encoding clip 1/7 (46.875s to 56.875s)
2026-08-16 22:15:40,109 SpawnProcess-4 INFO moldova_itw__vZPTcVqDXc_0s-330s.mp4: encoding clip 5/15 (33.600s to 43.000s)
2026-08-16 22:15:40,431 SpawnProcess-12 INFO moldova_itw_LinGXP5u_xg_full.mp4: encoding clip 15/15 (150.200s to 160.200s)
2026-08-16 22:15:41,501 SpawnProcess-11 INFO moldova_itw_VnoTixs2emE_full.mp4: completed
2026-08-16 22:15:41,512 SpawnProcess-11 INFO Loading detection cache: ../videos_detections/moldova_itw_vjyPpL7iJFI_full/detections.json
2026-08-16 22:15:41,972 SpawnProcess-11 INFO moldova_itw_vjyPpL7iJFI_full.mp4: duration=205.0s, samples=984, tracks=63
2026-08-16 22:15:46,585 SpawnProcess-14 INFO moldova_itw_UmZBtYwEDF0_120s-498s.mp4: encoding clip 6/15 (27.945s to 37.945s)
2026-08-16 22:15:47,543 SpawnProcess-11 INFO moldova_itw_vjyPpL7iJFI_full.mp4: VAD found 37 speech intervals
2026-08-16 22:15:48,458 SpawnProcess-4 INFO moldova_itw__vZPTcVqDXc_0s-330s.mp4: encoding clip 6/15 (21.800s to 28.200s)
2026-08-16 22:15:51,631 SpawnProcess-12 INFO moldova_itw_LinGXP5u_xg_full.mp4: completed
2026-08-16 22:15:51,661 SpawnProcess-12 INFO Loading detection cache: ../videos_detections/moldova_itw_wEyyQSU7nvQ_0s-390s/detections.json
2026-08-16 22:15:51,791 SpawnProcess-3 INFO moldova_itw_WsRGyInWGuA_full.mp4: encoding clip 3/15 (72.200s to 78.000s)
2026-08-16 22:15:52,457 SpawnProcess-12 INFO moldova_itw_wEyyQSU7nvQ_0s-390s.mp4: duration=390.1s, samples=1949, tracks=2
2026-08-16 22:15:53,497 SpawnProcess-8 INFO moldova_itw_c_gwHHRy_so_full.mp4: encoding clip 2/7 (83.125s to 92.700s)
2026-08-16 22:15:54,289 SpawnProcess-4 INFO moldova_itw__vZPTcVqDXc_0s-330s.mp4: encoding clip 7/15 (160.400s to 170.400s)
2026-08-16 22:15:56,354 SpawnProcess-14 INFO moldova_itw_UmZBtYwEDF0_120s-498s.mp4: encoding clip 7/15 (110.944s to 120.944s)
2026-08-16 22:15:59,993 SpawnProcess-12 INFO moldova_itw_wEyyQSU7nvQ_0s-390s.mp4: VAD found 44 speech intervals
2026-08-16 22:16:01,375 SpawnProcess-3 INFO moldova_itw_WsRGyInWGuA_full.mp4: encoding clip 4/15 (34.600s to 40.800s)
2026-08-16 22:16:02,305 SpawnProcess-4 INFO moldova_itw__vZPTcVqDXc_0s-330s.mp4: encoding clip 8/15 (142.800s to 149.000s)
2026-08-16 22:16:06,985 SpawnProcess-14 INFO moldova_itw_UmZBtYwEDF0_120s-498s.mp4: encoding clip 8/15 (95.721s to 101.760s)
2026-08-16 22:16:08,335 SpawnProcess-8 INFO moldova_itw_c_gwHHRy_so_full.mp4: encoding clip 3/7 (27.917s to 36.450s)
2026-08-16 22:16:08,482 SpawnProcess-4 INFO moldova_itw__vZPTcVqDXc_0s-330s.mp4: encoding clip 9/15 (254.800s to 264.800s)
2026-08-16 22:16:09,526 SpawnProcess-13 INFO moldova_itw_feg22NDNggA_190s-533s.mp4: selected 3 clips
2026-08-16 22:16:09,529 SpawnProcess-13 INFO moldova_itw_feg22NDNggA_190s-533s.mp4: encoding clip 1/3 (31.000s to 39.000s)
2026-08-16 22:16:10,796 SpawnProcess-3 INFO moldova_itw_WsRGyInWGuA_full.mp4: encoding clip 5/15 (182.200s to 192.200s)
2026-08-16 22:16:13,561 SpawnProcess-5 INFO moldova_itw_YIAUWG1XV_A_0s-315s.mp4: selected 6 clips
2026-08-16 22:16:13,567 SpawnProcess-5 INFO moldova_itw_YIAUWG1XV_A_0s-315s.mp4: encoding clip 1/6 (224.800s to 233.000s)
2026-08-16 22:16:15,140 SpawnProcess-14 INFO moldova_itw_UmZBtYwEDF0_120s-498s.mp4: encoding clip 9/15 (299.049s to 304.463s)
2026-08-16 22:16:16,818 SpawnProcess-4 INFO moldova_itw__vZPTcVqDXc_0s-330s.mp4: encoding clip 10/15 (94.800s to 101.800s)
2026-08-16 22:16:23,111 SpawnProcess-8 INFO moldova_itw_c_gwHHRy_so_full.mp4: encoding clip 4/7 (56.875s to 66.875s)
2026-08-16 22:16:23,246 SpawnProcess-13 INFO moldova_itw_feg22NDNggA_190s-533s.mp4: encoding clip 2/3 (41.800s to 46.800s)
2026-08-16 22:16:23,513 SpawnProcess-4 INFO moldova_itw__vZPTcVqDXc_0s-330s.mp4: encoding clip 11/15 (150.400s to 160.400s)
2026-08-16 22:16:24,461 SpawnProcess-5 INFO moldova_itw_YIAUWG1XV_A_0s-315s.mp4: encoding clip 2/6 (247.400s to 254.800s)
2026-08-16 22:16:24,503 SpawnProcess-14 INFO moldova_itw_UmZBtYwEDF0_120s-498s.mp4: encoding clip 10/15 (195.821s to 203.320s)
2026-08-16 22:16:25,770 SpawnProcess-3 INFO moldova_itw_WsRGyInWGuA_full.mp4: encoding clip 6/15 (113.400s to 123.400s)
2026-08-16 22:16:31,707 SpawnProcess-4 INFO moldova_itw__vZPTcVqDXc_0s-330s.mp4: encoding clip 12/15 (296.200s to 303.000s)
2026-08-16 22:16:33,587 SpawnProcess-14 INFO moldova_itw_UmZBtYwEDF0_120s-498s.mp4: encoding clip 11/15 (0.626s to 10.626s)
2026-08-16 22:16:34,509 SpawnProcess-13 INFO moldova_itw_feg22NDNggA_190s-533s.mp4: encoding clip 3/3 (56.200s to 64.000s)
2026-08-16 22:16:37,689 SpawnProcess-5 INFO moldova_itw_YIAUWG1XV_A_0s-315s.mp4: encoding clip 3/6 (272.600s to 282.600s)
2026-08-16 22:16:39,510 SpawnProcess-4 INFO moldova_itw__vZPTcVqDXc_0s-330s.mp4: encoding clip 13/15 (170.400s to 175.600s)
2026-08-16 22:16:42,148 SpawnProcess-15 INFO moldova_itw_XaC63Vb40qs_152s-780s.mp4: selected 15 clips
2026-08-16 22:16:42,154 SpawnProcess-15 INFO moldova_itw_XaC63Vb40qs_152s-780s.mp4: encoding clip 1/15 (382.400s to 392.400s)
2026-08-16 22:16:42,961 SpawnProcess-3 INFO moldova_itw_WsRGyInWGuA_full.mp4: encoding clip 7/15 (103.400s to 113.400s)
2026-08-16 22:16:43,347 SpawnProcess-8 INFO moldova_itw_c_gwHHRy_so_full.mp4: encoding clip 5/7 (96.667s to 103.534s)
2026-08-16 22:16:45,062 SpawnProcess-4 INFO moldova_itw__vZPTcVqDXc_0s-330s.mp4: encoding clip 14/15 (275.800s to 285.800s)
2026-08-16 22:16:45,571 SpawnProcess-13 INFO moldova_itw_feg22NDNggA_190s-533s.mp4: completed
2026-08-16 22:16:45,578 SpawnProcess-13 INFO Loading detection cache: ../videos_detections/moldova_itw_wOXq2j2c5vc_full/detections.json
2026-08-16 22:16:45,978 SpawnProcess-14 INFO moldova_itw_UmZBtYwEDF0_120s-498s.mp4: encoding clip 12/15 (81.123s to 91.123s)
2026-08-16 22:16:46,668 SpawnProcess-13 INFO moldova_itw_wOXq2j2c5vc_full.mp4: duration=251.4s, samples=1257, tracks=1067
2026-08-16 22:16:49,299 SpawnProcess-15 INFO moldova_itw_XaC63Vb40qs_152s-780s.mp4: encoding clip 2/15 (141.000s to 149.200s)
2026-08-16 22:16:49,671 SpawnProcess-5 INFO moldova_itw_YIAUWG1XV_A_0s-315s.mp4: encoding clip 4/6 (214.800s to 224.800s)
2026-08-16 22:16:53,696 SpawnProcess-4 INFO moldova_itw__vZPTcVqDXc_0s-330s.mp4: encoding clip 15/15 (211.800s to 219.000s)
2026-08-16 22:16:53,851 SpawnProcess-13 INFO moldova_itw_wOXq2j2c5vc_full.mp4: VAD found 40 speech intervals
2026-08-16 22:16:53,977 SpawnProcess-8 INFO moldova_itw_c_gwHHRy_so_full.mp4: encoding clip 6/7 (73.125s to 83.125s)
2026-08-16 22:16:56,076 SpawnProcess-15 INFO moldova_itw_XaC63Vb40qs_152s-780s.mp4: encoding clip 3/15 (76.000s to 86.000s)
2026-08-16 22:16:58,246 SpawnProcess-14 INFO moldova_itw_UmZBtYwEDF0_120s-498s.mp4: encoding clip 13/15 (177.052s to 187.052s)
2026-08-16 22:16:59,466 SpawnProcess-3 INFO moldova_itw_WsRGyInWGuA_full.mp4: encoding clip 8/15 (153.600s to 163.600s)
2026-08-16 22:16:59,775 SpawnProcess-4 INFO moldova_itw__vZPTcVqDXc_0s-330s.mp4: completed
2026-08-16 22:16:59,783 SpawnProcess-4 INFO Loading detection cache: ../videos_detections/moldova_itw_wOwMeMlDHZY_full/detections.json
2026-08-16 22:17:00,213 SpawnProcess-4 INFO moldova_itw_wOwMeMlDHZY_full.mp4: duration=110.1s, samples=551, tracks=126
2026-08-16 22:17:01,821 SpawnProcess-15 INFO moldova_itw_XaC63Vb40qs_152s-780s.mp4: encoding clip 4/15 (525.800s to 535.800s)
2026-08-16 22:17:03,057 SpawnProcess-4 INFO moldova_itw_wOwMeMlDHZY_full.mp4: VAD found 7 speech intervals
2026-08-16 22:17:03,059 SpawnProcess-5 INFO moldova_itw_YIAUWG1XV_A_0s-315s.mp4: encoding clip 5/6 (157.600s to 165.400s)
2026-08-16 22:17:04,949 SpawnProcess-1 INFO moldova_itw_V5-utq0N6xA_0s-450s.mp4: selected 14 clips
2026-08-16 22:17:04,950 SpawnProcess-1 INFO moldova_itw_V5-utq0N6xA_0s-450s.mp4: encoding clip 1/14 (19.603s to 29.603s)
2026-08-16 22:17:06,449 SpawnProcess-10 INFO moldova_itw_srXEY7VqcM0_full.mp4: selected 0 clips
2026-08-16 22:17:06,450 SpawnProcess-10 INFO moldova_itw_srXEY7VqcM0_full.mp4: zero-clip diagnostics: {'total_samples': 504, 'talking_samples': 101, 'longest_run_seconds': 4.8, 'eligible_talking_windows': 0, 'presence_rejected': 0, 'cut_rejected': 0, 'face_rejected': 0, 'speech_rejected': 0}
2026-08-16 22:17:06,451 SpawnProcess-10 INFO moldova_itw_srXEY7VqcM0_full.mp4: completed
2026-08-16 22:17:06,465 SpawnProcess-10 INFO Loading detection cache: ../videos_detections/moldova_itw_yNjZrNg_Uik_411s-961s/detections.json
2026-08-16 22:17:07,259 SpawnProcess-10 INFO moldova_itw_yNjZrNg_Uik_411s-961s.mp4: duration=550.2s, samples=2751, tracks=482
2026-08-16 22:17:09,665 SpawnProcess-15 INFO moldova_itw_XaC63Vb40qs_152s-780s.mp4: encoding clip 5/15 (535.800s to 545.800s)
2026-08-16 22:17:10,128 SpawnProcess-14 INFO moldova_itw_UmZBtYwEDF0_120s-498s.mp4: encoding clip 14/15 (329.496s to 336.786s)
2026-08-16 22:17:10,359 SpawnProcess-8 INFO moldova_itw_c_gwHHRy_so_full.mp4: encoding clip 7/7 (37.292s to 42.700s)
2026-08-16 22:17:13,765 SpawnProcess-3 INFO moldova_itw_WsRGyInWGuA_full.mp4: encoding clip 9/15 (123.400s to 133.400s)
2026-08-16 22:17:15,701 SpawnProcess-5 INFO moldova_itw_YIAUWG1XV_A_0s-315s.mp4: encoding clip 6/6 (282.600s to 292.000s)
2026-08-16 22:17:16,393 SpawnProcess-1 INFO moldova_itw_V5-utq0N6xA_0s-450s.mp4: encoding clip 2/14 (5.005s to 15.005s)
2026-08-16 22:17:17,045 SpawnProcess-15 INFO moldova_itw_XaC63Vb40qs_152s-780s.mp4: encoding clip 6/15 (343.400s to 353.400s)
2026-08-16 22:17:18,326 SpawnProcess-14 INFO moldova_itw_UmZBtYwEDF0_120s-498s.mp4: encoding clip 15/15 (61.311s to 70.895s)
2026-08-16 22:17:18,970 SpawnProcess-8 INFO moldova_itw_c_gwHHRy_so_full.mp4: completed
2026-08-16 22:17:18,975 SpawnProcess-8 INFO Loading detection cache: ../videos_detections/moldova_studio_0mZOc3ni-WA_148s-780s/detections.json
2026-08-16 22:17:19,226 SpawnProcess-6 INFO moldova_itw_mvTjyko3aUU_0s-361s.mp4: selected 15 clips
2026-08-16 22:17:19,230 SpawnProcess-6 INFO moldova_itw_mvTjyko3aUU_0s-361s.mp4: encoding clip 1/15 (132.800s to 142.800s)
2026-08-16 22:17:19,632 SpawnProcess-8 INFO moldova_studio_0mZOc3ni-WA_148s-780s.mp4: duration=632.0s, samples=3157, tracks=31
2026-08-16 22:17:21,521 SpawnProcess-10 INFO moldova_itw_yNjZrNg_Uik_411s-961s.mp4: VAD found 63 speech intervals
2026-08-16 22:17:23,672 SpawnProcess-15 INFO moldova_itw_XaC63Vb40qs_152s-780s.mp4: encoding clip 7/15 (332.000s to 337.400s)
2026-08-16 22:17:23,993 SpawnProcess-7 INFO moldova_itw_icIE5zodw8o_0s-300s.mp4: selected 5 clips
2026-08-16 22:17:23,996 SpawnProcess-7 INFO moldova_itw_icIE5zodw8o_0s-300s.mp4: encoding clip 1/5 (155.000s to 165.000s)
2026-08-16 22:17:28,057 SpawnProcess-1 INFO moldova_itw_V5-utq0N6xA_0s-450s.mp4: encoding clip 3/14 (191.650s to 199.149s)
2026-08-16 22:17:28,618 SpawnProcess-5 INFO moldova_itw_YIAUWG1XV_A_0s-315s.mp4: completed
2026-08-16 22:17:28,627 SpawnProcess-6 INFO moldova_itw_mvTjyko3aUU_0s-361s.mp4: encoding clip 2/15 (214.600s to 221.000s)
2026-08-16 22:17:28,632 SpawnProcess-5 INFO Loading detection cache: ../videos_detections/moldova_studio_16aWAxZ7dBg_0s-510s/detections.json
2026-08-16 22:17:29,128 SpawnProcess-5 INFO moldova_studio_16aWAxZ7dBg_0s-510s.mp4: duration=510.0s, samples=2550, tracks=33
2026-08-16 22:17:29,216 SpawnProcess-16 INFO moldova_itw_cSJ_4Ztb3f4_45s-448s.mp4: selected 15 clips
2026-08-16 22:17:29,218 SpawnProcess-16 INFO moldova_itw_cSJ_4Ztb3f4_45s-448s.mp4: encoding clip 1/15 (235.800s to 242.400s)
2026-08-16 22:17:29,384 SpawnProcess-14 INFO moldova_itw_UmZBtYwEDF0_120s-498s.mp4: completed
2026-08-16 22:17:29,392 SpawnProcess-14 INFO Loading detection cache: ../videos_detections/moldova_studio_1JhM1K87kaY_0s-352s/detections.json
2026-08-16 22:17:29,536 SpawnProcess-15 INFO moldova_itw_XaC63Vb40qs_152s-780s.mp4: encoding clip 8/15 (413.800s to 419.600s)
2026-08-16 22:17:29,672 SpawnProcess-14 INFO moldova_studio_1JhM1K87kaY_0s-352s.mp4: duration=352.1s, samples=1689, tracks=1
2026-08-16 22:17:29,701 SpawnProcess-3 INFO moldova_itw_WsRGyInWGuA_full.mp4: encoding clip 10/15 (163.600s to 173.600s)
2026-08-16 22:17:32,547 SpawnProcess-7 INFO moldova_itw_icIE5zodw8o_0s-300s.mp4: encoding clip 2/5 (292.600s to 299.800s)
2026-08-16 22:17:33,431 SpawnProcess-6 INFO moldova_itw_mvTjyko3aUU_0s-361s.mp4: encoding clip 3/15 (146.000s to 156.000s)
2026-08-16 22:17:34,208 SpawnProcess-15 INFO moldova_itw_XaC63Vb40qs_152s-780s.mp4: encoding clip 9/15 (513.800s to 522.800s)
2026-08-16 22:17:36,461 SpawnProcess-1 INFO moldova_itw_V5-utq0N6xA_0s-450s.mp4: encoding clip 4/14 (62.354s to 72.354s)
2026-08-16 22:17:36,595 SpawnProcess-8 INFO moldova_studio_0mZOc3ni-WA_148s-780s.mp4: VAD found 90 speech intervals
2026-08-16 22:17:36,911 SpawnProcess-14 INFO moldova_studio_1JhM1K87kaY_0s-352s.mp4: VAD found 20 speech intervals
2026-08-16 22:17:37,128 SpawnProcess-16 INFO moldova_itw_cSJ_4Ztb3f4_45s-448s.mp4: encoding clip 2/15 (350.800s to 360.800s)
2026-08-16 22:17:39,308 SpawnProcess-5 INFO moldova_studio_16aWAxZ7dBg_0s-510s.mp4: VAD found 70 speech intervals
2026-08-16 22:17:40,722 SpawnProcess-7 INFO moldova_itw_icIE5zodw8o_0s-300s.mp4: encoding clip 3/5 (203.000s to 213.000s)
2026-08-16 22:17:40,745 SpawnProcess-15 INFO moldova_itw_XaC63Vb40qs_152s-780s.mp4: encoding clip 10/15 (392.400s to 402.400s)
2026-08-16 22:17:40,774 SpawnProcess-6 INFO moldova_itw_mvTjyko3aUU_0s-361s.mp4: encoding clip 4/15 (179.800s to 189.800s)
2026-08-16 22:17:42,509 SpawnProcess-9 INFO moldova_itw_eZ0Xq0xz5Z8_0s-245s.mp4: selected 8 clips
2026-08-16 22:17:42,512 SpawnProcess-9 INFO moldova_itw_eZ0Xq0xz5Z8_0s-245s.mp4: encoding clip 1/8 (193.000s to 200.400s)
2026-08-16 22:17:46,874 SpawnProcess-3 INFO moldova_itw_WsRGyInWGuA_full.mp4: encoding clip 11/15 (142.600s to 151.600s)
2026-08-16 22:17:48,150 SpawnProcess-6 INFO moldova_itw_mvTjyko3aUU_0s-361s.mp4: encoding clip 5/15 (113.400s to 118.800s)
2026-08-16 22:17:48,254 SpawnProcess-16 INFO moldova_itw_cSJ_4Ztb3f4_45s-448s.mp4: encoding clip 3/15 (60.800s to 70.800s)
2026-08-16 22:17:49,457 SpawnProcess-15 INFO moldova_itw_XaC63Vb40qs_152s-780s.mp4: encoding clip 11/15 (105.000s to 112.200s)
2026-08-16 22:17:49,710 SpawnProcess-1 INFO moldova_itw_V5-utq0N6xA_0s-450s.mp4: encoding clip 5/14 (356.398s to 362.646s)
2026-08-16 22:17:49,779 SpawnProcess-7 INFO moldova_itw_icIE5zodw8o_0s-300s.mp4: encoding clip 4/5 (167.000s to 173.400s)
2026-08-16 22:17:52,081 SpawnProcess-9 INFO moldova_itw_eZ0Xq0xz5Z8_0s-245s.mp4: encoding clip 2/8 (236.200s to 244.800s)
2026-08-16 22:17:53,805 SpawnProcess-6 INFO moldova_itw_mvTjyko3aUU_0s-361s.mp4: encoding clip 6/15 (265.800s to 275.400s)
2026-08-16 22:17:55,092 SpawnProcess-15 INFO moldova_itw_XaC63Vb40qs_152s-780s.mp4: encoding clip 12/15 (257.600s to 263.400s)
2026-08-16 22:17:55,732 SpawnProcess-7 INFO moldova_itw_icIE5zodw8o_0s-300s.mp4: encoding clip 5/5 (219.200s to 224.800s)
2026-08-16 22:17:58,507 SpawnProcess-1 INFO moldova_itw_V5-utq0N6xA_0s-450s.mp4: encoding clip 6/14 (331.988s to 341.988s)
2026-08-16 22:17:58,737 SpawnProcess-3 INFO moldova_itw_WsRGyInWGuA_full.mp4: encoding clip 12/15 (173.600s to 181.000s)
2026-08-16 22:17:58,929 SpawnProcess-4 INFO moldova_itw_wOwMeMlDHZY_full.mp4: selected 10 clips
2026-08-16 22:17:58,930 SpawnProcess-4 INFO moldova_itw_wOwMeMlDHZY_full.mp4: encoding clip 1/10 (30.800s to 40.800s)
2026-08-16 22:18:00,731 SpawnProcess-15 INFO moldova_itw_XaC63Vb40qs_152s-780s.mp4: encoding clip 13/15 (287.600s to 293.400s)
2026-08-16 22:18:00,752 SpawnProcess-16 INFO moldova_itw_cSJ_4Ztb3f4_45s-448s.mp4: encoding clip 4/15 (102.800s to 112.800s)
2026-08-16 22:18:01,068 SpawnProcess-7 INFO moldova_itw_icIE5zodw8o_0s-300s.mp4: completed
2026-08-16 22:18:01,080 SpawnProcess-7 INFO Loading detection cache: ../videos_detections/moldova_studio_2UYudJFXYTk_200s-520s/detections.json
2026-08-16 22:18:01,502 SpawnProcess-7 INFO moldova_studio_2UYudJFXYTk_200s-520s.mp4: duration=132.8s, samples=664, tracks=26
2026-08-16 22:18:01,663 SpawnProcess-6 INFO moldova_itw_mvTjyko3aUU_0s-361s.mp4: encoding clip 7/15 (126.400s to 131.600s)
2026-08-16 22:18:03,528 SpawnProcess-11 INFO moldova_itw_vjyPpL7iJFI_full.mp4: selected 14 clips
2026-08-16 22:18:03,533 SpawnProcess-11 INFO moldova_itw_vjyPpL7iJFI_full.mp4: encoding clip 1/14 (175.417s to 185.409s)
2026-08-16 22:18:05,267 SpawnProcess-15 INFO moldova_itw_XaC63Vb40qs_152s-780s.mp4: encoding clip 14/15 (185.800s to 195.800s)
2026-08-16 22:18:05,568 SpawnProcess-4 INFO moldova_itw_wOwMeMlDHZY_full.mp4: encoding clip 2/10 (10.800s to 20.800s)
2026-08-16 22:18:05,744 SpawnProcess-9 INFO moldova_itw_eZ0Xq0xz5Z8_0s-245s.mp4: encoding clip 3/8 (225.800s to 235.200s)
2026-08-16 22:18:06,730 SpawnProcess-6 INFO moldova_itw_mvTjyko3aUU_0s-361s.mp4: encoding clip 8/15 (349.600s to 359.600s)
2026-08-16 22:18:09,490 SpawnProcess-7 INFO moldova_studio_2UYudJFXYTk_200s-520s.mp4: VAD found 20 speech intervals
2026-08-16 22:18:09,846 SpawnProcess-1 INFO moldova_itw_V5-utq0N6xA_0s-450s.mp4: encoding clip 7/14 (321.988s to 331.988s)
2026-08-16 22:18:11,650 SpawnProcess-15 INFO moldova_itw_XaC63Vb40qs_152s-780s.mp4: encoding clip 15/15 (166.200s to 176.200s)
2026-08-16 22:18:11,736 SpawnProcess-16 INFO moldova_itw_cSJ_4Ztb3f4_45s-448s.mp4: encoding clip 5/15 (215.800s to 225.800s)
2026-08-16 22:18:12,193 SpawnProcess-4 INFO moldova_itw_wOwMeMlDHZY_full.mp4: encoding clip 3/10 (82.800s to 92.800s)
2026-08-16 22:18:12,299 SpawnProcess-3 INFO moldova_itw_WsRGyInWGuA_full.mp4: encoding clip 13/15 (84.600s to 91.600s)
2026-08-16 22:18:14,079 SpawnProcess-6 INFO moldova_itw_mvTjyko3aUU_0s-361s.mp4: encoding clip 9/15 (169.800s to 179.800s)
2026-08-16 22:18:19,684 SpawnProcess-4 INFO moldova_itw_wOwMeMlDHZY_full.mp4: encoding clip 4/10 (0.800s to 10.800s)
2026-08-16 22:18:19,696 SpawnProcess-15 INFO moldova_itw_XaC63Vb40qs_152s-780s.mp4: completed
2026-08-16 22:18:19,730 SpawnProcess-15 INFO Loading detection cache: ../videos_detections/moldova_studio_A1lHINwxSLg_190s-548s/detections.json
2026-08-16 22:18:19,744 SpawnProcess-11 INFO moldova_itw_vjyPpL7iJFI_full.mp4: encoding clip 2/14 (52.917s to 62.492s)
2026-08-16 22:18:20,102 SpawnProcess-15 INFO moldova_studio_A1lHINwxSLg_190s-548s.mp4: duration=332.4s, samples=1663, tracks=17
2026-08-16 22:18:22,323 SpawnProcess-1 INFO moldova_itw_V5-utq0N6xA_0s-450s.mp4: encoding clip 8/14 (37.329s to 47.329s)
2026-08-16 22:18:22,374 SpawnProcess-9 INFO moldova_itw_eZ0Xq0xz5Z8_0s-245s.mp4: encoding clip 4/8 (201.400s to 211.400s)
2026-08-16 22:18:22,516 SpawnProcess-6 INFO moldova_itw_mvTjyko3aUU_0s-361s.mp4: encoding clip 10/15 (321.600s to 327.000s)
2026-08-16 22:18:23,262 SpawnProcess-16 INFO moldova_itw_cSJ_4Ztb3f4_45s-448s.mp4: encoding clip 6/15 (360.800s to 370.400s)
2026-08-16 22:18:25,146 SpawnProcess-4 INFO moldova_itw_wOwMeMlDHZY_full.mp4: encoding clip 5/10 (72.800s to 82.800s)
2026-08-16 22:18:25,755 SpawnProcess-3 INFO moldova_itw_WsRGyInWGuA_full.mp4: encoding clip 14/15 (0.200s to 9.600s)
2026-08-16 22:18:27,494 SpawnProcess-6 INFO moldova_itw_mvTjyko3aUU_0s-361s.mp4: encoding clip 11/15 (192.600s to 199.000s)
2026-08-16 22:18:28,516 SpawnProcess-15 INFO moldova_studio_A1lHINwxSLg_190s-548s.mp4: VAD found 32 speech intervals
2026-08-16 22:18:30,587 SpawnProcess-11 INFO moldova_itw_vjyPpL7iJFI_full.mp4: encoding clip 3/14 (11.458s to 17.491s)
2026-08-16 22:18:32,961 SpawnProcess-4 INFO moldova_itw_wOwMeMlDHZY_full.mp4: encoding clip 6/10 (20.800s to 30.800s)
2026-08-16 22:18:34,758 SpawnProcess-6 INFO moldova_itw_mvTjyko3aUU_0s-361s.mp4: encoding clip 12/15 (296.400s to 306.400s)
2026-08-16 22:18:35,231 SpawnProcess-16 INFO moldova_itw_cSJ_4Ztb3f4_45s-448s.mp4: encoding clip 7/15 (391.800s to 401.800s)
2026-08-16 22:18:36,334 SpawnProcess-1 INFO moldova_itw_V5-utq0N6xA_0s-450s.mp4: encoding clip 9/14 (250.458s to 256.497s)
2026-08-16 22:18:38,842 SpawnProcess-9 INFO moldova_itw_eZ0Xq0xz5Z8_0s-245s.mp4: encoding clip 5/8 (184.600s to 192.000s)
2026-08-16 22:18:39,120 SpawnProcess-3 INFO moldova_itw_WsRGyInWGuA_full.mp4: encoding clip 15/15 (192.200s to 202.200s)
2026-08-16 22:18:40,068 SpawnProcess-4 INFO moldova_itw_wOwMeMlDHZY_full.mp4: encoding clip 7/10 (100.400s to 110.200s)
2026-08-16 22:18:40,071 SpawnProcess-11 INFO moldova_itw_vjyPpL7iJFI_full.mp4: encoding clip 4/14 (165.417s to 175.417s)
2026-08-16 22:18:42,524 SpawnProcess-6 INFO moldova_itw_mvTjyko3aUU_0s-361s.mp4: encoding clip 13/15 (156.000s to 162.600s)
2026-08-16 22:18:46,078 SpawnProcess-16 INFO moldova_itw_cSJ_4Ztb3f4_45s-448s.mp4: encoding clip 8/15 (205.800s to 215.800s)
2026-08-16 22:18:46,617 SpawnProcess-4 INFO moldova_itw_wOwMeMlDHZY_full.mp4: encoding clip 8/10 (40.800s to 50.800s)
2026-08-16 22:18:46,850 SpawnProcess-1 INFO moldova_itw_V5-utq0N6xA_0s-450s.mp4: encoding clip 10/14 (370.996s to 377.452s)
2026-08-16 22:18:48,213 SpawnProcess-6 INFO moldova_itw_mvTjyko3aUU_0s-361s.mp4: encoding clip 14/15 (100.000s to 106.800s)
2026-08-16 22:18:49,928 SpawnProcess-9 INFO moldova_itw_eZ0Xq0xz5Z8_0s-245s.mp4: encoding clip 6/8 (157.000s to 167.000s)
2026-08-16 22:18:53,972 SpawnProcess-4 INFO moldova_itw_wOwMeMlDHZY_full.mp4: encoding clip 9/10 (62.800s to 72.800s)
2026-08-16 22:18:54,770 SpawnProcess-6 INFO moldova_itw_mvTjyko3aUU_0s-361s.mp4: encoding clip 15/15 (222.800s to 232.800s)
2026-08-16 22:18:56,040 SpawnProcess-3 INFO moldova_itw_WsRGyInWGuA_full.mp4: completed
2026-08-16 22:18:56,050 SpawnProcess-3 INFO Loading detection cache: ../videos_detections/moldova_studio_AmW0WwZI-QA_0s-478s/detections.json
2026-08-16 22:18:56,155 SpawnProcess-1 INFO moldova_itw_V5-utq0N6xA_0s-450s.mp4: encoding clip 11/14 (199.992s to 209.992s)
2026-08-16 22:18:56,260 SpawnProcess-11 INFO moldova_itw_vjyPpL7iJFI_full.mp4: encoding clip 5/14 (189.375s to 197.700s)
2026-08-16 22:18:56,549 SpawnProcess-3 INFO moldova_studio_AmW0WwZI-QA_0s-478s.mp4: duration=478.0s, samples=2295, tracks=186
2026-08-16 22:18:56,688 SpawnProcess-16 INFO moldova_itw_cSJ_4Ztb3f4_45s-448s.mp4: encoding clip 9/15 (122.800s to 132.800s)
2026-08-16 22:19:00,077 SpawnProcess-4 INFO moldova_itw_wOwMeMlDHZY_full.mp4: encoding clip 10/10 (52.800s to 62.800s)
2026-08-16 22:19:01,848 SpawnProcess-6 INFO moldova_itw_mvTjyko3aUU_0s-361s.mp4: completed
2026-08-16 22:19:01,879 SpawnProcess-6 INFO Loading detection cache: ../videos_detections/moldova_studio_C9ViMKt1C9M_22s-428s/detections.json
2026-08-16 22:19:02,457 SpawnProcess-6 INFO moldova_studio_C9ViMKt1C9M_22s-428s.mp4: duration=406.0s, samples=2031, tracks=46
2026-08-16 22:19:04,301 SpawnProcess-2 INFO moldova_itw_plDb1FACjTk_full.mp4: selected 13 clips
2026-08-16 22:19:04,304 SpawnProcess-2 INFO moldova_itw_plDb1FACjTk_full.mp4: encoding clip 1/13 (67.567s to 74.232s)
2026-08-16 22:19:04,421 SpawnProcess-9 INFO moldova_itw_eZ0Xq0xz5Z8_0s-245s.mp4: encoding clip 7/8 (217.200s to 223.000s)
2026-08-16 22:19:07,076 SpawnProcess-4 INFO moldova_itw_wOwMeMlDHZY_full.mp4: completed
2026-08-16 22:19:07,084 SpawnProcess-4 INFO Loading detection cache: ../videos_detections/moldova_studio_DWg9DPjmLa8_97s-259s/detections.json
2026-08-16 22:19:07,200 SpawnProcess-1 INFO moldova_itw_V5-utq0N6xA_0s-450s.mp4: encoding clip 12/14 (242.743s to 249.408s)
2026-08-16 22:19:07,440 SpawnProcess-4 INFO moldova_studio_DWg9DPjmLa8_97s-259s.mp4: duration=162.2s, samples=811, tracks=7
2026-08-16 22:19:08,282 SpawnProcess-11 INFO moldova_itw_vjyPpL7iJFI_full.mp4: encoding clip 6/14 (105.000s to 112.492s)
2026-08-16 22:19:08,537 SpawnProcess-3 INFO moldova_studio_AmW0WwZI-QA_0s-478s.mp4: VAD found 129 speech intervals
2026-08-16 22:19:09,193 SpawnProcess-16 INFO moldova_itw_cSJ_4Ztb3f4_45s-448s.mp4: encoding clip 10/15 (70.800s to 80.800s)
2026-08-16 22:19:11,198 SpawnProcess-4 INFO moldova_studio_DWg9DPjmLa8_97s-259s.mp4: VAD found 23 speech intervals
2026-08-16 22:19:11,504 SpawnProcess-6 INFO moldova_studio_C9ViMKt1C9M_22s-428s.mp4: VAD found 52 speech intervals
2026-08-16 22:19:11,880 SpawnProcess-2 INFO moldova_itw_plDb1FACjTk_full.mp4: encoding clip 2/13 (193.944s to 201.026s)
2026-08-16 22:19:12,538 SpawnProcess-9 INFO moldova_itw_eZ0Xq0xz5Z8_0s-245s.mp4: encoding clip 8/8 (167.000s to 173.800s)
2026-08-16 22:19:15,335 SpawnProcess-1 INFO moldova_itw_V5-utq0N6xA_0s-450s.mp4: encoding clip 13/14 (178.512s to 188.512s)
2026-08-16 22:19:19,498 SpawnProcess-11 INFO moldova_itw_vjyPpL7iJFI_full.mp4: encoding clip 7/14 (72.500s to 80.200s)
2026-08-16 22:19:19,756 SpawnProcess-16 INFO moldova_itw_cSJ_4Ztb3f4_45s-448s.mp4: encoding clip 11/15 (195.800s to 205.800s)
2026-08-16 22:19:20,444 SpawnProcess-2 INFO moldova_itw_plDb1FACjTk_full.mp4: encoding clip 3/13 (24.817s to 34.817s)
2026-08-16 22:19:22,195 SpawnProcess-13 INFO moldova_itw_wOXq2j2c5vc_full.mp4: selected 10 clips
2026-08-16 22:19:22,198 SpawnProcess-13 INFO moldova_itw_wOXq2j2c5vc_full.mp4: encoding clip 1/10 (123.800s to 131.200s)
2026-08-16 22:19:22,515 SpawnProcess-9 INFO moldova_itw_eZ0Xq0xz5Z8_0s-245s.mp4: completed
2026-08-16 22:19:22,529 SpawnProcess-9 INFO Loading detection cache: ../videos_detections/moldova_studio_DetAmN9HODQ_0s-400s/detections.json
2026-08-16 22:19:23,002 SpawnProcess-9 INFO moldova_studio_DetAmN9HODQ_0s-400s.mp4: duration=236.3s, samples=1181, tracks=1
2026-08-16 22:19:26,433 SpawnProcess-1 INFO moldova_itw_V5-utq0N6xA_0s-450s.mp4: encoding clip 14/14 (31.073s to 36.487s)
2026-08-16 22:19:26,937 SpawnProcess-13 INFO moldova_itw_wOXq2j2c5vc_full.mp4: encoding clip 2/10 (86.400s to 92.400s)
2026-08-16 22:19:29,780 SpawnProcess-2 INFO moldova_itw_plDb1FACjTk_full.mp4: encoding clip 4/13 (104.062s to 109.476s)
2026-08-16 22:19:29,832 SpawnProcess-11 INFO moldova_itw_vjyPpL7iJFI_full.mp4: encoding clip 8/14 (93.750s to 103.750s)
2026-08-16 22:19:30,528 SpawnProcess-13 INFO moldova_itw_wOXq2j2c5vc_full.mp4: encoding clip 3/10 (51.600s to 61.600s)
2026-08-16 22:19:30,540 SpawnProcess-7 INFO moldova_studio_2UYudJFXYTk_200s-520s.mp4: selected 1 clips
2026-08-16 22:19:30,546 SpawnProcess-7 INFO moldova_studio_2UYudJFXYTk_200s-520s.mp4: encoding clip 1/1 (3.800s to 11.000s)
2026-08-16 22:19:31,804 SpawnProcess-16 INFO moldova_itw_cSJ_4Ztb3f4_45s-448s.mp4: encoding clip 12/15 (112.800s to 122.800s)
2026-08-16 22:19:32,658 SpawnProcess-9 INFO moldova_studio_DetAmN9HODQ_0s-400s.mp4: VAD found 69 speech intervals
2026-08-16 22:19:33,952 SpawnProcess-1 INFO moldova_itw_V5-utq0N6xA_0s-450s.mp4: completed
2026-08-16 22:19:33,991 SpawnProcess-1 INFO Loading detection cache: ../videos_detections/moldova_studio_JPjXgv8mzIY_full/detections.json
2026-08-16 22:19:34,656 SpawnProcess-1 INFO moldova_studio_JPjXgv8mzIY_full.mp4: duration=83.6s, samples=418, tracks=14
2026-08-16 22:19:34,698 SpawnProcess-13 INFO moldova_itw_wOXq2j2c5vc_full.mp4: encoding clip 4/10 (181.200s to 191.200s)
2026-08-16 22:19:37,127 SpawnProcess-1 INFO moldova_studio_JPjXgv8mzIY_full.mp4: VAD found 10 speech intervals
2026-08-16 22:19:37,838 SpawnProcess-2 INFO moldova_itw_plDb1FACjTk_full.mp4: encoding clip 5/13 (110.319s to 115.524s)
2026-08-16 22:19:39,744 SpawnProcess-13 INFO moldova_itw_wOXq2j2c5vc_full.mp4: encoding clip 5/10 (111.400s to 119.800s)
2026-08-16 22:19:40,179 SpawnProcess-7 INFO moldova_studio_2UYudJFXYTk_200s-520s.mp4: completed
2026-08-16 22:19:40,184 SpawnProcess-7 INFO Loading detection cache: ../videos_detections/moldova_studio_Kb8-Q9b74rg_48s-130s/detections.json
2026-08-16 22:19:40,534 SpawnProcess-7 INFO moldova_studio_Kb8-Q9b74rg_48s-130s.mp4: duration=82.2s, samples=394, tracks=3
2026-08-16 22:19:41,023 SpawnProcess-11 INFO moldova_itw_vjyPpL7iJFI_full.mp4: encoding clip 9/14 (113.333s to 123.333s)
2026-08-16 22:19:42,204 SpawnProcess-7 INFO moldova_studio_Kb8-Q9b74rg_48s-130s.mp4: VAD found 17 speech intervals
2026-08-16 22:19:43,898 SpawnProcess-16 INFO moldova_itw_cSJ_4Ztb3f4_45s-448s.mp4: encoding clip 13/15 (132.800s to 142.800s)
2026-08-16 22:19:44,039 SpawnProcess-13 INFO moldova_itw_wOXq2j2c5vc_full.mp4: encoding clip 6/10 (191.200s to 197.200s)
2026-08-16 22:19:44,142 SpawnProcess-2 INFO moldova_itw_plDb1FACjTk_full.mp4: encoding clip 6/13 (339.089s to 346.379s)
2026-08-16 22:19:47,829 SpawnProcess-13 INFO moldova_itw_wOXq2j2c5vc_full.mp4: encoding clip 7/10 (159.000s to 164.600s)
2026-08-16 22:19:51,849 SpawnProcess-13 INFO moldova_itw_wOXq2j2c5vc_full.mp4: encoding clip 8/10 (70.600s to 77.400s)
2026-08-16 22:19:52,898 SpawnProcess-2 INFO moldova_itw_plDb1FACjTk_full.mp4: encoding clip 7/13 (46.713s to 52.127s)
2026-08-16 22:19:52,925 SpawnProcess-11 INFO moldova_itw_vjyPpL7iJFI_full.mp4: encoding clip 10/14 (137.500s to 142.700s)
2026-08-16 22:19:55,139 SpawnProcess-13 INFO moldova_itw_wOXq2j2c5vc_full.mp4: encoding clip 9/10 (98.400s to 108.400s)
2026-08-16 22:19:56,352 SpawnProcess-16 INFO moldova_itw_cSJ_4Ztb3f4_45s-448s.mp4: encoding clip 14/15 (39.800s to 49.800s)
2026-08-16 22:20:00,152 SpawnProcess-11 INFO moldova_itw_vjyPpL7iJFI_full.mp4: encoding clip 11/14 (35.625s to 43.742s)
2026-08-16 22:20:00,393 SpawnProcess-2 INFO moldova_itw_plDb1FACjTk_full.mp4: encoding clip 8/13 (88.422s to 96.964s)
2026-08-16 22:20:00,706 SpawnProcess-13 INFO moldova_itw_wOXq2j2c5vc_full.mp4: encoding clip 10/10 (147.400s to 153.200s)
2026-08-16 22:20:04,379 SpawnProcess-13 INFO moldova_itw_wOXq2j2c5vc_full.mp4: completed
2026-08-16 22:20:04,412 SpawnProcess-13 INFO Loading detection cache: ../videos_detections/moldova_studio_LtqoHPtm6tM_0s-425s/detections.json
2026-08-16 22:20:05,106 SpawnProcess-13 INFO moldova_studio_LtqoHPtm6tM_0s-425s.mp4: duration=425.0s, samples=2123, tracks=25
2026-08-16 22:20:09,207 SpawnProcess-16 INFO moldova_itw_cSJ_4Ztb3f4_45s-448s.mp4: encoding clip 15/15 (371.800s to 381.800s)
2026-08-16 22:20:09,336 SpawnProcess-2 INFO moldova_itw_plDb1FACjTk_full.mp4: encoding clip 9/13 (161.411s to 167.450s)
2026-08-16 22:20:11,450 SpawnProcess-11 INFO moldova_itw_vjyPpL7iJFI_full.mp4: encoding clip 12/14 (81.250s to 88.533s)
2026-08-16 22:20:15,572 SpawnProcess-13 INFO moldova_studio_LtqoHPtm6tM_0s-425s.mp4: VAD found 40 speech intervals
2026-08-16 22:20:15,725 SpawnProcess-12 INFO moldova_itw_wEyyQSU7nvQ_0s-390s.mp4: selected 15 clips
2026-08-16 22:20:15,727 SpawnProcess-12 INFO moldova_itw_wEyyQSU7nvQ_0s-390s.mp4: encoding clip 1/15 (168.548s to 178.548s)
2026-08-16 22:20:15,908 SpawnProcess-2 INFO moldova_itw_plDb1FACjTk_full.mp4: encoding clip 10/13 (75.909s to 85.909s)
2026-08-16 22:20:21,304 SpawnProcess-16 INFO moldova_itw_cSJ_4Ztb3f4_45s-448s.mp4: completed
2026-08-16 22:20:21,323 SpawnProcess-16 INFO Loading detection cache: ../videos_detections/moldova_studio_MjtY_ZLhCcg_0s-300s/detections.json
2026-08-16 22:20:21,886 SpawnProcess-16 INFO moldova_studio_MjtY_ZLhCcg_0s-300s.mp4: duration=300.0s, samples=1501, tracks=20
2026-08-16 22:20:22,587 SpawnProcess-11 INFO moldova_itw_vjyPpL7iJFI_full.mp4: encoding clip 13/14 (18.750s to 23.950s)
2026-08-16 22:20:27,104 SpawnProcess-2 INFO moldova_itw_plDb1FACjTk_full.mp4: encoding clip 11/13 (215.632s to 221.045s)
2026-08-16 22:20:29,860 SpawnProcess-16 INFO moldova_studio_MjtY_ZLhCcg_0s-300s.mp4: VAD found 53 speech intervals
2026-08-16 22:20:30,842 SpawnProcess-12 INFO moldova_itw_wEyyQSU7nvQ_0s-390s.mp4: encoding clip 2/15 (344.534s to 354.534s)
2026-08-16 22:20:31,089 SpawnProcess-11 INFO moldova_itw_vjyPpL7iJFI_full.mp4: encoding clip 14/14 (25.625s to 35.625s)
2026-08-16 22:20:33,171 SpawnProcess-7 INFO moldova_studio_Kb8-Q9b74rg_48s-130s.mp4: selected 4 clips
2026-08-16 22:20:33,174 SpawnProcess-7 INFO moldova_studio_Kb8-Q9b74rg_48s-130s.mp4: encoding clip 1/4 (8.133s to 18.133s)
2026-08-16 22:20:34,982 SpawnProcess-2 INFO moldova_itw_plDb1FACjTk_full.mp4: encoding clip 12/13 (224.808s to 232.933s)
2026-08-16 22:20:43,609 SpawnProcess-1 INFO moldova_studio_JPjXgv8mzIY_full.mp4: selected 4 clips
2026-08-16 22:20:43,615 SpawnProcess-1 INFO moldova_studio_JPjXgv8mzIY_full.mp4: encoding clip 1/4 (3.600s to 10.800s)
2026-08-16 22:20:45,308 SpawnProcess-11 INFO moldova_itw_vjyPpL7iJFI_full.mp4: completed
2026-08-16 22:20:45,339 SpawnProcess-11 INFO Loading detection cache: ../videos_detections/moldova_studio_PmGQMGIKEUE_230s-468s/detections.json
2026-08-16 22:20:45,354 SpawnProcess-12 INFO moldova_itw_wEyyQSU7nvQ_0s-390s.mp4: encoding clip 3/15 (178.548s to 188.548s)
2026-08-16 22:20:45,861 SpawnProcess-11 INFO moldova_studio_PmGQMGIKEUE_230s-468s.mp4: duration=238.0s, samples=1191, tracks=22
2026-08-16 22:20:46,462 SpawnProcess-2 INFO moldova_itw_plDb1FACjTk_full.mp4: encoding clip 13/13 (332.832s to 338.245s)
2026-08-16 22:20:48,234 SpawnProcess-7 INFO moldova_studio_Kb8-Q9b74rg_48s-130s.mp4: encoding clip 2/4 (22.731s to 31.273s)
2026-08-16 22:20:52,163 SpawnProcess-11 INFO moldova_studio_PmGQMGIKEUE_230s-468s.mp4: VAD found 28 speech intervals
2026-08-16 22:20:52,226 SpawnProcess-1 INFO moldova_studio_JPjXgv8mzIY_full.mp4: encoding clip 2/4 (47.800s to 57.800s)
2026-08-16 22:20:55,046 SpawnProcess-2 INFO moldova_itw_plDb1FACjTk_full.mp4: completed
2026-08-16 22:20:55,067 SpawnProcess-2 INFO Loading detection cache: ../videos_detections/moldova_studio_Q9fEefKXgy0_139s-451s/detections.json
2026-08-16 22:20:55,479 SpawnProcess-2 INFO moldova_studio_Q9fEefKXgy0_139s-451s.mp4: duration=312.1s, samples=1561, tracks=153
2026-08-16 22:20:58,986 SpawnProcess-7 INFO moldova_studio_Kb8-Q9b74rg_48s-130s.mp4: encoding clip 3/4 (64.231s to 74.231s)
2026-08-16 22:21:00,188 SpawnProcess-4 INFO moldova_studio_DWg9DPjmLa8_97s-259s.mp4: selected 10 clips
2026-08-16 22:21:00,191 SpawnProcess-4 INFO moldova_studio_DWg9DPjmLa8_97s-259s.mp4: encoding clip 1/10 (137.400s to 143.200s)
2026-08-16 22:21:00,258 SpawnProcess-12 INFO moldova_itw_wEyyQSU7nvQ_0s-390s.mp4: encoding clip 4/15 (243.643s to 253.643s)
2026-08-16 22:21:02,904 SpawnProcess-2 INFO moldova_studio_Q9fEefKXgy0_139s-451s.mp4: VAD found 39 speech intervals
2026-08-16 22:21:03,694 SpawnProcess-14 INFO moldova_studio_1JhM1K87kaY_0s-352s.mp4: selected 15 clips
2026-08-16 22:21:03,696 SpawnProcess-14 INFO moldova_studio_1JhM1K87kaY_0s-352s.mp4: encoding clip 1/15 (242.315s to 249.198s)
2026-08-16 22:21:03,737 SpawnProcess-1 INFO moldova_studio_JPjXgv8mzIY_full.mp4: encoding clip 3/4 (17.800s to 27.800s)
2026-08-16 22:21:08,924 SpawnProcess-4 INFO moldova_studio_DWg9DPjmLa8_97s-259s.mp4: encoding clip 2/10 (0.000s to 9.400s)
2026-08-16 22:21:13,501 SpawnProcess-7 INFO moldova_studio_Kb8-Q9b74rg_48s-130s.mp4: encoding clip 4/4 (75.909s to 82.157s)
2026-08-16 22:21:13,668 SpawnProcess-14 INFO moldova_studio_1JhM1K87kaY_0s-352s.mp4: encoding clip 2/15 (221.888s to 227.302s)
2026-08-16 22:21:13,917 SpawnProcess-12 INFO moldova_itw_wEyyQSU7nvQ_0s-390s.mp4: encoding clip 5/15 (198.548s to 208.548s)
2026-08-16 22:21:16,038 SpawnProcess-1 INFO moldova_studio_JPjXgv8mzIY_full.mp4: encoding clip 4/4 (37.800s to 47.800s)
2026-08-16 22:21:20,174 SpawnProcess-4 INFO moldova_studio_DWg9DPjmLa8_97s-259s.mp4: encoding clip 3/10 (21.400s to 31.400s)
2026-08-16 22:21:21,591 SpawnProcess-14 INFO moldova_studio_1JhM1K87kaY_0s-352s.mp4: encoding clip 3/15 (287.162s to 295.078s)
2026-08-16 22:21:22,876 SpawnProcess-7 INFO moldova_studio_Kb8-Q9b74rg_48s-130s.mp4: completed
2026-08-16 22:21:22,894 SpawnProcess-7 INFO Loading detection cache: ../videos_detections/moldova_studio_Qy3sr8_E1Pc_170s-548s/detections.json
2026-08-16 22:21:23,337 SpawnProcess-7 INFO moldova_studio_Qy3sr8_E1Pc_170s-548s.mp4: duration=378.0s, samples=1890, tracks=18
2026-08-16 22:21:27,833 SpawnProcess-12 INFO moldova_itw_wEyyQSU7nvQ_0s-390s.mp4: encoding clip 6/15 (354.534s to 364.534s)
2026-08-16 22:21:29,107 SpawnProcess-1 INFO moldova_studio_JPjXgv8mzIY_full.mp4: completed
2026-08-16 22:21:29,139 SpawnProcess-1 INFO Loading detection cache: ../videos_detections/moldova_studio_RXE0_SQgTIQ_0s-231s/detections.json
2026-08-16 22:21:29,557 SpawnProcess-1 INFO moldova_studio_RXE0_SQgTIQ_0s-231s.mp4: duration=231.0s, samples=1156, tracks=93
2026-08-16 22:21:31,581 SpawnProcess-14 INFO moldova_studio_1JhM1K87kaY_0s-352s.mp4: encoding clip 4/15 (270.896s to 280.896s)
2026-08-16 22:21:32,152 SpawnProcess-4 INFO moldova_studio_DWg9DPjmLa8_97s-259s.mp4: encoding clip 4/10 (34.200s to 43.000s)
2026-08-16 22:21:33,169 SpawnProcess-7 INFO moldova_studio_Qy3sr8_E1Pc_170s-548s.mp4: VAD found 63 speech intervals
2026-08-16 22:21:34,982 SpawnProcess-1 INFO moldova_studio_RXE0_SQgTIQ_0s-231s.mp4: VAD found 8 speech intervals
2026-08-16 22:21:41,532 SpawnProcess-12 INFO moldova_itw_wEyyQSU7nvQ_0s-390s.mp4: encoding clip 7/15 (364.534s to 374.534s)
2026-08-16 22:21:43,160 SpawnProcess-4 INFO moldova_studio_DWg9DPjmLa8_97s-259s.mp4: encoding clip 5/10 (127.400s to 137.400s)
2026-08-16 22:21:43,400 SpawnProcess-14 INFO moldova_studio_1JhM1K87kaY_0s-352s.mp4: encoding clip 5/15 (125.532s to 135.532s)
2026-08-16 22:21:56,200 SpawnProcess-14 INFO moldova_studio_1JhM1K87kaY_0s-352s.mp4: encoding clip 6/15 (115.532s to 125.532s)
2026-08-16 22:21:56,432 SpawnProcess-4 INFO moldova_studio_DWg9DPjmLa8_97s-259s.mp4: encoding clip 6/10 (110.400s to 117.200s)
2026-08-16 22:21:56,640 SpawnProcess-15 INFO moldova_studio_A1lHINwxSLg_190s-548s.mp4: selected 15 clips
2026-08-16 22:21:56,644 SpawnProcess-15 INFO moldova_studio_A1lHINwxSLg_190s-548s.mp4: encoding clip 1/15 (40.200s to 48.000s)
2026-08-16 22:21:56,760 SpawnProcess-12 INFO moldova_itw_wEyyQSU7nvQ_0s-390s.mp4: encoding clip 8/15 (309.099s to 319.099s)
2026-08-16 22:22:06,261 SpawnProcess-4 INFO moldova_studio_DWg9DPjmLa8_97s-259s.mp4: encoding clip 7/10 (144.600s to 151.600s)
2026-08-16 22:22:07,793 SpawnProcess-15 INFO moldova_studio_A1lHINwxSLg_190s-548s.mp4: encoding clip 2/15 (128.400s to 138.400s)
2026-08-16 22:22:08,193 SpawnProcess-14 INFO moldova_studio_1JhM1K87kaY_0s-352s.mp4: encoding clip 7/15 (213.735s to 221.045s)
2026-08-16 22:22:10,995 SpawnProcess-12 INFO moldova_itw_wEyyQSU7nvQ_0s-390s.mp4: encoding clip 9/15 (188.548s to 198.548s)
2026-08-16 22:22:15,027 SpawnProcess-4 INFO moldova_studio_DWg9DPjmLa8_97s-259s.mp4: encoding clip 8/10 (11.400s to 21.400s)
2026-08-16 22:22:18,654 SpawnProcess-14 INFO moldova_studio_1JhM1K87kaY_0s-352s.mp4: encoding clip 8/15 (344.302s to 350.341s)
2026-08-16 22:22:20,428 SpawnProcess-15 INFO moldova_studio_A1lHINwxSLg_190s-548s.mp4: encoding clip 3/15 (100.400s to 110.000s)
2026-08-16 22:22:26,830 SpawnProcess-4 INFO moldova_studio_DWg9DPjmLa8_97s-259s.mp4: encoding clip 9/10 (153.400s to 159.800s)
2026-08-16 22:22:27,859 SpawnProcess-12 INFO moldova_itw_wEyyQSU7nvQ_0s-390s.mp4: encoding clip 10/15 (299.099s to 309.099s)
2026-08-16 22:22:28,038 SpawnProcess-14 INFO moldova_studio_1JhM1K87kaY_0s-352s.mp4: encoding clip 9/15 (264.212s to 270.053s)
2026-08-16 22:22:30,796 SpawnProcess-15 INFO moldova_studio_A1lHINwxSLg_190s-548s.mp4: encoding clip 4/15 (306.000s to 316.000s)
2026-08-16 22:22:36,534 SpawnProcess-4 INFO moldova_studio_DWg9DPjmLa8_97s-259s.mp4: encoding clip 10/10 (82.800s to 92.800s)
2026-08-16 22:22:36,963 SpawnProcess-14 INFO moldova_studio_1JhM1K87kaY_0s-352s.mp4: encoding clip 10/15 (203.735s to 213.735s)
2026-08-16 22:22:41,946 SpawnProcess-12 INFO moldova_itw_wEyyQSU7nvQ_0s-390s.mp4: encoding clip 11/15 (208.548s to 218.548s)
2026-08-16 22:22:42,118 SpawnProcess-15 INFO moldova_studio_A1lHINwxSLg_190s-548s.mp4: encoding clip 5/15 (61.400s to 67.000s)
2026-08-16 22:22:43,857 SpawnProcess-9 INFO moldova_studio_DetAmN9HODQ_0s-400s.mp4: selected 15 clips
2026-08-16 22:22:43,861 SpawnProcess-9 INFO moldova_studio_DetAmN9HODQ_0s-400s.mp4: encoding clip 1/15 (194.785s to 204.204s)
2026-08-16 22:22:49,086 SpawnProcess-14 INFO moldova_studio_1JhM1K87kaY_0s-352s.mp4: encoding clip 11/15 (184.351s to 192.893s)
2026-08-16 22:22:50,605 SpawnProcess-4 INFO moldova_studio_DWg9DPjmLa8_97s-259s.mp4: completed
2026-08-16 22:22:50,616 SpawnProcess-4 INFO Loading detection cache: ../videos_detections/moldova_studio_T7mJzH2nsPQ_full/detections.json
2026-08-16 22:22:50,977 SpawnProcess-4 INFO moldova_studio_T7mJzH2nsPQ_full.mp4: duration=211.6s, samples=1059, tracks=10
2026-08-16 22:22:51,051 SpawnProcess-15 INFO moldova_studio_A1lHINwxSLg_190s-548s.mp4: encoding clip 6/15 (111.400s to 119.200s)
2026-08-16 22:22:55,995 SpawnProcess-12 INFO moldova_itw_wEyyQSU7nvQ_0s-390s.mp4: encoding clip 12/15 (319.099s to 329.099s)
2026-08-16 22:22:56,456 SpawnProcess-4 INFO moldova_studio_T7mJzH2nsPQ_full.mp4: VAD found 26 speech intervals
2026-08-16 22:22:58,871 SpawnProcess-14 INFO moldova_studio_1JhM1K87kaY_0s-352s.mp4: encoding clip 12/15 (326.368s to 334.493s)
2026-08-16 22:23:00,049 SpawnProcess-15 INFO moldova_studio_A1lHINwxSLg_190s-548s.mp4: encoding clip 7/15 (138.400s to 148.400s)
2026-08-16 22:23:00,867 SpawnProcess-9 INFO moldova_studio_DetAmN9HODQ_0s-400s.mp4: encoding clip 2/15 (21.421s to 31.421s)
2026-08-16 22:23:10,613 SpawnProcess-14 INFO moldova_studio_1JhM1K87kaY_0s-352s.mp4: encoding clip 13/15 (100.924s to 110.924s)
2026-08-16 22:23:10,973 SpawnProcess-12 INFO moldova_itw_wEyyQSU7nvQ_0s-390s.mp4: encoding clip 13/15 (283.643s to 290.490s)
2026-08-16 22:23:12,040 SpawnProcess-15 INFO moldova_studio_A1lHINwxSLg_190s-548s.mp4: encoding clip 8/15 (20.200s to 30.200s)
2026-08-16 22:23:15,570 SpawnProcess-9 INFO moldova_studio_DetAmN9HODQ_0s-400s.mp4: encoding clip 3/15 (8.008s to 13.213s)
2026-08-16 22:23:19,368 SpawnProcess-6 INFO moldova_studio_C9ViMKt1C9M_22s-428s.mp4: selected 7 clips
2026-08-16 22:23:19,371 SpawnProcess-6 INFO moldova_studio_C9ViMKt1C9M_22s-428s.mp4: encoding clip 1/7 (53.000s to 63.000s)
2026-08-16 22:23:21,424 SpawnProcess-12 INFO moldova_itw_wEyyQSU7nvQ_0s-390s.mp4: encoding clip 14/15 (263.643s to 273.643s)
2026-08-16 22:23:21,612 SpawnProcess-14 INFO moldova_studio_1JhM1K87kaY_0s-352s.mp4: encoding clip 14/15 (295.921s to 305.921s)
2026-08-16 22:23:24,802 SpawnProcess-15 INFO moldova_studio_A1lHINwxSLg_190s-548s.mp4: encoding clip 9/15 (316.000s to 326.000s)
2026-08-16 22:23:25,853 SpawnProcess-9 INFO moldova_studio_DetAmN9HODQ_0s-400s.mp4: encoding clip 4/15 (215.205s to 225.205s)
2026-08-16 22:23:30,149 SpawnProcess-6 INFO moldova_studio_C9ViMKt1C9M_22s-428s.mp4: encoding clip 2/7 (34.600s to 41.000s)
2026-08-16 22:23:34,435 SpawnProcess-12 INFO moldova_itw_wEyyQSU7nvQ_0s-390s.mp4: encoding clip 15/15 (334.534s to 344.534s)
2026-08-16 22:23:35,316 SpawnProcess-15 INFO moldova_studio_A1lHINwxSLg_190s-548s.mp4: encoding clip 10/15 (30.200s to 40.200s)
2026-08-16 22:23:35,824 SpawnProcess-14 INFO moldova_studio_1JhM1K87kaY_0s-352s.mp4: encoding clip 15/15 (193.735s to 203.735s)
2026-08-16 22:23:37,888 SpawnProcess-6 INFO moldova_studio_C9ViMKt1C9M_22s-428s.mp4: encoding clip 3/7 (248.800s to 255.400s)
2026-08-16 22:23:41,762 SpawnProcess-9 INFO moldova_studio_DetAmN9HODQ_0s-400s.mp4: encoding clip 5/15 (46.647s to 54.054s)
2026-08-16 22:23:47,297 SpawnProcess-12 INFO moldova_itw_wEyyQSU7nvQ_0s-390s.mp4: completed
2026-08-16 22:23:47,303 SpawnProcess-12 INFO Loading detection cache: ../videos_detections/moldova_studio_UQpeA0H_S40_0s-450s/detections.json
2026-08-16 22:23:47,369 SpawnProcess-14 INFO moldova_studio_1JhM1K87kaY_0s-352s.mp4: completed
2026-08-16 22:23:47,395 SpawnProcess-14 INFO Loading detection cache: ../videos_detections/moldova_studio_Wonhi3yRu5c_171s-559s/detections.json
2026-08-16 22:23:47,446 SpawnProcess-15 INFO moldova_studio_A1lHINwxSLg_190s-548s.mp4: encoding clip 11/15 (10.200s to 20.200s)
2026-08-16 22:23:47,678 SpawnProcess-12 INFO moldova_studio_UQpeA0H_S40_0s-450s.mp4: duration=450.0s, samples=2248, tracks=22
2026-08-16 22:23:47,692 SpawnProcess-6 INFO moldova_studio_C9ViMKt1C9M_22s-428s.mp4: encoding clip 4/7 (43.000s to 53.000s)
2026-08-16 22:23:47,757 SpawnProcess-14 INFO moldova_studio_Wonhi3yRu5c_171s-559s.mp4: duration=388.1s, samples=1941, tracks=2
2026-08-16 22:23:49,009 SpawnProcess-10 INFO moldova_itw_yNjZrNg_Uik_411s-961s.mp4: selected 15 clips
2026-08-16 22:23:49,012 SpawnProcess-10 INFO moldova_itw_yNjZrNg_Uik_411s-961s.mp4: encoding clip 1/15 (468.800s to 478.800s)
2026-08-16 22:23:53,181 SpawnProcess-11 INFO moldova_studio_PmGQMGIKEUE_230s-468s.mp4: selected 11 clips
2026-08-16 22:23:53,189 SpawnProcess-11 INFO moldova_studio_PmGQMGIKEUE_230s-468s.mp4: encoding clip 1/11 (225.800s to 235.800s)
2026-08-16 22:23:56,153 SpawnProcess-9 INFO moldova_studio_DetAmN9HODQ_0s-400s.mp4: encoding clip 6/15 (14.214s to 20.620s)
2026-08-16 22:23:57,380 SpawnProcess-12 INFO moldova_studio_UQpeA0H_S40_0s-450s.mp4: VAD found 43 speech intervals
2026-08-16 22:23:57,502 SpawnProcess-14 INFO moldova_studio_Wonhi3yRu5c_171s-559s.mp4: VAD found 20 speech intervals
2026-08-16 22:23:58,271 SpawnProcess-15 INFO moldova_studio_A1lHINwxSLg_190s-548s.mp4: encoding clip 12/15 (185.600s to 195.600s)
2026-08-16 22:23:58,793 SpawnProcess-6 INFO moldova_studio_C9ViMKt1C9M_22s-428s.mp4: encoding clip 5/7 (310.800s to 319.000s)
2026-08-16 22:23:59,219 SpawnProcess-1 INFO moldova_studio_RXE0_SQgTIQ_0s-231s.mp4: selected 8 clips
2026-08-16 22:23:59,234 SpawnProcess-1 INFO moldova_studio_RXE0_SQgTIQ_0s-231s.mp4: encoding clip 1/8 (205.800s to 212.000s)
2026-08-16 22:24:04,034 SpawnProcess-10 INFO moldova_itw_yNjZrNg_Uik_411s-961s.mp4: encoding clip 2/15 (243.800s to 251.000s)
2026-08-16 22:24:08,246 SpawnProcess-6 INFO moldova_studio_C9ViMKt1C9M_22s-428s.mp4: encoding clip 6/7 (387.800s to 397.800s)
2026-08-16 22:24:08,398 SpawnProcess-1 INFO moldova_studio_RXE0_SQgTIQ_0s-231s.mp4: encoding clip 2/8 (105.000s to 110.600s)
2026-08-16 22:24:09,197 SpawnProcess-16 INFO moldova_studio_MjtY_ZLhCcg_0s-300s.mp4: selected 9 clips
2026-08-16 22:24:09,203 SpawnProcess-16 INFO moldova_studio_MjtY_ZLhCcg_0s-300s.mp4: encoding clip 1/9 (177.800s to 187.800s)
2026-08-16 22:24:09,224 SpawnProcess-15 INFO moldova_studio_A1lHINwxSLg_190s-548s.mp4: encoding clip 13/15 (205.600s to 215.600s)
2026-08-16 22:24:10,554 SpawnProcess-11 INFO moldova_studio_PmGQMGIKEUE_230s-468s.mp4: encoding clip 2/11 (215.800s to 225.800s)
2026-08-16 22:24:10,832 SpawnProcess-9 INFO moldova_studio_DetAmN9HODQ_0s-400s.mp4: encoding clip 7/15 (54.855s to 64.855s)
2026-08-16 22:24:16,339 SpawnProcess-10 INFO moldova_itw_yNjZrNg_Uik_411s-961s.mp4: encoding clip 3/15 (421.000s to 426.400s)
2026-08-16 22:24:16,975 SpawnProcess-1 INFO moldova_studio_RXE0_SQgTIQ_0s-231s.mp4: encoding clip 3/8 (185.200s to 193.800s)
2026-08-16 22:24:20,214 SpawnProcess-15 INFO moldova_studio_A1lHINwxSLg_190s-548s.mp4: encoding clip 14/15 (195.600s to 205.600s)
2026-08-16 22:24:21,140 SpawnProcess-6 INFO moldova_studio_C9ViMKt1C9M_22s-428s.mp4: encoding clip 7/7 (299.800s to 309.000s)
2026-08-16 22:24:26,595 SpawnProcess-10 INFO moldova_itw_yNjZrNg_Uik_411s-961s.mp4: encoding clip 4/15 (478.800s to 488.800s)
2026-08-16 22:24:26,691 SpawnProcess-16 INFO moldova_studio_MjtY_ZLhCcg_0s-300s.mp4: encoding clip 2/9 (125.000s to 130.600s)
2026-08-16 22:24:26,999 SpawnProcess-11 INFO moldova_studio_PmGQMGIKEUE_230s-468s.mp4: encoding clip 3/11 (181.600s to 190.000s)
2026-08-16 22:24:28,756 SpawnProcess-1 INFO moldova_studio_RXE0_SQgTIQ_0s-231s.mp4: encoding clip 4/8 (151.000s to 161.000s)
2026-08-16 22:24:29,185 SpawnProcess-9 INFO moldova_studio_DetAmN9HODQ_0s-400s.mp4: encoding clip 8/15 (40.641s to 45.646s)
2026-08-16 22:24:31,874 SpawnProcess-15 INFO moldova_studio_A1lHINwxSLg_190s-548s.mp4: encoding clip 15/15 (0.200s to 10.200s)
2026-08-16 22:24:32,149 SpawnProcess-6 INFO moldova_studio_C9ViMKt1C9M_22s-428s.mp4: completed
2026-08-16 22:24:32,163 SpawnProcess-6 INFO Loading detection cache: ../videos_detections/moldova_studio_ZOuB2beDD1k_100s-470s/detections.json
2026-08-16 22:24:32,885 SpawnProcess-6 INFO moldova_studio_ZOuB2beDD1k_100s-470s.mp4: duration=370.1s, samples=1851, tracks=30
2026-08-16 22:24:36,728 SpawnProcess-16 INFO moldova_studio_MjtY_ZLhCcg_0s-300s.mp4: encoding clip 3/9 (288.200s to 298.000s)
2026-08-16 22:24:41,185 SpawnProcess-9 INFO moldova_studio_DetAmN9HODQ_0s-400s.mp4: encoding clip 9/15 (226.827s to 234.234s)
2026-08-16 22:24:41,765 SpawnProcess-1 INFO moldova_studio_RXE0_SQgTIQ_0s-231s.mp4: encoding clip 5/8 (121.800s to 131.800s)
2026-08-16 22:24:42,143 SpawnProcess-11 INFO moldova_studio_PmGQMGIKEUE_230s-468s.mp4: encoding clip 4/11 (161.600s to 171.600s)
2026-08-16 22:24:42,395 SpawnProcess-10 INFO moldova_itw_yNjZrNg_Uik_411s-961s.mp4: encoding clip 5/15 (348.600s to 355.600s)
2026-08-16 22:24:42,556 SpawnProcess-6 INFO moldova_studio_ZOuB2beDD1k_100s-470s.mp4: VAD found 75 speech intervals
2026-08-16 22:24:44,311 SpawnProcess-15 INFO moldova_studio_A1lHINwxSLg_190s-548s.mp4: completed
2026-08-16 22:24:44,326 SpawnProcess-15 INFO Loading detection cache: ../videos_detections/moldova_studio_ZtQ87ao3chU_377s-665s/detections.json
2026-08-16 22:24:45,227 SpawnProcess-15 INFO moldova_studio_ZtQ87ao3chU_377s-665s.mp4: duration=288.0s, samples=1440, tracks=24
2026-08-16 22:24:50,791 SpawnProcess-16 INFO moldova_studio_MjtY_ZLhCcg_0s-300s.mp4: encoding clip 4/9 (231.000s to 241.000s)
2026-08-16 22:24:53,089 SpawnProcess-1 INFO moldova_studio_RXE0_SQgTIQ_0s-231s.mp4: encoding clip 6/8 (141.000s to 151.000s)
2026-08-16 22:24:53,391 SpawnProcess-10 INFO moldova_itw_yNjZrNg_Uik_411s-961s.mp4: encoding clip 6/15 (427.800s to 435.800s)
2026-08-16 22:24:53,417 SpawnProcess-15 INFO moldova_studio_ZtQ87ao3chU_377s-665s.mp4: VAD found 44 speech intervals
2026-08-16 22:24:58,014 SpawnProcess-9 INFO moldova_studio_DetAmN9HODQ_0s-400s.mp4: encoding clip 10/15 (64.855s to 70.871s)
2026-08-16 22:24:58,366 SpawnProcess-11 INFO moldova_studio_PmGQMGIKEUE_230s-468s.mp4: encoding clip 5/11 (191.000s to 201.000s)
2026-08-16 22:25:03,705 SpawnProcess-1 INFO moldova_studio_RXE0_SQgTIQ_0s-231s.mp4: encoding clip 7/8 (222.800s to 230.000s)
2026-08-16 22:25:04,299 SpawnProcess-10 INFO moldova_itw_yNjZrNg_Uik_411s-961s.mp4: encoding clip 7/15 (356.600s to 366.600s)
2026-08-16 22:25:07,287 SpawnProcess-16 INFO moldova_studio_MjtY_ZLhCcg_0s-300s.mp4: encoding clip 5/9 (212.000s to 220.200s)
2026-08-16 22:25:12,304 SpawnProcess-1 INFO moldova_studio_RXE0_SQgTIQ_0s-231s.mp4: encoding clip 8/8 (161.000s to 171.000s)
2026-08-16 22:25:16,821 SpawnProcess-11 INFO moldova_studio_PmGQMGIKEUE_230s-468s.mp4: encoding clip 6/11 (205.800s to 215.800s)
2026-08-16 22:25:16,851 SpawnProcess-9 INFO moldova_studio_DetAmN9HODQ_0s-400s.mp4: encoding clip 11/15 (88.689s to 98.689s)
2026-08-16 22:25:18,405 SpawnProcess-10 INFO moldova_itw_yNjZrNg_Uik_411s-961s.mp4: encoding clip 8/15 (178.200s to 187.800s)
2026-08-16 22:25:19,289 SpawnProcess-16 INFO moldova_studio_MjtY_ZLhCcg_0s-300s.mp4: encoding clip 6/9 (105.800s to 111.800s)
2026-08-16 22:25:19,715 SpawnProcess-4 INFO moldova_studio_T7mJzH2nsPQ_full.mp4: selected 15 clips
2026-08-16 22:25:19,717 SpawnProcess-4 INFO moldova_studio_T7mJzH2nsPQ_full.mp4: encoding clip 1/15 (0.000s to 10.000s)
2026-08-16 22:25:22,667 SpawnProcess-2 INFO moldova_studio_Q9fEefKXgy0_139s-451s.mp4: selected 15 clips
2026-08-16 22:25:22,668 SpawnProcess-2 INFO moldova_studio_Q9fEefKXgy0_139s-451s.mp4: encoding clip 1/15 (291.200s to 301.200s)
2026-08-16 22:25:25,966 SpawnProcess-1 INFO moldova_studio_RXE0_SQgTIQ_0s-231s.mp4: completed
2026-08-16 22:25:25,983 SpawnProcess-1 INFO Loading detection cache: ../videos_detections/moldova_studio__zl5P0Y75_8_141s-1187s/detections.json
2026-08-16 22:25:27,782 SpawnProcess-1 INFO moldova_studio__zl5P0Y75_8_141s-1187s.mp4: duration=447.8s, samples=2239, tracks=65
2026-08-16 22:25:30,470 SpawnProcess-4 INFO moldova_studio_T7mJzH2nsPQ_full.mp4: encoding clip 2/15 (68.800s to 78.800s)
2026-08-16 22:25:32,629 SpawnProcess-10 INFO moldova_itw_yNjZrNg_Uik_411s-961s.mp4: encoding clip 9/15 (499.000s to 509.000s)
2026-08-16 22:25:34,070 SpawnProcess-11 INFO moldova_studio_PmGQMGIKEUE_230s-468s.mp4: encoding clip 7/11 (129.800s to 136.000s)
2026-08-16 22:25:34,265 SpawnProcess-16 INFO moldova_studio_MjtY_ZLhCcg_0s-300s.mp4: encoding clip 7/9 (131.800s to 141.800s)
2026-08-16 22:25:38,702 SpawnProcess-9 INFO moldova_studio_DetAmN9HODQ_0s-400s.mp4: encoding clip 12/15 (107.908s to 117.718s)
2026-08-16 22:25:40,640 SpawnProcess-4 INFO moldova_studio_T7mJzH2nsPQ_full.mp4: encoding clip 3/15 (98.800s to 104.200s)
2026-08-16 22:25:42,461 SpawnProcess-2 INFO moldova_studio_Q9fEefKXgy0_139s-451s.mp4: encoding clip 2/15 (0.200s to 10.200s)
2026-08-16 22:25:47,126 SpawnProcess-10 INFO moldova_itw_yNjZrNg_Uik_411s-961s.mp4: encoding clip 10/15 (376.600s to 386.600s)
2026-08-16 22:25:48,731 SpawnProcess-11 INFO moldova_studio_PmGQMGIKEUE_230s-468s.mp4: encoding clip 8/11 (119.800s to 129.800s)
2026-08-16 22:25:48,784 SpawnProcess-4 INFO moldova_studio_T7mJzH2nsPQ_full.mp4: encoding clip 4/15 (126.000s to 136.000s)
2026-08-16 22:25:50,422 SpawnProcess-16 INFO moldova_studio_MjtY_ZLhCcg_0s-300s.mp4: encoding clip 8/9 (160.800s to 170.800s)
2026-08-16 22:25:59,863 SpawnProcess-1 INFO moldova_studio__zl5P0Y75_8_141s-1187s.mp4: VAD found 242 speech intervals
2026-08-16 22:26:01,313 SpawnProcess-9 INFO moldova_studio_DetAmN9HODQ_0s-400s.mp4: encoding clip 13/15 (118.719s to 124.525s)
2026-08-16 22:26:01,841 SpawnProcess-2 INFO moldova_studio_Q9fEefKXgy0_139s-451s.mp4: encoding clip 3/15 (23.200s to 33.200s)
2026-08-16 22:26:02,720 SpawnProcess-4 INFO moldova_studio_T7mJzH2nsPQ_full.mp4: encoding clip 5/15 (116.000s to 126.000s)
2026-08-16 22:26:03,510 SpawnProcess-10 INFO moldova_itw_yNjZrNg_Uik_411s-961s.mp4: encoding clip 11/15 (70.800s to 76.800s)
2026-08-16 22:26:07,805 SpawnProcess-16 INFO moldova_studio_MjtY_ZLhCcg_0s-300s.mp4: encoding clip 9/9 (253.400s to 263.000s)
2026-08-16 22:26:09,408 SpawnProcess-11 INFO moldova_studio_PmGQMGIKEUE_230s-468s.mp4: encoding clip 9/11 (137.800s to 146.800s)
2026-08-16 22:26:13,495 SpawnProcess-9 INFO moldova_studio_DetAmN9HODQ_0s-400s.mp4: encoding clip 14/15 (79.079s to 87.687s)
2026-08-16 22:26:15,181 SpawnProcess-4 INFO moldova_studio_T7mJzH2nsPQ_full.mp4: encoding clip 6/15 (188.800s to 198.800s)
2026-08-16 22:26:17,703 SpawnProcess-10 INFO moldova_itw_yNjZrNg_Uik_411s-961s.mp4: encoding clip 12/15 (366.600s to 376.600s)
2026-08-16 22:26:20,163 SpawnProcess-2 INFO moldova_studio_Q9fEefKXgy0_139s-451s.mp4: encoding clip 4/15 (46.600s to 56.600s)
2026-08-16 22:26:24,320 SpawnProcess-11 INFO moldova_studio_PmGQMGIKEUE_230s-468s.mp4: encoding clip 10/11 (151.600s to 161.600s)
2026-08-16 22:26:28,056 SpawnProcess-4 INFO moldova_studio_T7mJzH2nsPQ_full.mp4: encoding clip 7/15 (163.800s to 173.800s)
2026-08-16 22:26:28,488 SpawnProcess-9 INFO moldova_studio_DetAmN9HODQ_0s-400s.mp4: encoding clip 15/15 (184.785s to 194.785s)
2026-08-16 22:26:29,715 SpawnProcess-16 INFO moldova_studio_MjtY_ZLhCcg_0s-300s.mp4: completed
2026-08-16 22:26:29,779 SpawnProcess-16 INFO Loading detection cache: ../videos_detections/moldova_studio_aa4-ymH-xtI_75s-536s/detections.json
2026-08-16 22:26:30,548 SpawnProcess-16 INFO moldova_studio_aa4-ymH-xtI_75s-536s.mp4: duration=461.1s, samples=2211, tracks=16
2026-08-16 22:26:34,624 SpawnProcess-2 INFO moldova_studio_Q9fEefKXgy0_139s-451s.mp4: encoding clip 5/15 (240.000s to 250.000s)
2026-08-16 22:26:34,754 SpawnProcess-10 INFO moldova_itw_yNjZrNg_Uik_411s-961s.mp4: encoding clip 13/15 (386.600s to 396.600s)
2026-08-16 22:26:41,147 SpawnProcess-4 INFO moldova_studio_T7mJzH2nsPQ_full.mp4: encoding clip 8/15 (78.800s to 88.800s)
2026-08-16 22:26:43,060 SpawnProcess-11 INFO moldova_studio_PmGQMGIKEUE_230s-468s.mp4: encoding clip 11/11 (171.600s to 181.600s)
2026-08-16 22:26:47,905 SpawnProcess-9 INFO moldova_studio_DetAmN9HODQ_0s-400s.mp4: completed
2026-08-16 22:26:47,919 SpawnProcess-9 INFO Loading detection cache: ../videos_detections/moldova_studio_d-pYjTylAUo_0s-304s/detections.json
2026-08-16 22:26:48,382 SpawnProcess-9 INFO moldova_studio_d-pYjTylAUo_0s-304s.mp4: duration=304.0s, samples=1521, tracks=4
2026-08-16 22:26:49,675 SpawnProcess-10 INFO moldova_itw_yNjZrNg_Uik_411s-961s.mp4: encoding clip 14/15 (396.600s to 404.000s)
2026-08-16 22:26:50,553 SpawnProcess-16 INFO moldova_studio_aa4-ymH-xtI_75s-536s.mp4: VAD found 71 speech intervals
2026-08-16 22:26:51,111 SpawnProcess-2 INFO moldova_studio_Q9fEefKXgy0_139s-451s.mp4: encoding clip 6/15 (141.000s to 151.000s)
2026-08-16 22:26:54,021 SpawnProcess-4 INFO moldova_studio_T7mJzH2nsPQ_full.mp4: encoding clip 9/15 (88.800s to 98.800s)
2026-08-16 22:26:55,293 SpawnProcess-9 INFO moldova_studio_d-pYjTylAUo_0s-304s.mp4: VAD found 54 speech intervals
2026-08-16 22:27:03,842 SpawnProcess-10 INFO moldova_itw_yNjZrNg_Uik_411s-961s.mp4: encoding clip 15/15 (148.600s to 155.000s)
2026-08-16 22:27:03,893 SpawnProcess-11 INFO moldova_studio_PmGQMGIKEUE_230s-468s.mp4: completed
2026-08-16 22:27:03,916 SpawnProcess-11 INFO Loading detection cache: ../videos_detections/moldova_studio_dyy00N9FlEg_86s-424s/detections.json
2026-08-16 22:27:04,719 SpawnProcess-11 INFO moldova_studio_dyy00N9FlEg_86s-424s.mp4: duration=338.1s, samples=1689, tracks=13
2026-08-16 22:27:04,921 SpawnProcess-2 INFO moldova_studio_Q9fEefKXgy0_139s-451s.mp4: encoding clip 7/15 (70.400s to 80.400s)
2026-08-16 22:27:04,969 SpawnProcess-4 INFO moldova_studio_T7mJzH2nsPQ_full.mp4: encoding clip 10/15 (198.800s to 208.800s)
2026-08-16 22:27:16,322 SpawnProcess-10 INFO moldova_itw_yNjZrNg_Uik_411s-961s.mp4: completed
2026-08-16 22:27:16,356 SpawnProcess-10 INFO Loading detection cache: ../videos_detections/moldova_studio_iutbxy_EIDo_134s-459s/detections.json
2026-08-16 22:27:16,385 SpawnProcess-4 INFO moldova_studio_T7mJzH2nsPQ_full.mp4: encoding clip 11/15 (22.400s to 28.200s)
2026-08-16 22:27:17,039 SpawnProcess-10 INFO moldova_studio_iutbxy_EIDo_134s-459s.mp4: duration=325.1s, samples=1624, tracks=18
2026-08-16 22:27:18,466 SpawnProcess-11 INFO moldova_studio_dyy00N9FlEg_86s-424s.mp4: VAD found 119 speech intervals
2026-08-16 22:27:23,233 SpawnProcess-2 INFO moldova_studio_Q9fEefKXgy0_139s-451s.mp4: encoding clip 8/15 (173.000s to 183.000s)
2026-08-16 22:27:24,835 SpawnProcess-10 INFO moldova_studio_iutbxy_EIDo_134s-459s.mp4: VAD found 74 speech intervals
2026-08-16 22:27:24,946 SpawnProcess-4 INFO moldova_studio_T7mJzH2nsPQ_full.mp4: encoding clip 12/15 (58.800s to 68.800s)
2026-08-16 22:27:35,595 SpawnProcess-4 INFO moldova_studio_T7mJzH2nsPQ_full.mp4: encoding clip 13/15 (178.800s to 188.800s)
2026-08-16 22:27:37,735 SpawnProcess-2 INFO moldova_studio_Q9fEefKXgy0_139s-451s.mp4: encoding clip 9/15 (56.600s to 64.000s)
2026-08-16 22:27:44,984 SpawnProcess-4 INFO moldova_studio_T7mJzH2nsPQ_full.mp4: encoding clip 14/15 (139.600s to 149.600s)
2026-08-16 22:27:50,666 SpawnProcess-2 INFO moldova_studio_Q9fEefKXgy0_139s-451s.mp4: encoding clip 10/15 (231.800s to 239.000s)
2026-08-16 22:27:51,090 SpawnProcess-5 INFO moldova_studio_16aWAxZ7dBg_0s-510s.mp4: selected 15 clips
2026-08-16 22:27:51,095 SpawnProcess-5 INFO moldova_studio_16aWAxZ7dBg_0s-510s.mp4: encoding clip 1/15 (185.800s to 192.000s)
2026-08-16 22:27:54,141 SpawnProcess-4 INFO moldova_studio_T7mJzH2nsPQ_full.mp4: encoding clip 15/15 (10.000s to 16.800s)
2026-08-16 22:28:02,568 SpawnProcess-4 INFO moldova_studio_T7mJzH2nsPQ_full.mp4: completed
2026-08-16 22:28:02,577 SpawnProcess-2 INFO moldova_studio_Q9fEefKXgy0_139s-451s.mp4: encoding clip 11/15 (131.000s to 141.000s)
2026-08-16 22:28:02,592 SpawnProcess-4 INFO Loading detection cache: ../videos_detections/moldova_studio_kFUEAWrpOBo_0s-300s/detections.json
2026-08-16 22:28:03,396 SpawnProcess-4 INFO moldova_studio_kFUEAWrpOBo_0s-300s.mp4: duration=300.1s, samples=1499, tracks=1
2026-08-16 22:28:03,744 SpawnProcess-6 INFO moldova_studio_ZOuB2beDD1k_100s-470s.mp4: selected 15 clips
2026-08-16 22:28:03,746 SpawnProcess-6 INFO moldova_studio_ZOuB2beDD1k_100s-470s.mp4: encoding clip 1/15 (355.000s to 365.000s)
2026-08-16 22:28:06,567 SpawnProcess-14 INFO moldova_studio_Wonhi3yRu5c_171s-559s.mp4: selected 15 clips
2026-08-16 22:28:06,571 SpawnProcess-14 INFO moldova_studio_Wonhi3yRu5c_171s-559s.mp4: encoding clip 1/15 (272.600s to 282.600s)
2026-08-16 22:28:09,222 SpawnProcess-4 INFO moldova_studio_kFUEAWrpOBo_0s-300s.mp4: VAD found 38 speech intervals
2026-08-16 22:28:09,285 SpawnProcess-5 INFO moldova_studio_16aWAxZ7dBg_0s-510s.mp4: encoding clip 2/15 (151.800s to 160.000s)
2026-08-16 22:28:13,170 SpawnProcess-6 INFO moldova_studio_ZOuB2beDD1k_100s-470s.mp4: encoding clip 2/15 (111.200s to 119.000s)
2026-08-16 22:28:17,613 SpawnProcess-14 INFO moldova_studio_Wonhi3yRu5c_171s-559s.mp4: encoding clip 2/15 (238.600s to 243.600s)
2026-08-16 22:28:18,004 SpawnProcess-2 INFO moldova_studio_Q9fEefKXgy0_139s-451s.mp4: encoding clip 12/15 (281.200s to 291.200s)
2026-08-16 22:28:20,899 SpawnProcess-6 INFO moldova_studio_ZOuB2beDD1k_100s-470s.mp4: encoding clip 3/15 (0.000s to 10.000s)
2026-08-16 22:28:24,853 SpawnProcess-14 INFO moldova_studio_Wonhi3yRu5c_171s-559s.mp4: encoding clip 3/15 (91.000s to 96.000s)
2026-08-16 22:28:27,476 SpawnProcess-5 INFO moldova_studio_16aWAxZ7dBg_0s-510s.mp4: encoding clip 3/15 (392.200s to 402.200s)
2026-08-16 22:28:30,296 SpawnProcess-2 INFO moldova_studio_Q9fEefKXgy0_139s-451s.mp4: encoding clip 13/15 (266.400s to 276.400s)
2026-08-16 22:28:30,465 SpawnProcess-6 INFO moldova_studio_ZOuB2beDD1k_100s-470s.mp4: encoding clip 4/15 (337.800s to 344.000s)
2026-08-16 22:28:31,594 SpawnProcess-14 INFO moldova_studio_Wonhi3yRu5c_171s-559s.mp4: encoding clip 4/15 (262.600s to 272.600s)
2026-08-16 22:28:36,179 SpawnProcess-6 INFO moldova_studio_ZOuB2beDD1k_100s-470s.mp4: encoding clip 5/15 (80.400s to 90.400s)
2026-08-16 22:28:44,214 SpawnProcess-14 INFO moldova_studio_Wonhi3yRu5c_171s-559s.mp4: encoding clip 5/15 (282.600s to 292.600s)
2026-08-16 22:28:45,679 SpawnProcess-6 INFO moldova_studio_ZOuB2beDD1k_100s-470s.mp4: encoding clip 6/15 (103.200s to 110.000s)
2026-08-16 22:28:47,712 SpawnProcess-2 INFO moldova_studio_Q9fEefKXgy0_139s-451s.mp4: encoding clip 14/15 (151.000s to 159.400s)
2026-08-16 22:28:49,437 SpawnProcess-5 INFO moldova_studio_16aWAxZ7dBg_0s-510s.mp4: encoding clip 4/15 (76.600s to 86.600s)
2026-08-16 22:28:53,432 SpawnProcess-14 INFO moldova_studio_Wonhi3yRu5c_171s-559s.mp4: encoding clip 6/15 (330.600s to 336.000s)
2026-08-16 22:28:54,713 SpawnProcess-6 INFO moldova_studio_ZOuB2beDD1k_100s-470s.mp4: encoding clip 7/15 (93.200s to 103.200s)
2026-08-16 22:29:00,679 SpawnProcess-14 INFO moldova_studio_Wonhi3yRu5c_171s-559s.mp4: encoding clip 7/15 (100.600s to 105.600s)
2026-08-16 22:29:04,193 SpawnProcess-2 INFO moldova_studio_Q9fEefKXgy0_139s-451s.mp4: encoding clip 15/15 (80.400s to 85.600s)
2026-08-16 22:29:05,164 SpawnProcess-6 INFO moldova_studio_ZOuB2beDD1k_100s-470s.mp4: encoding clip 8/15 (70.400s to 80.400s)
2026-08-16 22:29:07,578 SpawnProcess-14 INFO moldova_studio_Wonhi3yRu5c_171s-559s.mp4: encoding clip 8/15 (310.600s to 320.600s)
2026-08-16 22:29:15,350 SpawnProcess-6 INFO moldova_studio_ZOuB2beDD1k_100s-470s.mp4: encoding clip 9/15 (42.600s to 52.000s)
2026-08-16 22:29:15,496 SpawnProcess-2 INFO moldova_studio_Q9fEefKXgy0_139s-451s.mp4: completed
2026-08-16 22:29:15,507 SpawnProcess-2 INFO Loading detection cache: ../videos_detections/moldova_studio_kxCdGYaF1RY_full/detections.json
2026-08-16 22:29:16,090 SpawnProcess-2 INFO moldova_studio_kxCdGYaF1RY_full.mp4: duration=240.4s, samples=1202, tracks=13
2026-08-16 22:29:17,749 SpawnProcess-14 INFO moldova_studio_Wonhi3yRu5c_171s-559s.mp4: encoding clip 9/15 (292.600s to 302.600s)
2026-08-16 22:29:18,856 SpawnProcess-5 INFO moldova_studio_16aWAxZ7dBg_0s-510s.mp4: encoding clip 5/15 (162.000s to 172.000s)
2026-08-16 22:29:23,248 SpawnProcess-2 INFO moldova_studio_kxCdGYaF1RY_full.mp4: VAD found 44 speech intervals
2026-08-16 22:29:26,996 SpawnProcess-6 INFO moldova_studio_ZOuB2beDD1k_100s-470s.mp4: encoding clip 10/15 (15.800s to 21.800s)
2026-08-16 22:29:29,635 SpawnProcess-14 INFO moldova_studio_Wonhi3yRu5c_171s-559s.mp4: encoding clip 10/15 (179.000s to 186.000s)
2026-08-16 22:29:35,218 SpawnProcess-6 INFO moldova_studio_ZOuB2beDD1k_100s-470s.mp4: encoding clip 11/15 (345.000s to 355.000s)
2026-08-16 22:29:38,830 SpawnProcess-15 INFO moldova_studio_ZtQ87ao3chU_377s-665s.mp4: selected 7 clips
2026-08-16 22:29:38,831 SpawnProcess-15 INFO moldova_studio_ZtQ87ao3chU_377s-665s.mp4: encoding clip 1/7 (94.400s to 104.400s)
2026-08-16 22:29:39,509 SpawnProcess-14 INFO moldova_studio_Wonhi3yRu5c_171s-559s.mp4: encoding clip 11/15 (156.000s to 161.400s)
2026-08-16 22:29:46,509 SpawnProcess-6 INFO moldova_studio_ZOuB2beDD1k_100s-470s.mp4: encoding clip 12/15 (32.600s to 42.600s)
2026-08-16 22:29:46,723 SpawnProcess-14 INFO moldova_studio_Wonhi3yRu5c_171s-559s.mp4: encoding clip 12/15 (111.000s to 121.000s)
2026-08-16 22:29:46,747 SpawnProcess-5 INFO moldova_studio_16aWAxZ7dBg_0s-510s.mp4: encoding clip 6/15 (307.000s to 314.400s)
2026-08-16 22:29:57,159 SpawnProcess-14 INFO moldova_studio_Wonhi3yRu5c_171s-559s.mp4: encoding clip 13/15 (46.600s to 56.600s)
2026-08-16 22:29:57,728 SpawnProcess-15 INFO moldova_studio_ZtQ87ao3chU_377s-665s.mp4: encoding clip 2/7 (211.400s to 220.400s)
2026-08-16 22:29:58,302 SpawnProcess-6 INFO moldova_studio_ZOuB2beDD1k_100s-470s.mp4: encoding clip 13/15 (244.800s to 254.800s)
2026-08-16 22:30:07,570 SpawnProcess-14 INFO moldova_studio_Wonhi3yRu5c_171s-559s.mp4: encoding clip 14/15 (0.000s to 9.600s)
2026-08-16 22:30:11,187 SpawnProcess-15 INFO moldova_studio_ZtQ87ao3chU_377s-665s.mp4: encoding clip 3/7 (22.800s to 32.800s)
2026-08-16 22:30:11,925 SpawnProcess-5 INFO moldova_studio_16aWAxZ7dBg_0s-510s.mp4: encoding clip 7/15 (277.400s to 287.400s)
2026-08-16 22:30:12,076 SpawnProcess-6 INFO moldova_studio_ZOuB2beDD1k_100s-470s.mp4: encoding clip 14/15 (224.400s to 234.400s)
2026-08-16 22:30:18,545 SpawnProcess-14 INFO moldova_studio_Wonhi3yRu5c_171s-559s.mp4: encoding clip 15/15 (68.200s to 78.200s)
2026-08-16 22:30:19,592 SpawnProcess-13 INFO moldova_studio_LtqoHPtm6tM_0s-425s.mp4: selected 0 clips
2026-08-16 22:30:19,597 SpawnProcess-13 INFO moldova_studio_LtqoHPtm6tM_0s-425s.mp4: zero-clip diagnostics: {'total_samples': 2998, 'talking_samples': 24, 'longest_run_seconds': 3.6, 'eligible_talking_windows': 0, 'presence_rejected': 0, 'cut_rejected': 0, 'face_rejected': 0, 'speech_rejected': 0}
2026-08-16 22:30:19,604 SpawnProcess-13 INFO moldova_studio_LtqoHPtm6tM_0s-425s.mp4: completed
2026-08-16 22:30:19,624 SpawnProcess-13 INFO Loading detection cache: ../videos_detections/moldova_studio_mPE2pBpTEM0_785s-1066s/detections.json
2026-08-16 22:30:20,534 SpawnProcess-13 INFO moldova_studio_mPE2pBpTEM0_785s-1066s.mp4: duration=281.0s, samples=1406, tracks=31
2026-08-16 22:30:21,899 SpawnProcess-6 INFO moldova_studio_ZOuB2beDD1k_100s-470s.mp4: encoding clip 15/15 (365.000s to 370.200s)
2026-08-16 22:30:23,498 SpawnProcess-7 INFO moldova_studio_Qy3sr8_E1Pc_170s-548s.mp4: selected 15 clips
2026-08-16 22:30:23,506 SpawnProcess-7 INFO moldova_studio_Qy3sr8_E1Pc_170s-548s.mp4: encoding clip 1/15 (353.800s to 363.800s)
2026-08-16 22:30:27,731 SpawnProcess-15 INFO moldova_studio_ZtQ87ao3chU_377s-665s.mp4: encoding clip 4/7 (0.000s to 9.200s)
2026-08-16 22:30:28,758 SpawnProcess-14 INFO moldova_studio_Wonhi3yRu5c_171s-559s.mp4: completed
2026-08-16 22:30:28,778 SpawnProcess-14 INFO Loading detection cache: ../videos_detections/moldova_studio_mWTHoyTNoOA_272s-465s/detections.json
2026-08-16 22:30:29,004 SpawnProcess-6 INFO moldova_studio_ZOuB2beDD1k_100s-470s.mp4: completed
2026-08-16 22:30:29,017 SpawnProcess-6 INFO Loading detection cache: ../videos_detections/moldova_studio_nWbSfHvQfEk_full/detections.json
2026-08-16 22:30:29,494 SpawnProcess-6 INFO moldova_studio_nWbSfHvQfEk_full.mp4: duration=247.0s, samples=1235, tracks=7
2026-08-16 22:30:29,497 SpawnProcess-14 INFO moldova_studio_mWTHoyTNoOA_272s-465s.mp4: duration=193.0s, samples=965, tracks=14
2026-08-16 22:30:29,841 SpawnProcess-13 INFO moldova_studio_mPE2pBpTEM0_785s-1066s.mp4: VAD found 35 speech intervals
2026-08-16 22:30:33,254 SpawnProcess-14 INFO moldova_studio_mWTHoyTNoOA_272s-465s.mp4: VAD found 18 speech intervals
2026-08-16 22:30:34,322 SpawnProcess-6 INFO moldova_studio_nWbSfHvQfEk_full.mp4: VAD found 29 speech intervals
2026-08-16 22:30:35,243 SpawnProcess-5 INFO moldova_studio_16aWAxZ7dBg_0s-510s.mp4: encoding clip 8/15 (135.800s to 143.800s)
2026-08-16 22:30:41,831 SpawnProcess-15 INFO moldova_studio_ZtQ87ao3chU_377s-665s.mp4: encoding clip 5/7 (74.400s to 84.400s)
2026-08-16 22:30:46,057 SpawnProcess-4 INFO moldova_studio_kFUEAWrpOBo_0s-300s.mp4: selected 3 clips
2026-08-16 22:30:46,059 SpawnProcess-4 INFO moldova_studio_kFUEAWrpOBo_0s-300s.mp4: encoding clip 1/3 (278.478s to 284.684s)
2026-08-16 22:30:46,882 SpawnProcess-7 INFO moldova_studio_Qy3sr8_E1Pc_170s-548s.mp4: encoding clip 2/15 (191.400s to 198.000s)
2026-08-16 22:30:54,125 SpawnProcess-4 INFO moldova_studio_kFUEAWrpOBo_0s-300s.mp4: encoding clip 2/3 (237.027s to 246.446s)
2026-08-16 22:30:54,562 SpawnProcess-5 INFO moldova_studio_16aWAxZ7dBg_0s-510s.mp4: encoding clip 9/15 (301.000s to 306.000s)
2026-08-16 22:30:58,101 SpawnProcess-15 INFO moldova_studio_ZtQ87ao3chU_377s-665s.mp4: encoding clip 6/7 (84.400s to 94.400s)
2026-08-16 22:31:02,590 SpawnProcess-7 INFO moldova_studio_Qy3sr8_E1Pc_170s-548s.mp4: encoding clip 3/15 (291.800s to 301.800s)
2026-08-16 22:31:04,581 SpawnProcess-4 INFO moldova_studio_kFUEAWrpOBo_0s-300s.mp4: encoding clip 3/3 (227.027s to 237.027s)
2026-08-16 22:31:07,745 SpawnProcess-5 INFO moldova_studio_16aWAxZ7dBg_0s-510s.mp4: encoding clip 10/15 (267.400s to 277.400s)
2026-08-16 22:31:14,910 SpawnProcess-15 INFO moldova_studio_ZtQ87ao3chU_377s-665s.mp4: encoding clip 7/7 (199.800s to 206.800s)
2026-08-16 22:31:15,529 SpawnProcess-9 INFO moldova_studio_d-pYjTylAUo_0s-304s.mp4: selected 6 clips
2026-08-16 22:31:15,549 SpawnProcess-9 INFO moldova_studio_d-pYjTylAUo_0s-304s.mp4: encoding clip 1/6 (186.200s to 196.200s)
2026-08-16 22:31:15,616 SpawnProcess-4 INFO moldova_studio_kFUEAWrpOBo_0s-300s.mp4: completed
2026-08-16 22:31:15,626 SpawnProcess-4 INFO Loading detection cache: ../videos_detections/moldova_studio_oLXEgqT5Vw4_67s-446s/detections.json
2026-08-16 22:31:16,125 SpawnProcess-4 INFO moldova_studio_oLXEgqT5Vw4_67s-446s.mp4: duration=379.1s, samples=1896, tracks=31
2026-08-16 22:31:23,257 SpawnProcess-4 INFO moldova_studio_oLXEgqT5Vw4_67s-446s.mp4: VAD found 57 speech intervals
2026-08-16 22:31:26,849 SpawnProcess-15 INFO moldova_studio_ZtQ87ao3chU_377s-665s.mp4: completed
2026-08-16 22:31:26,865 SpawnProcess-15 INFO Loading detection cache: ../videos_detections/moldova_studio_pMiS-1hAqKM_full/detections.json
2026-08-16 22:31:27,345 SpawnProcess-15 INFO moldova_studio_pMiS-1hAqKM_full.mp4: duration=323.5s, samples=1552, tracks=47
2026-08-16 22:31:27,682 SpawnProcess-7 INFO moldova_studio_Qy3sr8_E1Pc_170s-548s.mp4: encoding clip 4/15 (321.800s to 331.800s)
2026-08-16 22:31:32,577 SpawnProcess-9 INFO moldova_studio_d-pYjTylAUo_0s-304s.mp4: encoding clip 2/6 (278.200s to 284.400s)
2026-08-16 22:31:34,627 SpawnProcess-15 INFO moldova_studio_pMiS-1hAqKM_full.mp4: VAD found 41 speech intervals
2026-08-16 22:31:38,636 SpawnProcess-5 INFO moldova_studio_16aWAxZ7dBg_0s-510s.mp4: encoding clip 11/15 (429.200s to 439.200s)
2026-08-16 22:31:43,043 SpawnProcess-9 INFO moldova_studio_d-pYjTylAUo_0s-304s.mp4: encoding clip 3/6 (285.400s to 295.400s)
2026-08-16 22:31:53,325 SpawnProcess-7 INFO moldova_studio_Qy3sr8_E1Pc_170s-548s.mp4: encoding clip 5/15 (64.800s to 74.800s)
2026-08-16 22:32:01,855 SpawnProcess-9 INFO moldova_studio_d-pYjTylAUo_0s-304s.mp4: encoding clip 4/6 (239.800s to 248.600s)
2026-08-16 22:32:04,446 SpawnProcess-5 INFO moldova_studio_16aWAxZ7dBg_0s-510s.mp4: encoding clip 12/15 (144.800s to 150.800s)
2026-08-16 22:32:09,677 SpawnProcess-14 INFO moldova_studio_mWTHoyTNoOA_272s-465s.mp4: selected 8 clips
2026-08-16 22:32:09,678 SpawnProcess-14 INFO moldova_studio_mWTHoyTNoOA_272s-465s.mp4: encoding clip 1/8 (20.400s to 29.200s)
2026-08-16 22:32:18,061 SpawnProcess-9 INFO moldova_studio_d-pYjTylAUo_0s-304s.mp4: encoding clip 5/6 (260.200s to 270.200s)
2026-08-16 22:32:18,893 SpawnProcess-14 INFO moldova_studio_mWTHoyTNoOA_272s-465s.mp4: encoding clip 2/8 (69.800s to 79.800s)
2026-08-16 22:32:19,587 SpawnProcess-7 INFO moldova_studio_Qy3sr8_E1Pc_170s-548s.mp4: encoding clip 6/15 (99.200s to 108.800s)
2026-08-16 22:32:23,990 SpawnProcess-1 INFO moldova_studio__zl5P0Y75_8_141s-1187s.mp4: selected 5 clips
2026-08-16 22:32:24,031 SpawnProcess-1 INFO moldova_studio__zl5P0Y75_8_141s-1187s.mp4: encoding clip 1/5 (374.800s to 384.800s)
2026-08-16 22:32:24,560 SpawnProcess-5 INFO moldova_studio_16aWAxZ7dBg_0s-510s.mp4: encoding clip 13/15 (256.400s to 266.000s)
2026-08-16 22:32:28,307 SpawnProcess-14 INFO moldova_studio_mWTHoyTNoOA_272s-465s.mp4: encoding clip 3/8 (79.800s to 85.000s)
2026-08-16 22:32:33,013 SpawnProcess-6 INFO moldova_studio_nWbSfHvQfEk_full.mp4: selected 11 clips
2026-08-16 22:32:33,016 SpawnProcess-6 INFO moldova_studio_nWbSfHvQfEk_full.mp4: encoding clip 1/11 (70.200s to 76.800s)
2026-08-16 22:32:33,735 SpawnProcess-9 INFO moldova_studio_d-pYjTylAUo_0s-304s.mp4: encoding clip 6/6 (228.200s to 234.000s)
2026-08-16 22:32:35,957 SpawnProcess-1 INFO moldova_studio__zl5P0Y75_8_141s-1187s.mp4: encoding clip 2/5 (82.400s to 92.000s)
2026-08-16 22:32:36,270 SpawnProcess-14 INFO moldova_studio_mWTHoyTNoOA_272s-465s.mp4: encoding clip 4/8 (50.600s to 60.600s)
2026-08-16 22:32:40,592 SpawnProcess-6 INFO moldova_studio_nWbSfHvQfEk_full.mp4: encoding clip 2/11 (111.600s to 121.600s)
2026-08-16 22:32:41,729 SpawnProcess-13 INFO moldova_studio_mPE2pBpTEM0_785s-1066s.mp4: selected 13 clips
2026-08-16 22:32:41,742 SpawnProcess-13 INFO moldova_studio_mPE2pBpTEM0_785s-1066s.mp4: encoding clip 1/13 (200.200s to 210.200s)
2026-08-16 22:32:41,821 SpawnProcess-12 INFO moldova_studio_UQpeA0H_S40_0s-450s.mp4: selected 0 clips
2026-08-16 22:32:41,825 SpawnProcess-12 INFO moldova_studio_UQpeA0H_S40_0s-450s.mp4: zero-clip diagnostics: {'total_samples': 3394, 'talking_samples': 214, 'longest_run_seconds': 11.41, 'eligible_talking_windows': 3, 'presence_rejected': 0, 'cut_rejected': 0, 'face_rejected': 3, 'speech_rejected': 0}
2026-08-16 22:32:41,842 SpawnProcess-12 INFO moldova_studio_UQpeA0H_S40_0s-450s.mp4: completed
2026-08-16 22:32:41,889 SpawnProcess-12 INFO Loading detection cache: ../videos_detections/moldova_studio_sVO13R1D3zA_127s-475s/detections.json
2026-08-16 22:32:42,496 SpawnProcess-12 INFO moldova_studio_sVO13R1D3zA_127s-475s.mp4: duration=348.0s, samples=1741, tracks=32
2026-08-16 22:32:47,362 SpawnProcess-13 INFO moldova_studio_mPE2pBpTEM0_785s-1066s.mp4: encoding clip 2/13 (223.000s to 233.000s)
2026-08-16 22:32:49,400 SpawnProcess-5 INFO moldova_studio_16aWAxZ7dBg_0s-510s.mp4: encoding clip 14/15 (291.400s to 298.000s)
2026-08-16 22:32:50,201 SpawnProcess-14 INFO moldova_studio_mWTHoyTNoOA_272s-465s.mp4: encoding clip 5/8 (110.400s to 116.600s)
2026-08-16 22:32:50,710 SpawnProcess-9 INFO moldova_studio_d-pYjTylAUo_0s-304s.mp4: completed
2026-08-16 22:32:50,785 SpawnProcess-9 INFO Loading detection cache: ../videos_detections/moldova_studio_umbP_QsVS3k_full/detections.json
2026-08-16 22:32:51,213 SpawnProcess-9 INFO moldova_studio_umbP_QsVS3k_full.mp4: duration=138.2s, samples=691, tracks=50
2026-08-16 22:32:52,322 SpawnProcess-6 INFO moldova_studio_nWbSfHvQfEk_full.mp4: encoding clip 3/11 (131.600s to 140.400s)
2026-08-16 22:32:52,745 SpawnProcess-7 INFO moldova_studio_Qy3sr8_E1Pc_170s-548s.mp4: encoding clip 7/15 (89.200s to 99.200s)
2026-08-16 22:32:52,812 SpawnProcess-1 INFO moldova_studio__zl5P0Y75_8_141s-1187s.mp4: encoding clip 3/5 (386.800s to 395.200s)
2026-08-16 22:32:53,595 SpawnProcess-13 INFO moldova_studio_mPE2pBpTEM0_785s-1066s.mp4: encoding clip 3/13 (108.600s to 118.600s)
2026-08-16 22:32:53,607 SpawnProcess-12 INFO moldova_studio_sVO13R1D3zA_127s-475s.mp4: VAD found 67 speech intervals
2026-08-16 22:32:53,740 SpawnProcess-16 INFO moldova_studio_aa4-ymH-xtI_75s-536s.mp4: selected 13 clips
2026-08-16 22:32:53,752 SpawnProcess-16 INFO moldova_studio_aa4-ymH-xtI_75s-536s.mp4: encoding clip 1/13 (188.095s to 197.064s)
2026-08-16 22:32:55,047 SpawnProcess-9 INFO moldova_studio_umbP_QsVS3k_full.mp4: VAD found 2 speech intervals
2026-08-16 22:32:57,383 SpawnProcess-14 INFO moldova_studio_mWTHoyTNoOA_272s-465s.mp4: encoding clip 6/8 (10.400s to 20.400s)
2026-08-16 22:32:58,298 SpawnProcess-13 INFO moldova_studio_mPE2pBpTEM0_785s-1066s.mp4: encoding clip 4/13 (68.200s to 78.200s)
2026-08-16 22:32:59,688 SpawnProcess-2 INFO moldova_studio_kxCdGYaF1RY_full.mp4: selected 15 clips
2026-08-16 22:32:59,693 SpawnProcess-2 INFO moldova_studio_kxCdGYaF1RY_full.mp4: encoding clip 1/15 (58.800s to 68.800s)
2026-08-16 22:33:02,597 SpawnProcess-13 INFO moldova_studio_mPE2pBpTEM0_785s-1066s.mp4: encoding clip 5/13 (88.200s to 94.800s)
2026-08-16 22:33:03,291 SpawnProcess-6 INFO moldova_studio_nWbSfHvQfEk_full.mp4: encoding clip 4/11 (147.400s to 157.400s)
2026-08-16 22:33:07,842 SpawnProcess-13 INFO moldova_studio_mPE2pBpTEM0_785s-1066s.mp4: encoding clip 6/13 (240.800s to 247.200s)
2026-08-16 22:33:08,071 SpawnProcess-16 INFO moldova_studio_aa4-ymH-xtI_75s-536s.mp4: encoding clip 2/13 (156.198s to 166.198s)
2026-08-16 22:33:09,081 SpawnProcess-14 INFO moldova_studio_mWTHoyTNoOA_272s-465s.mp4: encoding clip 7/8 (124.600s to 129.600s)
2026-08-16 22:33:10,327 SpawnProcess-5 INFO moldova_studio_16aWAxZ7dBg_0s-510s.mp4: encoding clip 15/15 (193.800s to 201.800s)
2026-08-16 22:33:11,295 SpawnProcess-1 INFO moldova_studio__zl5P0Y75_8_141s-1187s.mp4: encoding clip 4/5 (438.800s to 446.000s)
2026-08-16 22:33:11,392 SpawnProcess-13 INFO moldova_studio_mPE2pBpTEM0_785s-1066s.mp4: encoding clip 7/13 (118.600s to 128.600s)
2026-08-16 22:33:14,041 SpawnProcess-6 INFO moldova_studio_nWbSfHvQfEk_full.mp4: encoding clip 5/11 (170.000s to 180.000s)
2026-08-16 22:33:15,064 SpawnProcess-7 INFO moldova_studio_Qy3sr8_E1Pc_170s-548s.mp4: encoding clip 8/15 (343.800s to 353.800s)
2026-08-16 22:33:16,240 SpawnProcess-2 INFO moldova_studio_kxCdGYaF1RY_full.mp4: encoding clip 2/15 (68.800s to 74.000s)
2026-08-16 22:33:19,316 SpawnProcess-14 INFO moldova_studio_mWTHoyTNoOA_272s-465s.mp4: encoding clip 8/8 (40.600s to 50.600s)
2026-08-16 22:33:21,545 SpawnProcess-13 INFO moldova_studio_mPE2pBpTEM0_785s-1066s.mp4: encoding clip 8/13 (185.000s to 193.200s)
2026-08-16 22:33:21,732 SpawnProcess-1 INFO moldova_studio__zl5P0Y75_8_141s-1187s.mp4: encoding clip 5/5 (72.400s to 82.400s)
2026-08-16 22:33:24,943 SpawnProcess-2 INFO moldova_studio_kxCdGYaF1RY_full.mp4: encoding clip 3/15 (119.200s to 129.000s)
2026-08-16 22:33:27,732 SpawnProcess-13 INFO moldova_studio_mPE2pBpTEM0_785s-1066s.mp4: encoding clip 9/13 (31.000s to 39.400s)
2026-08-16 22:33:28,781 SpawnProcess-6 INFO moldova_studio_nWbSfHvQfEk_full.mp4: encoding clip 6/11 (0.000s to 10.000s)
2026-08-16 22:33:31,977 SpawnProcess-16 INFO moldova_studio_aa4-ymH-xtI_75s-536s.mp4: encoding clip 3/13 (35.005s to 45.005s)
2026-08-16 22:33:32,220 SpawnProcess-14 INFO moldova_studio_mWTHoyTNoOA_272s-465s.mp4: completed
2026-08-16 22:33:32,227 SpawnProcess-14 INFO Loading detection cache: ../videos_detections/moldova_studio_vF3NMm3j97g_375s-1093s/detections.json
2026-08-16 22:33:33,363 SpawnProcess-14 INFO moldova_studio_vF3NMm3j97g_375s-1093s.mp4: duration=718.0s, samples=3447, tracks=98
2026-08-16 22:33:33,597 SpawnProcess-13 INFO moldova_studio_mPE2pBpTEM0_785s-1066s.mp4: encoding clip 10/13 (248.600s to 255.000s)
2026-08-16 22:33:37,455 SpawnProcess-7 INFO moldova_studio_Qy3sr8_E1Pc_170s-548s.mp4: encoding clip 9/15 (0.000s to 10.000s)
2026-08-16 22:33:38,342 SpawnProcess-5 INFO moldova_studio_16aWAxZ7dBg_0s-510s.mp4: completed
2026-08-16 22:33:38,365 SpawnProcess-5 INFO Loading detection cache: ../videos_detections/moldova_studio_xhQNsoTBIpI_748s-1110s/detections.json
2026-08-16 22:33:38,879 SpawnProcess-1 INFO moldova_studio__zl5P0Y75_8_141s-1187s.mp4: completed
2026-08-16 22:33:38,895 SpawnProcess-1 INFO Loading detection cache: ../videos_detections/moldova_studio_zvEP7pnFXKE_48s-315s/detections.json
2026-08-16 22:33:39,009 SpawnProcess-13 INFO moldova_studio_mPE2pBpTEM0_785s-1066s.mp4: encoding clip 11/13 (78.200s to 88.200s)
2026-08-16 22:33:39,148 SpawnProcess-5 INFO moldova_studio_xhQNsoTBIpI_748s-1110s.mp4: duration=362.0s, samples=1811, tracks=1
2026-08-16 22:33:39,483 SpawnProcess-1 INFO moldova_studio_zvEP7pnFXKE_48s-315s.mp4: duration=267.0s, samples=1336, tracks=14
2026-08-16 22:33:41,782 SpawnProcess-6 INFO moldova_studio_nWbSfHvQfEk_full.mp4: encoding clip 7/11 (121.600s to 131.600s)
2026-08-16 22:33:44,128 SpawnProcess-2 INFO moldova_studio_kxCdGYaF1RY_full.mp4: encoding clip 4/15 (90.800s to 100.800s)
2026-08-16 22:33:44,569 SpawnProcess-13 INFO moldova_studio_mPE2pBpTEM0_785s-1066s.mp4: encoding clip 12/13 (22.800s to 30.000s)
2026-08-16 22:33:47,270 SpawnProcess-16 INFO moldova_studio_aa4-ymH-xtI_75s-536s.mp4: encoding clip 4/13 (178.095s to 188.095s)
2026-08-16 22:33:47,687 SpawnProcess-5 INFO moldova_studio_xhQNsoTBIpI_748s-1110s.mp4: VAD found 44 speech intervals
2026-08-16 22:33:48,169 SpawnProcess-1 INFO moldova_studio_zvEP7pnFXKE_48s-315s.mp4: VAD found 45 speech intervals
2026-08-16 22:33:48,286 SpawnProcess-13 INFO moldova_studio_mPE2pBpTEM0_785s-1066s.mp4: encoding clip 13/13 (175.000s to 185.000s)
2026-08-16 22:33:48,754 SpawnProcess-14 INFO moldova_studio_vF3NMm3j97g_375s-1093s.mp4: VAD found 136 speech intervals
2026-08-16 22:33:55,318 SpawnProcess-6 INFO moldova_studio_nWbSfHvQfEk_full.mp4: encoding clip 8/11 (87.600s to 97.600s)
2026-08-16 22:33:55,969 SpawnProcess-13 INFO moldova_studio_mPE2pBpTEM0_785s-1066s.mp4: completed
2026-08-16 22:33:56,004 SpawnProcess-13 INFO Loading detection cache: ../videos_detections/muntenia_itw_-xYXejMcWgw_full/detections.json
2026-08-16 22:33:56,639 SpawnProcess-13 INFO muntenia_itw_-xYXejMcWgw_full.mp4: duration=158.7s, samples=794, tracks=146
2026-08-16 22:34:00,312 SpawnProcess-13 INFO muntenia_itw_-xYXejMcWgw_full.mp4: VAD found 13 speech intervals
2026-08-16 22:34:02,235 SpawnProcess-16 INFO moldova_studio_aa4-ymH-xtI_75s-536s.mp4: encoding clip 5/13 (15.005s to 25.005s)
2026-08-16 22:34:02,653 SpawnProcess-7 INFO moldova_studio_Qy3sr8_E1Pc_170s-548s.mp4: encoding clip 10/15 (74.800s to 84.800s)
2026-08-16 22:34:03,365 SpawnProcess-2 INFO moldova_studio_kxCdGYaF1RY_full.mp4: encoding clip 5/15 (198.800s to 208.800s)
2026-08-16 22:34:07,546 SpawnProcess-6 INFO moldova_studio_nWbSfHvQfEk_full.mp4: encoding clip 9/11 (16.600s to 26.600s)
2026-08-16 22:34:16,729 SpawnProcess-16 INFO moldova_studio_aa4-ymH-xtI_75s-536s.mp4: encoding clip 6/13 (114.489s to 120.945s)
2026-08-16 22:34:16,867 SpawnProcess-8 INFO moldova_studio_0mZOc3ni-WA_148s-780s.mp4: selected 13 clips
2026-08-16 22:34:16,874 SpawnProcess-8 INFO moldova_studio_0mZOc3ni-WA_148s-780s.mp4: encoding clip 1/13 (600.400s to 610.400s)
2026-08-16 22:34:17,283 SpawnProcess-2 INFO moldova_studio_kxCdGYaF1RY_full.mp4: encoding clip 6/15 (178.200s to 188.200s)
2026-08-16 22:34:20,550 SpawnProcess-6 INFO moldova_studio_nWbSfHvQfEk_full.mp4: encoding clip 10/11 (48.600s to 58.600s)
2026-08-16 22:34:22,332 SpawnProcess-15 INFO moldova_studio_pMiS-1hAqKM_full.mp4: selected 4 clips
2026-08-16 22:34:22,334 SpawnProcess-15 INFO moldova_studio_pMiS-1hAqKM_full.mp4: encoding clip 1/4 (157.657s to 163.279s)
2026-08-16 22:34:27,752 SpawnProcess-16 INFO moldova_studio_aa4-ymH-xtI_75s-536s.mp4: encoding clip 7/13 (166.198s to 174.333s)
2026-08-16 22:34:30,810 SpawnProcess-7 INFO moldova_studio_Qy3sr8_E1Pc_170s-548s.mp4: encoding clip 11/15 (173.800s to 182.600s)
2026-08-16 22:34:31,643 SpawnProcess-15 INFO moldova_studio_pMiS-1hAqKM_full.mp4: encoding clip 2/4 (91.758s to 98.214s)
2026-08-16 22:34:32,557 SpawnProcess-2 INFO moldova_studio_kxCdGYaF1RY_full.mp4: encoding clip 7/15 (188.200s to 197.800s)
2026-08-16 22:34:33,569 SpawnProcess-6 INFO moldova_studio_nWbSfHvQfEk_full.mp4: encoding clip 11/11 (160.000s to 170.000s)
2026-08-16 22:34:33,689 SpawnProcess-4 INFO moldova_studio_oLXEgqT5Vw4_67s-446s.mp4: selected 15 clips
2026-08-16 22:34:33,693 SpawnProcess-4 INFO moldova_studio_oLXEgqT5Vw4_67s-446s.mp4: encoding clip 1/15 (287.800s to 297.800s)
2026-08-16 22:34:39,764 SpawnProcess-15 INFO moldova_studio_pMiS-1hAqKM_full.mp4: encoding clip 3/4 (275.483s to 283.608s)
2026-08-16 22:34:41,828 SpawnProcess-16 INFO moldova_studio_aa4-ymH-xtI_75s-536s.mp4: encoding clip 8/13 (94.469s to 104.469s)
2026-08-16 22:34:45,397 SpawnProcess-4 INFO moldova_studio_oLXEgqT5Vw4_67s-446s.mp4: encoding clip 2/15 (258.800s to 268.800s)
2026-08-16 22:34:47,547 SpawnProcess-6 INFO moldova_studio_nWbSfHvQfEk_full.mp4: completed
2026-08-16 22:34:47,553 SpawnProcess-6 INFO Loading detection cache: ../videos_detections/muntenia_itw_13u2o7Oaals_full/detections.json
2026-08-16 22:34:47,973 SpawnProcess-6 INFO muntenia_itw_13u2o7Oaals_full.mp4: duration=167.2s, samples=836, tracks=36
2026-08-16 22:34:49,341 SpawnProcess-3 INFO moldova_studio_AmW0WwZI-QA_0s-478s.mp4: selected 4 clips
2026-08-16 22:34:49,350 SpawnProcess-3 INFO moldova_studio_AmW0WwZI-QA_0s-478s.mp4: encoding clip 1/4 (310.417s to 317.700s)
2026-08-16 22:34:50,027 SpawnProcess-15 INFO moldova_studio_pMiS-1hAqKM_full.mp4: encoding clip 4/4 (265.682s to 271.930s)
2026-08-16 22:34:50,557 SpawnProcess-2 INFO moldova_studio_kxCdGYaF1RY_full.mp4: encoding clip 8/15 (80.800s to 90.800s)
2026-08-16 22:34:52,323 SpawnProcess-6 INFO muntenia_itw_13u2o7Oaals_full.mp4: VAD found 27 speech intervals
2026-08-16 22:34:53,278 SpawnProcess-7 INFO moldova_studio_Qy3sr8_E1Pc_170s-548s.mp4: encoding clip 12/15 (54.800s to 64.800s)
2026-08-16 22:34:53,827 SpawnProcess-8 INFO moldova_studio_0mZOc3ni-WA_148s-780s.mp4: encoding clip 2/13 (449.049s to 454.254s)
2026-08-16 22:34:54,392 SpawnProcess-16 INFO moldova_studio_aa4-ymH-xtI_75s-536s.mp4: encoding clip 9/13 (104.469s to 113.646s)
2026-08-16 22:34:55,771 SpawnProcess-4 INFO moldova_studio_oLXEgqT5Vw4_67s-446s.mp4: encoding clip 3/15 (33.200s to 38.200s)
2026-08-16 22:34:57,028 SpawnProcess-15 INFO moldova_studio_pMiS-1hAqKM_full.mp4: completed
2026-08-16 22:34:57,046 SpawnProcess-15 INFO Loading detection cache: ../videos_detections/muntenia_itw_3LRKcnKKa3k_full/detections.json
2026-08-16 22:34:58,075 SpawnProcess-15 INFO muntenia_itw_3LRKcnKKa3k_full.mp4: duration=176.7s, samples=884, tracks=97
2026-08-16 22:35:02,261 SpawnProcess-4 INFO moldova_studio_oLXEgqT5Vw4_67s-446s.mp4: encoding clip 4/15 (213.600s to 223.600s)
2026-08-16 22:35:02,744 SpawnProcess-15 INFO muntenia_itw_3LRKcnKKa3k_full.mp4: VAD found 12 speech intervals
2026-08-16 22:35:05,996 SpawnProcess-2 INFO moldova_studio_kxCdGYaF1RY_full.mp4: encoding clip 9/15 (100.800s to 110.800s)
2026-08-16 22:35:06,704 SpawnProcess-16 INFO moldova_studio_aa4-ymH-xtI_75s-536s.mp4: encoding clip 10/13 (5.005s to 15.005s)
2026-08-16 22:35:10,502 SpawnProcess-8 INFO moldova_studio_0mZOc3ni-WA_148s-780s.mp4: encoding clip 3/13 (370.370s to 380.370s)
2026-08-16 22:35:11,948 SpawnProcess-4 INFO moldova_studio_oLXEgqT5Vw4_67s-446s.mp4: encoding clip 5/15 (148.800s to 158.800s)
2026-08-16 22:35:15,553 SpawnProcess-7 INFO moldova_studio_Qy3sr8_E1Pc_170s-548s.mp4: encoding clip 13/15 (223.800s to 233.800s)
2026-08-16 22:35:19,639 SpawnProcess-3 INFO moldova_studio_AmW0WwZI-QA_0s-478s.mp4: encoding clip 2/4 (247.500s to 252.700s)
2026-08-16 22:35:20,690 SpawnProcess-2 INFO moldova_studio_kxCdGYaF1RY_full.mp4: encoding clip 10/15 (130.000s to 140.000s)
2026-08-16 22:35:21,962 SpawnProcess-16 INFO moldova_studio_aa4-ymH-xtI_75s-536s.mp4: encoding clip 11/13 (125.959s to 135.959s)
2026-08-16 22:35:21,982 SpawnProcess-9 INFO moldova_studio_umbP_QsVS3k_full.mp4: selected 3 clips
2026-08-16 22:35:21,985 SpawnProcess-9 INFO moldova_studio_umbP_QsVS3k_full.mp4: encoding clip 1/3 (42.200s to 50.200s)
2026-08-16 22:35:22,308 SpawnProcess-4 INFO moldova_studio_oLXEgqT5Vw4_67s-446s.mp4: encoding clip 6/15 (278.400s to 284.000s)
2026-08-16 22:35:29,430 SpawnProcess-4 INFO moldova_studio_oLXEgqT5Vw4_67s-446s.mp4: encoding clip 7/15 (372.000s to 379.000s)
2026-08-16 22:35:36,444 SpawnProcess-16 INFO moldova_studio_aa4-ymH-xtI_75s-536s.mp4: encoding clip 12/13 (25.005s to 35.005s)
2026-08-16 22:35:37,202 SpawnProcess-4 INFO moldova_studio_oLXEgqT5Vw4_67s-446s.mp4: encoding clip 8/15 (158.800s to 168.800s)
2026-08-16 22:35:37,266 SpawnProcess-2 INFO moldova_studio_kxCdGYaF1RY_full.mp4: encoding clip 11/15 (140.000s to 150.000s)
2026-08-16 22:35:38,353 SpawnProcess-7 INFO moldova_studio_Qy3sr8_E1Pc_170s-548s.mp4: encoding clip 14/15 (333.800s to 343.800s)
2026-08-16 22:35:38,829 SpawnProcess-9 INFO moldova_studio_umbP_QsVS3k_full.mp4: encoding clip 2/3 (77.200s to 87.200s)
2026-08-16 22:35:42,063 SpawnProcess-3 INFO moldova_studio_AmW0WwZI-QA_0s-478s.mp4: encoding clip 3/4 (1.250s to 11.250s)
2026-08-16 22:35:43,130 SpawnProcess-8 INFO moldova_studio_0mZOc3ni-WA_148s-780s.mp4: encoding clip 4/13 (232.833s to 242.833s)
2026-08-16 22:35:47,932 SpawnProcess-4 INFO moldova_studio_oLXEgqT5Vw4_67s-446s.mp4: encoding clip 9/15 (346.800s to 351.800s)
2026-08-16 22:35:52,354 SpawnProcess-2 INFO moldova_studio_kxCdGYaF1RY_full.mp4: encoding clip 12/15 (163.000s to 169.000s)
2026-08-16 22:35:52,850 SpawnProcess-16 INFO moldova_studio_aa4-ymH-xtI_75s-536s.mp4: encoding clip 13/13 (452.327s to 461.077s)
2026-08-16 22:35:55,132 SpawnProcess-9 INFO moldova_studio_umbP_QsVS3k_full.mp4: encoding clip 3/3 (51.200s to 61.200s)
2026-08-16 22:35:55,908 SpawnProcess-4 INFO moldova_studio_oLXEgqT5Vw4_67s-446s.mp4: encoding clip 10/15 (362.000s to 372.000s)
2026-08-16 22:36:00,819 SpawnProcess-2 INFO moldova_studio_kxCdGYaF1RY_full.mp4: encoding clip 13/15 (223.600s to 233.600s)
2026-08-16 22:36:02,760 SpawnProcess-7 INFO moldova_studio_Qy3sr8_E1Pc_170s-548s.mp4: encoding clip 15/15 (271.800s to 281.800s)
2026-08-16 22:36:07,825 SpawnProcess-4 INFO moldova_studio_oLXEgqT5Vw4_67s-446s.mp4: encoding clip 11/15 (233.600s to 239.000s)
2026-08-16 22:36:10,062 SpawnProcess-16 INFO moldova_studio_aa4-ymH-xtI_75s-536s.mp4: completed
2026-08-16 22:36:10,080 SpawnProcess-16 INFO Loading detection cache: ../videos_detections/muntenia_itw_5E2eZ99C7Ns_0s-300s/detections.json
2026-08-16 22:36:10,958 SpawnProcess-16 INFO muntenia_itw_5E2eZ99C7Ns_0s-300s.mp4: duration=300.0s, samples=1499, tracks=27
2026-08-16 22:36:12,302 SpawnProcess-9 INFO moldova_studio_umbP_QsVS3k_full.mp4: completed
2026-08-16 22:36:12,327 SpawnProcess-9 INFO Loading detection cache: ../videos_detections/muntenia_itw_8593OI6yYao_71s-287s/detections.json
2026-08-16 22:36:13,129 SpawnProcess-9 INFO muntenia_itw_8593OI6yYao_71s-287s.mp4: duration=216.0s, samples=1080, tracks=16
2026-08-16 22:36:13,495 SpawnProcess-2 INFO moldova_studio_kxCdGYaF1RY_full.mp4: encoding clip 14/15 (208.800s to 218.800s)
2026-08-16 22:36:14,969 SpawnProcess-8 INFO moldova_studio_0mZOc3ni-WA_148s-780s.mp4: encoding clip 5/13 (312.112s to 322.112s)
2026-08-16 22:36:15,927 SpawnProcess-4 INFO moldova_studio_oLXEgqT5Vw4_67s-446s.mp4: encoding clip 12/15 (223.600s to 233.600s)
2026-08-16 22:36:17,818 SpawnProcess-10 INFO moldova_studio_iutbxy_EIDo_134s-459s.mp4: selected 3 clips
2026-08-16 22:36:17,822 SpawnProcess-10 INFO moldova_studio_iutbxy_EIDo_134s-459s.mp4: encoding clip 1/3 (0.200s to 7.207s)
2026-08-16 22:36:19,359 SpawnProcess-9 INFO muntenia_itw_8593OI6yYao_71s-287s.mp4: VAD found 10 speech intervals
2026-08-16 22:36:24,879 SpawnProcess-3 INFO moldova_studio_AmW0WwZI-QA_0s-478s.mp4: encoding clip 4/4 (47.708s to 52.908s)
2026-08-16 22:36:25,687 SpawnProcess-16 INFO muntenia_itw_5E2eZ99C7Ns_0s-300s.mp4: VAD found 4 speech intervals
2026-08-16 22:36:26,311 SpawnProcess-7 INFO moldova_studio_Qy3sr8_E1Pc_170s-548s.mp4: completed
2026-08-16 22:36:26,337 SpawnProcess-7 INFO Loading detection cache: ../videos_detections/muntenia_itw_BtxuhDROe2I_full/detections.json
2026-08-16 22:36:27,668 SpawnProcess-4 INFO moldova_studio_oLXEgqT5Vw4_67s-446s.mp4: encoding clip 13/15 (240.800s to 250.800s)
2026-08-16 22:36:27,947 SpawnProcess-7 INFO muntenia_itw_BtxuhDROe2I_full.mp4: duration=266.0s, samples=1330, tracks=38
2026-08-16 22:36:30,385 SpawnProcess-13 INFO muntenia_itw_-xYXejMcWgw_full.mp4: selected 7 clips
2026-08-16 22:36:30,391 SpawnProcess-13 INFO muntenia_itw_-xYXejMcWgw_full.mp4: encoding clip 1/7 (25.800s to 35.800s)
2026-08-16 22:36:31,627 SpawnProcess-2 INFO moldova_studio_kxCdGYaF1RY_full.mp4: encoding clip 15/15 (0.400s to 8.200s)
2026-08-16 22:36:35,236 SpawnProcess-7 INFO muntenia_itw_BtxuhDROe2I_full.mp4: VAD found 48 speech intervals
2026-08-16 22:36:38,600 SpawnProcess-4 INFO moldova_studio_oLXEgqT5Vw4_67s-446s.mp4: encoding clip 14/15 (297.800s to 307.800s)
2026-08-16 22:36:38,688 SpawnProcess-10 INFO moldova_studio_iutbxy_EIDo_134s-459s.mp4: encoding clip 2/3 (93.283s to 103.283s)
2026-08-16 22:36:43,252 SpawnProcess-2 INFO moldova_studio_kxCdGYaF1RY_full.mp4: completed
2026-08-16 22:36:43,272 SpawnProcess-2 INFO Loading detection cache: ../videos_detections/muntenia_itw_E79saLCJRng_full/detections.json
2026-08-16 22:36:43,766 SpawnProcess-2 INFO muntenia_itw_E79saLCJRng_full.mp4: duration=198.4s, samples=993, tracks=3
2026-08-16 22:36:44,088 SpawnProcess-13 INFO muntenia_itw_-xYXejMcWgw_full.mp4: encoding clip 2/7 (149.800s to 158.000s)
2026-08-16 22:36:47,214 SpawnProcess-8 INFO moldova_studio_0mZOc3ni-WA_148s-780s.mp4: encoding clip 6/13 (469.669s to 474.674s)
2026-08-16 22:36:49,507 SpawnProcess-3 INFO moldova_studio_AmW0WwZI-QA_0s-478s.mp4: completed
2026-08-16 22:36:49,538 SpawnProcess-3 INFO Loading detection cache: ../videos_detections/muntenia_itw_EsA-ty7pjh8_15s-315s/detections.json
2026-08-16 22:36:50,044 SpawnProcess-2 INFO muntenia_itw_E79saLCJRng_full.mp4: VAD found 6 speech intervals
2026-08-16 22:36:50,093 SpawnProcess-3 INFO muntenia_itw_EsA-ty7pjh8_15s-315s.mp4: duration=300.1s, samples=1501, tracks=7
2026-08-16 22:36:50,155 SpawnProcess-4 INFO moldova_studio_oLXEgqT5Vw4_67s-446s.mp4: encoding clip 15/15 (23.200s to 33.200s)
2026-08-16 22:36:52,224 SpawnProcess-13 INFO muntenia_itw_-xYXejMcWgw_full.mp4: encoding clip 3/7 (40.800s to 50.800s)
2026-08-16 22:36:57,618 SpawnProcess-3 INFO muntenia_itw_EsA-ty7pjh8_15s-315s.mp4: VAD found 28 speech intervals
2026-08-16 22:37:00,878 SpawnProcess-4 INFO moldova_studio_oLXEgqT5Vw4_67s-446s.mp4: completed
2026-08-16 22:37:00,890 SpawnProcess-4 INFO Loading detection cache: ../videos_detections/muntenia_itw_FoAO4PeWURI_1628s-1796s/detections.json
2026-08-16 22:37:01,840 SpawnProcess-4 INFO muntenia_itw_FoAO4PeWURI_1628s-1796s.mp4: duration=168.0s, samples=840, tracks=119
2026-08-16 22:37:02,255 SpawnProcess-10 INFO moldova_studio_iutbxy_EIDo_134s-459s.mp4: encoding clip 3/3 (83.283s to 93.283s)
2026-08-16 22:37:02,498 SpawnProcess-8 INFO moldova_studio_0mZOc3ni-WA_148s-780s.mp4: encoding clip 7/13 (247.247s to 254.654s)
2026-08-16 22:37:02,649 SpawnProcess-13 INFO muntenia_itw_-xYXejMcWgw_full.mp4: encoding clip 4/7 (3.800s to 13.800s)
2026-08-16 22:37:03,400 SpawnProcess-11 INFO moldova_studio_dyy00N9FlEg_86s-424s.mp4: selected 9 clips
2026-08-16 22:37:03,403 SpawnProcess-11 INFO moldova_studio_dyy00N9FlEg_86s-424s.mp4: encoding clip 1/9 (28.629s to 38.629s)
2026-08-16 22:37:05,445 SpawnProcess-4 INFO muntenia_itw_FoAO4PeWURI_1628s-1796s.mp4: VAD found 15 speech intervals
2026-08-16 22:37:07,140 SpawnProcess-1 INFO moldova_studio_zvEP7pnFXKE_48s-315s.mp4: selected 14 clips
2026-08-16 22:37:07,142 SpawnProcess-1 INFO moldova_studio_zvEP7pnFXKE_48s-315s.mp4: encoding clip 1/14 (158.800s to 168.800s)
2026-08-16 22:37:12,462 SpawnProcess-13 INFO muntenia_itw_-xYXejMcWgw_full.mp4: encoding clip 5/7 (65.800s to 75.800s)
2026-08-16 22:37:20,120 SpawnProcess-1 INFO moldova_studio_zvEP7pnFXKE_48s-315s.mp4: encoding clip 2/14 (199.600s to 209.600s)
2026-08-16 22:37:21,006 SpawnProcess-8 INFO moldova_studio_0mZOc3ni-WA_148s-780s.mp4: encoding clip 8/13 (492.292s to 498.098s)
2026-08-16 22:37:23,369 SpawnProcess-13 INFO muntenia_itw_-xYXejMcWgw_full.mp4: encoding clip 6/7 (129.800s to 139.800s)
2026-08-16 22:37:25,357 SpawnProcess-10 INFO moldova_studio_iutbxy_EIDo_134s-459s.mp4: completed
2026-08-16 22:37:25,382 SpawnProcess-10 INFO Loading detection cache: ../videos_detections/muntenia_itw_FoAO4PeWURI_2055s-2300s/detections.json
2026-08-16 22:37:26,318 SpawnProcess-10 INFO muntenia_itw_FoAO4PeWURI_2055s-2300s.mp4: duration=245.0s, samples=1225, tracks=123
2026-08-16 22:37:28,140 SpawnProcess-11 INFO moldova_studio_dyy00N9FlEg_86s-424s.mp4: encoding clip 2/9 (297.697s to 307.697s)
2026-08-16 22:37:31,417 SpawnProcess-1 INFO moldova_studio_zvEP7pnFXKE_48s-315s.mp4: encoding clip 3/14 (132.600s to 142.600s)
2026-08-16 22:37:32,730 SpawnProcess-10 INFO muntenia_itw_FoAO4PeWURI_2055s-2300s.mp4: VAD found 21 speech intervals
2026-08-16 22:37:33,403 SpawnProcess-13 INFO muntenia_itw_-xYXejMcWgw_full.mp4: encoding clip 7/7 (139.800s to 149.800s)
2026-08-16 22:37:36,480 SpawnProcess-8 INFO moldova_studio_0mZOc3ni-WA_148s-780s.mp4: encoding clip 9/13 (585.385s to 593.393s)
2026-08-16 22:37:43,019 SpawnProcess-1 INFO moldova_studio_zvEP7pnFXKE_48s-315s.mp4: encoding clip 4/14 (209.600s to 219.600s)
2026-08-16 22:37:44,176 SpawnProcess-13 INFO muntenia_itw_-xYXejMcWgw_full.mp4: completed
2026-08-16 22:37:44,188 SpawnProcess-13 INFO Loading detection cache: ../videos_detections/muntenia_itw_FoAO4PeWURI_2336s-2576s/detections.json
2026-08-16 22:37:44,616 SpawnProcess-6 INFO muntenia_itw_13u2o7Oaals_full.mp4: selected 10 clips
2026-08-16 22:37:44,620 SpawnProcess-6 INFO muntenia_itw_13u2o7Oaals_full.mp4: encoding clip 1/10 (71.000s to 81.000s)
2026-08-16 22:37:45,370 SpawnProcess-13 INFO muntenia_itw_FoAO4PeWURI_2336s-2576s.mp4: duration=240.0s, samples=1200, tracks=148
2026-08-16 22:37:51,410 SpawnProcess-11 INFO moldova_studio_dyy00N9FlEg_86s-424s.mp4: encoding clip 3/9 (278.278s to 288.278s)
2026-08-16 22:37:51,903 SpawnProcess-13 INFO muntenia_itw_FoAO4PeWURI_2336s-2576s.mp4: VAD found 5 speech intervals
2026-08-16 22:37:52,300 SpawnProcess-15 INFO muntenia_itw_3LRKcnKKa3k_full.mp4: selected 6 clips
2026-08-16 22:37:52,303 SpawnProcess-15 INFO muntenia_itw_3LRKcnKKa3k_full.mp4: encoding clip 1/6 (123.600s to 131.800s)
2026-08-16 22:37:53,103 SpawnProcess-1 INFO moldova_studio_zvEP7pnFXKE_48s-315s.mp4: encoding clip 5/14 (35.800s to 45.800s)
2026-08-16 22:37:55,567 SpawnProcess-8 INFO moldova_studio_0mZOc3ni-WA_148s-780s.mp4: encoding clip 10/13 (297.697s to 307.697s)
2026-08-16 22:38:03,811 SpawnProcess-6 INFO muntenia_itw_13u2o7Oaals_full.mp4: encoding clip 2/10 (81.000s to 91.000s)
2026-08-16 22:38:05,378 SpawnProcess-1 INFO moldova_studio_zvEP7pnFXKE_48s-315s.mp4: encoding clip 6/14 (87.800s to 97.800s)
2026-08-16 22:38:07,374 SpawnProcess-15 INFO muntenia_itw_3LRKcnKKa3k_full.mp4: encoding clip 2/6 (21.800s to 28.000s)
2026-08-16 22:38:17,344 SpawnProcess-1 INFO moldova_studio_zvEP7pnFXKE_48s-315s.mp4: encoding clip 7/14 (0.000s to 8.000s)
2026-08-16 22:38:19,767 SpawnProcess-11 INFO moldova_studio_dyy00N9FlEg_86s-424s.mp4: encoding clip 4/9 (2.202s to 7.207s)
2026-08-16 22:38:21,226 SpawnProcess-15 INFO muntenia_itw_3LRKcnKKa3k_full.mp4: encoding clip 3/6 (152.800s to 158.000s)
2026-08-16 22:38:22,513 SpawnProcess-8 INFO moldova_studio_0mZOc3ni-WA_148s-780s.mp4: encoding clip 11/13 (35.235s to 45.235s)
2026-08-16 22:38:22,779 SpawnProcess-6 INFO muntenia_itw_13u2o7Oaals_full.mp4: encoding clip 3/10 (99.800s to 109.600s)
2026-08-16 22:38:26,792 SpawnProcess-1 INFO moldova_studio_zvEP7pnFXKE_48s-315s.mp4: encoding clip 8/14 (168.800s to 178.800s)
2026-08-16 22:38:33,181 SpawnProcess-15 INFO muntenia_itw_3LRKcnKKa3k_full.mp4: encoding clip 4/6 (104.000s to 114.000s)
2026-08-16 22:38:33,618 SpawnProcess-5 INFO moldova_studio_xhQNsoTBIpI_748s-1110s.mp4: selected 15 clips
2026-08-16 22:38:33,624 SpawnProcess-5 INFO moldova_studio_xhQNsoTBIpI_748s-1110s.mp4: encoding clip 1/15 (156.800s to 166.800s)
2026-08-16 22:38:35,720 SpawnProcess-11 INFO moldova_studio_dyy00N9FlEg_86s-424s.mp4: encoding clip 5/9 (307.697s to 317.697s)
2026-08-16 22:38:36,997 SpawnProcess-1 INFO moldova_studio_zvEP7pnFXKE_48s-315s.mp4: encoding clip 9/14 (102.600s to 112.600s)
2026-08-16 22:38:40,478 SpawnProcess-6 INFO muntenia_itw_13u2o7Oaals_full.mp4: encoding clip 4/10 (143.800s to 153.800s)
2026-08-16 22:38:48,601 SpawnProcess-5 INFO moldova_studio_xhQNsoTBIpI_748s-1110s.mp4: encoding clip 2/15 (114.800s to 124.800s)
2026-08-16 22:38:49,274 SpawnProcess-1 INFO moldova_studio_zvEP7pnFXKE_48s-315s.mp4: encoding clip 10/14 (17.200s to 27.200s)
2026-08-16 22:38:51,382 SpawnProcess-15 INFO muntenia_itw_3LRKcnKKa3k_full.mp4: encoding clip 5/6 (84.000s to 89.800s)
2026-08-16 22:38:58,901 SpawnProcess-6 INFO muntenia_itw_13u2o7Oaals_full.mp4: encoding clip 5/10 (153.800s to 163.800s)
2026-08-16 22:38:59,599 SpawnProcess-1 INFO moldova_studio_zvEP7pnFXKE_48s-315s.mp4: encoding clip 11/14 (260.800s to 267.200s)
2026-08-16 22:39:00,504 SpawnProcess-4 INFO muntenia_itw_FoAO4PeWURI_1628s-1796s.mp4: selected 5 clips
2026-08-16 22:39:00,510 SpawnProcess-4 INFO muntenia_itw_FoAO4PeWURI_1628s-1796s.mp4: encoding clip 1/5 (10.800s to 20.000s)
2026-08-16 22:39:01,810 SpawnProcess-8 INFO moldova_studio_0mZOc3ni-WA_148s-780s.mp4: encoding clip 12/13 (276.076s to 281.081s)
2026-08-16 22:39:02,318 SpawnProcess-15 INFO muntenia_itw_3LRKcnKKa3k_full.mp4: encoding clip 6/6 (69.800s to 79.800s)
2026-08-16 22:39:02,620 SpawnProcess-5 INFO moldova_studio_xhQNsoTBIpI_748s-1110s.mp4: encoding clip 3/15 (230.200s to 240.200s)
2026-08-16 22:39:08,638 SpawnProcess-1 INFO moldova_studio_zvEP7pnFXKE_48s-315s.mp4: encoding clip 12/14 (112.600s to 120.800s)
2026-08-16 22:39:11,315 SpawnProcess-4 INFO muntenia_itw_FoAO4PeWURI_1628s-1796s.mp4: encoding clip 2/5 (0.800s to 10.800s)
2026-08-16 22:39:11,971 SpawnProcess-11 INFO moldova_studio_dyy00N9FlEg_86s-424s.mp4: encoding clip 6/9 (319.319s to 329.319s)
2026-08-16 22:39:17,549 SpawnProcess-6 INFO muntenia_itw_13u2o7Oaals_full.mp4: encoding clip 6/10 (118.600s to 128.600s)
2026-08-16 22:39:19,297 SpawnProcess-1 INFO moldova_studio_zvEP7pnFXKE_48s-315s.mp4: encoding clip 13/14 (178.800s to 188.800s)
2026-08-16 22:39:22,007 SpawnProcess-4 INFO muntenia_itw_FoAO4PeWURI_1628s-1796s.mp4: encoding clip 3/5 (62.000s to 72.000s)
2026-08-16 22:39:22,045 SpawnProcess-15 INFO muntenia_itw_3LRKcnKKa3k_full.mp4: completed
2026-08-16 22:39:22,061 SpawnProcess-15 INFO Loading detection cache: ../videos_detections/muntenia_itw_FxYjYgPWm5o_full/detections.json
2026-08-16 22:39:22,416 SpawnProcess-5 INFO moldova_studio_xhQNsoTBIpI_748s-1110s.mp4: encoding clip 4/15 (39.800s to 49.800s)
2026-08-16 22:39:22,658 SpawnProcess-15 INFO muntenia_itw_FxYjYgPWm5o_full.mp4: duration=148.2s, samples=741, tracks=4
2026-08-16 22:39:26,192 SpawnProcess-15 INFO muntenia_itw_FxYjYgPWm5o_full.mp4: VAD found 9 speech intervals
2026-08-16 22:39:27,517 SpawnProcess-8 INFO moldova_studio_0mZOc3ni-WA_148s-780s.mp4: encoding clip 13/13 (87.688s to 97.688s)
2026-08-16 22:39:30,195 SpawnProcess-1 INFO moldova_studio_zvEP7pnFXKE_48s-315s.mp4: encoding clip 14/14 (27.200s to 34.600s)
2026-08-16 22:39:32,016 SpawnProcess-4 INFO muntenia_itw_FoAO4PeWURI_1628s-1796s.mp4: encoding clip 4/5 (52.000s to 62.000s)
2026-08-16 22:39:36,959 SpawnProcess-6 INFO muntenia_itw_13u2o7Oaals_full.mp4: encoding clip 7/10 (61.000s to 71.000s)
2026-08-16 22:39:38,216 SpawnProcess-1 INFO moldova_studio_zvEP7pnFXKE_48s-315s.mp4: completed
2026-08-16 22:39:38,226 SpawnProcess-1 INFO Loading detection cache: ../videos_detections/muntenia_itw_Im436sz7RXo_full/detections.json
2026-08-16 22:39:38,793 SpawnProcess-1 INFO muntenia_itw_Im436sz7RXo_full.mp4: duration=298.2s, samples=1491, tracks=6
2026-08-16 22:39:40,099 SpawnProcess-5 INFO moldova_studio_xhQNsoTBIpI_748s-1110s.mp4: encoding clip 5/15 (84.800s to 94.800s)
2026-08-16 22:39:44,236 SpawnProcess-4 INFO muntenia_itw_FoAO4PeWURI_1628s-1796s.mp4: encoding clip 5/5 (148.000s to 157.800s)
2026-08-16 22:39:44,685 SpawnProcess-1 INFO muntenia_itw_Im436sz7RXo_full.mp4: VAD found 19 speech intervals
2026-08-16 22:39:46,607 SpawnProcess-11 INFO moldova_studio_dyy00N9FlEg_86s-424s.mp4: encoding clip 7/9 (271.071s to 276.877s)
2026-08-16 22:39:54,400 SpawnProcess-6 INFO muntenia_itw_13u2o7Oaals_full.mp4: encoding clip 8/10 (128.600s to 138.600s)
2026-08-16 22:39:54,678 SpawnProcess-4 INFO muntenia_itw_FoAO4PeWURI_1628s-1796s.mp4: completed
2026-08-16 22:39:54,695 SpawnProcess-4 INFO Loading detection cache: ../videos_detections/muntenia_itw_NDxTNQ0dO7o_90s-828s/detections.json
2026-08-16 22:39:55,322 SpawnProcess-4 INFO muntenia_itw_NDxTNQ0dO7o_90s-828s.mp4: duration=352.1s, samples=1761, tracks=22
2026-08-16 22:39:56,509 SpawnProcess-8 INFO moldova_studio_0mZOc3ni-WA_148s-780s.mp4: completed
2026-08-16 22:39:56,578 SpawnProcess-8 INFO Loading detection cache: ../videos_detections/muntenia_itw_NcIyTGwJEQ4_full/detections.json
2026-08-16 22:39:57,518 SpawnProcess-8 INFO muntenia_itw_NcIyTGwJEQ4_full.mp4: duration=291.9s, samples=1458, tracks=1
2026-08-16 22:39:58,156 SpawnProcess-5 INFO moldova_studio_xhQNsoTBIpI_748s-1110s.mp4: encoding clip 6/15 (326.800s to 336.800s)
2026-08-16 22:39:59,794 SpawnProcess-14 INFO moldova_studio_vF3NMm3j97g_375s-1093s.mp4: selected 13 clips
2026-08-16 22:39:59,796 SpawnProcess-14 INFO moldova_studio_vF3NMm3j97g_375s-1093s.mp4: encoding clip 1/13 (110.417s to 120.417s)
2026-08-16 22:40:02,747 SpawnProcess-4 INFO muntenia_itw_NDxTNQ0dO7o_90s-828s.mp4: VAD found 19 speech intervals
2026-08-16 22:40:06,755 SpawnProcess-8 INFO muntenia_itw_NcIyTGwJEQ4_full.mp4: VAD found 29 speech intervals
2026-08-16 22:40:08,532 SpawnProcess-11 INFO moldova_studio_dyy00N9FlEg_86s-424s.mp4: encoding clip 8/9 (117.517s to 123.122s)
2026-08-16 22:40:10,028 SpawnProcess-14 INFO moldova_studio_vF3NMm3j97g_375s-1093s.mp4: encoding clip 2/13 (585.208s to 595.208s)
2026-08-16 22:40:12,725 SpawnProcess-6 INFO muntenia_itw_13u2o7Oaals_full.mp4: encoding clip 9/10 (91.000s to 98.200s)
2026-08-16 22:40:14,508 SpawnProcess-5 INFO moldova_studio_xhQNsoTBIpI_748s-1110s.mp4: encoding clip 7/15 (351.600s to 361.600s)
2026-08-16 22:40:19,151 SpawnProcess-14 INFO moldova_studio_vF3NMm3j97g_375s-1093s.mp4: encoding clip 3/13 (66.875s to 72.908s)
2026-08-16 22:40:26,987 SpawnProcess-14 INFO moldova_studio_vF3NMm3j97g_375s-1093s.mp4: encoding clip 4/13 (56.875s to 66.875s)
2026-08-16 22:40:27,133 SpawnProcess-6 INFO muntenia_itw_13u2o7Oaals_full.mp4: encoding clip 10/10 (22.600s to 30.000s)
2026-08-16 22:40:28,807 SpawnProcess-11 INFO moldova_studio_dyy00N9FlEg_86s-424s.mp4: encoding clip 9/9 (239.239s to 245.045s)
2026-08-16 22:40:32,819 SpawnProcess-5 INFO moldova_studio_xhQNsoTBIpI_748s-1110s.mp4: encoding clip 8/15 (183.000s to 193.000s)
2026-08-16 22:40:37,237 SpawnProcess-12 INFO moldova_studio_sVO13R1D3zA_127s-475s.mp4: selected 10 clips
2026-08-16 22:40:37,242 SpawnProcess-12 INFO moldova_studio_sVO13R1D3zA_127s-475s.mp4: encoding clip 1/10 (63.000s to 68.000s)
2026-08-16 22:40:37,797 SpawnProcess-14 INFO moldova_studio_vF3NMm3j97g_375s-1093s.mp4: encoding clip 5/13 (517.083s to 522.908s)
2026-08-16 22:40:43,084 SpawnProcess-6 INFO muntenia_itw_13u2o7Oaals_full.mp4: completed
2026-08-16 22:40:43,097 SpawnProcess-6 INFO Loading detection cache: ../videos_detections/muntenia_itw_RU4BZLjDjj0_full/detections.json
2026-08-16 22:40:43,958 SpawnProcess-6 INFO muntenia_itw_RU4BZLjDjj0_full.mp4: duration=252.0s, samples=1260, tracks=9
2026-08-16 22:40:45,985 SpawnProcess-14 INFO moldova_studio_vF3NMm3j97g_375s-1093s.mp4: encoding clip 6/13 (578.125s to 584.367s)
2026-08-16 22:40:46,799 SpawnProcess-11 INFO moldova_studio_dyy00N9FlEg_86s-424s.mp4: completed
2026-08-16 22:40:46,811 SpawnProcess-11 INFO Loading detection cache: ../videos_detections/muntenia_itw_S6UGFE8FnrY_full/detections.json
2026-08-16 22:40:47,402 SpawnProcess-11 INFO muntenia_itw_S6UGFE8FnrY_full.mp4: duration=413.2s, samples=2066, tracks=47
2026-08-16 22:40:48,114 SpawnProcess-5 INFO moldova_studio_xhQNsoTBIpI_748s-1110s.mp4: encoding clip 9/15 (141.800s to 149.600s)
2026-08-16 22:40:48,611 SpawnProcess-3 INFO muntenia_itw_EsA-ty7pjh8_15s-315s.mp4: selected 12 clips
2026-08-16 22:40:48,616 SpawnProcess-3 INFO muntenia_itw_EsA-ty7pjh8_15s-315s.mp4: encoding clip 1/12 (0.000s to 10.000s)
2026-08-16 22:40:48,946 SpawnProcess-6 INFO muntenia_itw_RU4BZLjDjj0_full.mp4: VAD found 15 speech intervals
2026-08-16 22:40:53,404 SpawnProcess-14 INFO moldova_studio_vF3NMm3j97g_375s-1093s.mp4: encoding clip 7/13 (370.625s to 377.283s)
2026-08-16 22:40:54,077 SpawnProcess-12 INFO moldova_studio_sVO13R1D3zA_127s-475s.mp4: encoding clip 2/10 (253.800s to 263.800s)
2026-08-16 22:40:57,129 SpawnProcess-11 INFO muntenia_itw_S6UGFE8FnrY_full.mp4: VAD found 16 speech intervals
2026-08-16 22:41:00,603 SpawnProcess-5 INFO moldova_studio_xhQNsoTBIpI_748s-1110s.mp4: encoding clip 10/15 (134.800s to 140.000s)
2026-08-16 22:41:01,417 SpawnProcess-14 INFO moldova_studio_vF3NMm3j97g_375s-1093s.mp4: encoding clip 8/13 (296.667s to 306.667s)
2026-08-16 22:41:03,395 SpawnProcess-3 INFO muntenia_itw_EsA-ty7pjh8_15s-315s.mp4: encoding clip 2/12 (257.400s to 263.000s)
2026-08-16 22:41:11,980 SpawnProcess-14 INFO moldova_studio_vF3NMm3j97g_375s-1093s.mp4: encoding clip 9/13 (602.917s to 611.450s)
2026-08-16 22:41:12,245 SpawnProcess-5 INFO moldova_studio_xhQNsoTBIpI_748s-1110s.mp4: encoding clip 11/15 (104.800s to 114.800s)
2026-08-16 22:41:14,188 SpawnProcess-3 INFO muntenia_itw_EsA-ty7pjh8_15s-315s.mp4: encoding clip 3/12 (58.200s to 68.200s)
2026-08-16 22:41:18,519 SpawnProcess-12 INFO moldova_studio_sVO13R1D3zA_127s-475s.mp4: encoding clip 3/10 (1.600s to 7.200s)
2026-08-16 22:41:22,437 SpawnProcess-14 INFO moldova_studio_vF3NMm3j97g_375s-1093s.mp4: encoding clip 10/13 (93.542s to 103.542s)
2026-08-16 22:41:22,530 SpawnProcess-10 INFO muntenia_itw_FoAO4PeWURI_2055s-2300s.mp4: selected 10 clips
2026-08-16 22:41:22,537 SpawnProcess-10 INFO muntenia_itw_FoAO4PeWURI_2055s-2300s.mp4: encoding clip 1/10 (155.800s to 161.200s)
2026-08-16 22:41:24,401 SpawnProcess-13 INFO muntenia_itw_FoAO4PeWURI_2336s-2576s.mp4: selected 6 clips
2026-08-16 22:41:24,403 SpawnProcess-13 INFO muntenia_itw_FoAO4PeWURI_2336s-2576s.mp4: encoding clip 1/6 (0.800s to 10.600s)
2026-08-16 22:41:26,221 SpawnProcess-5 INFO moldova_studio_xhQNsoTBIpI_748s-1110s.mp4: encoding clip 12/15 (193.000s to 198.000s)
2026-08-16 22:41:32,509 SpawnProcess-14 INFO moldova_studio_vF3NMm3j97g_375s-1093s.mp4: encoding clip 11/13 (710.625s to 716.658s)
2026-08-16 22:41:32,584 SpawnProcess-10 INFO muntenia_itw_FoAO4PeWURI_2055s-2300s.mp4: encoding clip 2/10 (3.000s to 13.000s)
2026-08-16 22:41:34,410 SpawnProcess-2 INFO muntenia_itw_E79saLCJRng_full.mp4: selected 6 clips
2026-08-16 22:41:34,415 SpawnProcess-2 INFO muntenia_itw_E79saLCJRng_full.mp4: encoding clip 1/6 (184.800s to 190.000s)
2026-08-16 22:41:34,465 SpawnProcess-3 INFO muntenia_itw_EsA-ty7pjh8_15s-315s.mp4: encoding clip 4/12 (238.600s to 248.600s)
2026-08-16 22:41:36,700 SpawnProcess-5 INFO moldova_studio_xhQNsoTBIpI_748s-1110s.mp4: encoding clip 13/15 (258.800s to 265.000s)
2026-08-16 22:41:37,248 SpawnProcess-13 INFO muntenia_itw_FoAO4PeWURI_2336s-2576s.mp4: encoding clip 2/6 (82.800s to 92.800s)
2026-08-16 22:41:38,276 SpawnProcess-15 INFO muntenia_itw_FxYjYgPWm5o_full.mp4: selected 3 clips
2026-08-16 22:41:38,286 SpawnProcess-15 INFO muntenia_itw_FxYjYgPWm5o_full.mp4: encoding clip 1/3 (53.800s to 63.800s)
2026-08-16 22:41:38,824 SpawnProcess-12 INFO moldova_studio_sVO13R1D3zA_127s-475s.mp4: encoding clip 4/10 (14.800s to 24.400s)
2026-08-16 22:41:39,932 SpawnProcess-14 INFO moldova_studio_vF3NMm3j97g_375s-1093s.mp4: encoding clip 12/13 (246.042s to 251.450s)
2026-08-16 22:41:44,464 SpawnProcess-10 INFO muntenia_itw_FoAO4PeWURI_2055s-2300s.mp4: encoding clip 3/10 (165.200s to 175.200s)
2026-08-16 22:41:47,239 SpawnProcess-14 INFO moldova_studio_vF3NMm3j97g_375s-1093s.mp4: encoding clip 13/13 (442.708s to 452.075s)
2026-08-16 22:41:48,523 SpawnProcess-2 INFO muntenia_itw_E79saLCJRng_full.mp4: encoding clip 2/6 (174.800s to 184.800s)
2026-08-16 22:41:48,588 SpawnProcess-5 INFO moldova_studio_xhQNsoTBIpI_748s-1110s.mp4: encoding clip 14/15 (314.200s to 322.000s)
2026-08-16 22:41:58,097 SpawnProcess-15 INFO muntenia_itw_FxYjYgPWm5o_full.mp4: encoding clip 2/3 (67.400s to 74.600s)
2026-08-16 22:41:58,359 SpawnProcess-14 INFO moldova_studio_vF3NMm3j97g_375s-1093s.mp4: completed
2026-08-16 22:41:58,387 SpawnProcess-14 INFO Loading detection cache: ../videos_detections/muntenia_itw_S8v12PiPsqM_full/detections.json
2026-08-16 22:41:58,932 SpawnProcess-14 INFO muntenia_itw_S8v12PiPsqM_full.mp4: duration=128.9s, samples=645, tracks=11
2026-08-16 22:41:59,809 SpawnProcess-3 INFO muntenia_itw_EsA-ty7pjh8_15s-315s.mp4: encoding clip 5/12 (100.800s to 108.800s)
2026-08-16 22:42:01,955 SpawnProcess-13 INFO muntenia_itw_FoAO4PeWURI_2336s-2576s.mp4: encoding clip 3/6 (120.800s to 130.800s)
2026-08-16 22:42:01,992 SpawnProcess-14 INFO muntenia_itw_S8v12PiPsqM_full.mp4: VAD found 19 speech intervals
2026-08-16 22:42:02,448 SpawnProcess-5 INFO moldova_studio_xhQNsoTBIpI_748s-1110s.mp4: encoding clip 15/15 (173.000s to 183.000s)
2026-08-16 22:42:03,349 SpawnProcess-10 INFO muntenia_itw_FoAO4PeWURI_2055s-2300s.mp4: encoding clip 4/10 (13.000s to 23.000s)
2026-08-16 22:42:03,841 SpawnProcess-12 INFO moldova_studio_sVO13R1D3zA_127s-475s.mp4: encoding clip 5/10 (69.200s to 76.000s)
2026-08-16 22:42:13,435 SpawnProcess-15 INFO muntenia_itw_FxYjYgPWm5o_full.mp4: encoding clip 3/3 (26.200s to 31.600s)
2026-08-16 22:42:14,150 SpawnProcess-3 INFO muntenia_itw_EsA-ty7pjh8_15s-315s.mp4: encoding clip 6/12 (279.800s to 289.800s)
2026-08-16 22:42:14,730 SpawnProcess-2 INFO muntenia_itw_E79saLCJRng_full.mp4: encoding clip 3/6 (139.600s to 149.600s)
2026-08-16 22:42:18,900 SpawnProcess-10 INFO muntenia_itw_FoAO4PeWURI_2055s-2300s.mp4: encoding clip 5/10 (23.000s to 33.000s)
2026-08-16 22:42:21,197 SpawnProcess-12 INFO moldova_studio_sVO13R1D3zA_127s-475s.mp4: encoding clip 6/10 (95.800s to 102.000s)
2026-08-16 22:42:21,590 SpawnProcess-13 INFO muntenia_itw_FoAO4PeWURI_2336s-2576s.mp4: encoding clip 4/6 (92.800s to 102.800s)
2026-08-16 22:42:23,812 SpawnProcess-5 INFO moldova_studio_xhQNsoTBIpI_748s-1110s.mp4: completed
2026-08-16 22:42:23,851 SpawnProcess-5 INFO Loading detection cache: ../videos_detections/muntenia_itw_SfsfTEPKbEk_full/detections.json
2026-08-16 22:42:24,370 SpawnProcess-5 INFO muntenia_itw_SfsfTEPKbEk_full.mp4: duration=207.8s, samples=1039, tracks=53
2026-08-16 22:42:25,554 SpawnProcess-15 INFO muntenia_itw_FxYjYgPWm5o_full.mp4: completed
2026-08-16 22:42:25,565 SpawnProcess-15 INFO Loading detection cache: ../videos_detections/muntenia_itw_SqO13W1cpow_full/detections.json
2026-08-16 22:42:26,330 SpawnProcess-15 INFO muntenia_itw_SqO13W1cpow_full.mp4: duration=357.8s, samples=1789, tracks=192
2026-08-16 22:42:29,509 SpawnProcess-3 INFO muntenia_itw_EsA-ty7pjh8_15s-315s.mp4: encoding clip 7/12 (68.200s to 73.200s)
2026-08-16 22:42:30,554 SpawnProcess-5 INFO muntenia_itw_SfsfTEPKbEk_full.mp4: VAD found 18 speech intervals
2026-08-16 22:42:33,340 SpawnProcess-7 INFO muntenia_itw_BtxuhDROe2I_full.mp4: selected 4 clips
2026-08-16 22:42:33,353 SpawnProcess-7 INFO muntenia_itw_BtxuhDROe2I_full.mp4: encoding clip 1/4 (90.400s to 100.400s)
2026-08-16 22:42:34,107 SpawnProcess-10 INFO muntenia_itw_FoAO4PeWURI_2055s-2300s.mp4: encoding clip 6/10 (133.800s to 140.800s)
2026-08-16 22:42:35,223 SpawnProcess-13 INFO muntenia_itw_FoAO4PeWURI_2336s-2576s.mp4: encoding clip 5/6 (18.800s to 28.800s)
2026-08-16 22:42:35,568 SpawnProcess-15 INFO muntenia_itw_SqO13W1cpow_full.mp4: VAD found 62 speech intervals
2026-08-16 22:42:37,871 SpawnProcess-12 INFO moldova_studio_sVO13R1D3zA_127s-475s.mp4: encoding clip 7/10 (163.800s to 172.000s)
2026-08-16 22:42:38,097 SpawnProcess-3 INFO muntenia_itw_EsA-ty7pjh8_15s-315s.mp4: encoding clip 8/12 (82.400s to 89.000s)
2026-08-16 22:42:38,729 SpawnProcess-9 INFO muntenia_itw_8593OI6yYao_71s-287s.mp4: selected 10 clips
2026-08-16 22:42:38,736 SpawnProcess-9 INFO muntenia_itw_8593OI6yYao_71s-287s.mp4: encoding clip 1/10 (195.800s to 202.000s)
2026-08-16 22:42:40,229 SpawnProcess-2 INFO muntenia_itw_E79saLCJRng_full.mp4: encoding clip 4/6 (154.800s to 164.800s)
2026-08-16 22:42:44,780 SpawnProcess-10 INFO muntenia_itw_FoAO4PeWURI_2055s-2300s.mp4: encoding clip 7/10 (229.800s to 239.800s)
2026-08-16 22:42:49,270 SpawnProcess-13 INFO muntenia_itw_FoAO4PeWURI_2336s-2576s.mp4: encoding clip 6/6 (110.800s to 120.800s)
2026-08-16 22:42:52,572 SpawnProcess-4 INFO muntenia_itw_NDxTNQ0dO7o_90s-828s.mp4: selected 7 clips
2026-08-16 22:42:52,578 SpawnProcess-4 INFO muntenia_itw_NDxTNQ0dO7o_90s-828s.mp4: encoding clip 1/7 (256.000s to 266.000s)
2026-08-16 22:42:52,831 SpawnProcess-3 INFO muntenia_itw_EsA-ty7pjh8_15s-315s.mp4: encoding clip 9/12 (48.200s to 58.200s)
2026-08-16 22:42:59,867 SpawnProcess-10 INFO muntenia_itw_FoAO4PeWURI_2055s-2300s.mp4: encoding clip 8/10 (141.800s to 151.800s)
2026-08-16 22:43:00,421 SpawnProcess-9 INFO muntenia_itw_8593OI6yYao_71s-287s.mp4: encoding clip 2/10 (40.000s to 50.000s)
2026-08-16 22:43:04,510 SpawnProcess-12 INFO moldova_studio_sVO13R1D3zA_127s-475s.mp4: encoding clip 8/10 (339.800s to 348.000s)
2026-08-16 22:43:04,956 SpawnProcess-7 INFO muntenia_itw_BtxuhDROe2I_full.mp4: encoding clip 2/4 (221.400s to 231.400s)
2026-08-16 22:43:06,397 SpawnProcess-4 INFO muntenia_itw_NDxTNQ0dO7o_90s-828s.mp4: encoding clip 2/7 (86.800s to 96.800s)
2026-08-16 22:43:08,022 SpawnProcess-2 INFO muntenia_itw_E79saLCJRng_full.mp4: encoding clip 5/6 (164.800s to 174.800s)
2026-08-16 22:43:08,951 SpawnProcess-3 INFO muntenia_itw_EsA-ty7pjh8_15s-315s.mp4: encoding clip 10/12 (10.000s to 20.000s)
2026-08-16 22:43:10,572 SpawnProcess-13 INFO muntenia_itw_FoAO4PeWURI_2336s-2576s.mp4: completed
2026-08-16 22:43:10,588 SpawnProcess-13 INFO Loading detection cache: ../videos_detections/muntenia_itw_U4oREYjysJo_full/detections.json
2026-08-16 22:43:11,270 SpawnProcess-13 INFO muntenia_itw_U4oREYjysJo_full.mp4: duration=215.9s, samples=1080, tracks=33
2026-08-16 22:43:14,212 SpawnProcess-10 INFO muntenia_itw_FoAO4PeWURI_2055s-2300s.mp4: encoding clip 9/10 (219.800s to 229.800s)
2026-08-16 22:43:17,195 SpawnProcess-4 INFO muntenia_itw_NDxTNQ0dO7o_90s-828s.mp4: encoding clip 3/7 (125.800s to 135.800s)
2026-08-16 22:43:18,118 SpawnProcess-13 INFO muntenia_itw_U4oREYjysJo_full.mp4: VAD found 13 speech intervals
2026-08-16 22:43:25,104 SpawnProcess-3 INFO muntenia_itw_EsA-ty7pjh8_15s-315s.mp4: encoding clip 11/12 (74.400s to 80.800s)
2026-08-16 22:43:27,594 SpawnProcess-9 INFO muntenia_itw_8593OI6yYao_71s-287s.mp4: encoding clip 3/10 (60.000s to 70.000s)
2026-08-16 22:43:27,975 SpawnProcess-4 INFO muntenia_itw_NDxTNQ0dO7o_90s-828s.mp4: encoding clip 4/7 (96.800s to 103.000s)
2026-08-16 22:43:30,317 SpawnProcess-10 INFO muntenia_itw_FoAO4PeWURI_2055s-2300s.mp4: encoding clip 10/10 (34.800s to 42.000s)
2026-08-16 22:43:30,938 SpawnProcess-12 INFO moldova_studio_sVO13R1D3zA_127s-475s.mp4: encoding clip 9/10 (223.800s to 232.000s)
2026-08-16 22:43:32,468 SpawnProcess-7 INFO muntenia_itw_BtxuhDROe2I_full.mp4: encoding clip 3/4 (209.800s to 218.000s)
2026-08-16 22:43:37,288 SpawnProcess-3 INFO muntenia_itw_EsA-ty7pjh8_15s-315s.mp4: encoding clip 12/12 (294.600s to 300.000s)
2026-08-16 22:43:37,352 SpawnProcess-4 INFO muntenia_itw_NDxTNQ0dO7o_90s-828s.mp4: encoding clip 5/7 (119.200s to 124.600s)
2026-08-16 22:43:39,304 SpawnProcess-2 INFO muntenia_itw_E79saLCJRng_full.mp4: encoding clip 6/6 (129.600s to 139.600s)
2026-08-16 22:43:41,729 SpawnProcess-10 INFO muntenia_itw_FoAO4PeWURI_2055s-2300s.mp4: completed
2026-08-16 22:43:41,761 SpawnProcess-10 INFO Loading detection cache: ../videos_detections/muntenia_itw_XJtz_42-CM0_full/detections.json
2026-08-16 22:43:42,580 SpawnProcess-10 INFO muntenia_itw_XJtz_42-CM0_full.mp4: duration=271.7s, samples=1359, tracks=13
2026-08-16 22:43:45,619 SpawnProcess-4 INFO muntenia_itw_NDxTNQ0dO7o_90s-828s.mp4: encoding clip 6/7 (109.200s to 119.200s)
2026-08-16 22:43:49,200 SpawnProcess-3 INFO muntenia_itw_EsA-ty7pjh8_15s-315s.mp4: completed
2026-08-16 22:43:49,220 SpawnProcess-3 INFO Loading detection cache: ../videos_detections/muntenia_itw_Z9Gwe-WLWS4_full/detections.json
2026-08-16 22:43:49,813 SpawnProcess-3 INFO muntenia_itw_Z9Gwe-WLWS4_full.mp4: duration=286.9s, samples=1435, tracks=3
2026-08-16 22:43:50,736 SpawnProcess-10 INFO muntenia_itw_XJtz_42-CM0_full.mp4: VAD found 31 speech intervals
2026-08-16 22:43:50,900 SpawnProcess-7 INFO muntenia_itw_BtxuhDROe2I_full.mp4: encoding clip 4/4 (163.400s to 171.000s)
2026-08-16 22:43:52,219 SpawnProcess-9 INFO muntenia_itw_8593OI6yYao_71s-287s.mp4: encoding clip 4/10 (131.800s to 141.800s)
2026-08-16 22:43:54,037 SpawnProcess-12 INFO moldova_studio_sVO13R1D3zA_127s-475s.mp4: encoding clip 10/10 (38.200s to 46.600s)
2026-08-16 22:43:55,813 SpawnProcess-4 INFO muntenia_itw_NDxTNQ0dO7o_90s-828s.mp4: encoding clip 7/7 (76.800s to 86.800s)
2026-08-16 22:43:58,121 SpawnProcess-3 INFO muntenia_itw_Z9Gwe-WLWS4_full.mp4: VAD found 16 speech intervals
2026-08-16 22:44:03,408 SpawnProcess-2 INFO muntenia_itw_E79saLCJRng_full.mp4: completed
2026-08-16 22:44:03,416 SpawnProcess-2 INFO Loading detection cache: ../videos_detections/muntenia_itw__MmOZcPRYkE_0s-187s/detections.json
2026-08-16 22:44:04,320 SpawnProcess-2 INFO muntenia_itw__MmOZcPRYkE_0s-187s.mp4: duration=187.0s, samples=937, tracks=7
2026-08-16 22:44:06,557 SpawnProcess-4 INFO muntenia_itw_NDxTNQ0dO7o_90s-828s.mp4: completed
2026-08-16 22:44:06,568 SpawnProcess-4 INFO Loading detection cache: ../videos_detections/muntenia_itw_bblTlEwGQ2Q_68s-240s/detections.json
2026-08-16 22:44:07,080 SpawnProcess-4 INFO muntenia_itw_bblTlEwGQ2Q_68s-240s.mp4: duration=172.1s, samples=861, tracks=66
2026-08-16 22:44:09,859 SpawnProcess-4 INFO muntenia_itw_bblTlEwGQ2Q_68s-240s.mp4: VAD found 24 speech intervals
2026-08-16 22:44:10,140 SpawnProcess-2 INFO muntenia_itw__MmOZcPRYkE_0s-187s.mp4: VAD found 25 speech intervals
2026-08-16 22:44:11,291 SpawnProcess-7 INFO muntenia_itw_BtxuhDROe2I_full.mp4: completed
2026-08-16 22:44:11,310 SpawnProcess-7 INFO Loading detection cache: ../videos_detections/muntenia_itw_bh0_4ZYfHxc_full/detections.json
2026-08-16 22:44:11,917 SpawnProcess-7 INFO muntenia_itw_bh0_4ZYfHxc_full.mp4: duration=235.1s, samples=1176, tracks=20
2026-08-16 22:44:13,429 SpawnProcess-12 INFO moldova_studio_sVO13R1D3zA_127s-475s.mp4: completed
2026-08-16 22:44:13,449 SpawnProcess-12 INFO Loading detection cache: ../videos_detections/muntenia_itw_eE1IOagGHcA_full/detections.json
2026-08-16 22:44:14,014 SpawnProcess-12 INFO muntenia_itw_eE1IOagGHcA_full.mp4: duration=360.0s, samples=1800, tracks=194
2026-08-16 22:44:15,737 SpawnProcess-9 INFO muntenia_itw_8593OI6yYao_71s-287s.mp4: encoding clip 5/10 (141.800s to 151.800s)
2026-08-16 22:44:16,394 SpawnProcess-1 INFO muntenia_itw_Im436sz7RXo_full.mp4: selected 15 clips
2026-08-16 22:44:16,395 SpawnProcess-1 INFO muntenia_itw_Im436sz7RXo_full.mp4: encoding clip 1/15 (153.800s to 163.800s)
2026-08-16 22:44:17,303 SpawnProcess-14 INFO muntenia_itw_S8v12PiPsqM_full.mp4: selected 5 clips
2026-08-16 22:44:17,304 SpawnProcess-14 INFO muntenia_itw_S8v12PiPsqM_full.mp4: encoding clip 1/5 (75.000s to 85.000s)
2026-08-16 22:44:18,070 SpawnProcess-7 INFO muntenia_itw_bh0_4ZYfHxc_full.mp4: VAD found 77 speech intervals
2026-08-16 22:44:24,806 SpawnProcess-12 INFO muntenia_itw_eE1IOagGHcA_full.mp4: VAD found 9 speech intervals
2026-08-16 22:44:26,065 SpawnProcess-8 INFO muntenia_itw_NcIyTGwJEQ4_full.mp4: selected 15 clips
2026-08-16 22:44:26,070 SpawnProcess-8 INFO muntenia_itw_NcIyTGwJEQ4_full.mp4: encoding clip 1/15 (123.293s to 133.293s)
2026-08-16 22:44:33,909 SpawnProcess-1 INFO muntenia_itw_Im436sz7RXo_full.mp4: encoding clip 2/15 (193.800s to 200.000s)
2026-08-16 22:44:34,664 SpawnProcess-14 INFO muntenia_itw_S8v12PiPsqM_full.mp4: encoding clip 2/5 (87.600s to 97.600s)
2026-08-16 22:44:35,647 SpawnProcess-9 INFO muntenia_itw_8593OI6yYao_71s-287s.mp4: encoding clip 6/10 (169.800s to 179.800s)
2026-08-16 22:44:40,082 SpawnProcess-8 INFO muntenia_itw_NcIyTGwJEQ4_full.mp4: encoding clip 2/15 (32.232s to 42.232s)
2026-08-16 22:44:46,047 SpawnProcess-1 INFO muntenia_itw_Im436sz7RXo_full.mp4: encoding clip 3/15 (133.800s to 143.800s)
2026-08-16 22:44:50,506 SpawnProcess-14 INFO muntenia_itw_S8v12PiPsqM_full.mp4: encoding clip 3/5 (42.400s to 52.400s)
2026-08-16 22:44:55,645 SpawnProcess-8 INFO muntenia_itw_NcIyTGwJEQ4_full.mp4: encoding clip 3/15 (103.293s to 113.293s)
2026-08-16 22:44:55,817 SpawnProcess-9 INFO muntenia_itw_8593OI6yYao_71s-287s.mp4: encoding clip 7/10 (90.000s to 100.000s)
2026-08-16 22:45:04,475 SpawnProcess-1 INFO muntenia_itw_Im436sz7RXo_full.mp4: encoding clip 4/15 (202.800s to 212.000s)
2026-08-16 22:45:08,821 SpawnProcess-14 INFO muntenia_itw_S8v12PiPsqM_full.mp4: encoding clip 4/5 (64.400s to 74.000s)
2026-08-16 22:45:12,652 SpawnProcess-8 INFO muntenia_itw_NcIyTGwJEQ4_full.mp4: encoding clip 4/15 (15.415s to 25.415s)
2026-08-16 22:45:18,703 SpawnProcess-6 INFO muntenia_itw_RU4BZLjDjj0_full.mp4: selected 15 clips
2026-08-16 22:45:18,712 SpawnProcess-6 INFO muntenia_itw_RU4BZLjDjj0_full.mp4: encoding clip 1/15 (189.800s to 199.800s)
2026-08-16 22:45:20,625 SpawnProcess-9 INFO muntenia_itw_8593OI6yYao_71s-287s.mp4: encoding clip 8/10 (161.800s to 168.800s)
2026-08-16 22:45:21,572 SpawnProcess-2 INFO muntenia_itw__MmOZcPRYkE_0s-187s.mp4: selected 15 clips
2026-08-16 22:45:21,591 SpawnProcess-2 INFO muntenia_itw__MmOZcPRYkE_0s-187s.mp4: encoding clip 1/15 (97.800s to 107.800s)
2026-08-16 22:45:22,041 SpawnProcess-1 INFO muntenia_itw_Im436sz7RXo_full.mp4: encoding clip 5/15 (123.800s to 133.800s)
2026-08-16 22:45:25,541 SpawnProcess-14 INFO muntenia_itw_S8v12PiPsqM_full.mp4: encoding clip 5/5 (57.200s to 63.400s)
2026-08-16 22:45:26,605 SpawnProcess-2 INFO muntenia_itw__MmOZcPRYkE_0s-187s.mp4: encoding clip 2/15 (67.800s to 77.800s)
2026-08-16 22:45:29,706 SpawnProcess-8 INFO muntenia_itw_NcIyTGwJEQ4_full.mp4: encoding clip 5/15 (42.232s to 52.232s)
2026-08-16 22:45:32,400 SpawnProcess-2 INFO muntenia_itw__MmOZcPRYkE_0s-187s.mp4: encoding clip 3/15 (20.000s to 30.000s)
2026-08-16 22:45:38,131 SpawnProcess-2 INFO muntenia_itw__MmOZcPRYkE_0s-187s.mp4: encoding clip 4/15 (132.800s to 142.800s)
2026-08-16 22:45:38,359 SpawnProcess-6 INFO muntenia_itw_RU4BZLjDjj0_full.mp4: encoding clip 2/15 (219.800s to 229.800s)
2026-08-16 22:45:38,860 SpawnProcess-14 INFO muntenia_itw_S8v12PiPsqM_full.mp4: completed
2026-08-16 22:45:38,877 SpawnProcess-14 INFO Loading detection cache: ../videos_detections/muntenia_itw_gGw0AcMAHro_full/detections.json
2026-08-16 22:45:39,446 SpawnProcess-14 INFO muntenia_itw_gGw0AcMAHro_full.mp4: duration=164.2s, samples=822, tracks=176
2026-08-16 22:45:39,621 SpawnProcess-9 INFO muntenia_itw_8593OI6yYao_71s-287s.mp4: encoding clip 9/10 (203.200s to 213.200s)
2026-08-16 22:45:41,946 SpawnProcess-1 INFO muntenia_itw_Im436sz7RXo_full.mp4: encoding clip 6/15 (273.800s to 283.800s)
2026-08-16 22:45:42,346 SpawnProcess-14 INFO muntenia_itw_gGw0AcMAHro_full.mp4: VAD found 4 speech intervals
2026-08-16 22:45:42,710 SpawnProcess-2 INFO muntenia_itw__MmOZcPRYkE_0s-187s.mp4: encoding clip 5/15 (77.800s to 87.800s)
2026-08-16 22:45:43,032 SpawnProcess-4 INFO muntenia_itw_bblTlEwGQ2Q_68s-240s.mp4: selected 11 clips
2026-08-16 22:45:43,035 SpawnProcess-4 INFO muntenia_itw_bblTlEwGQ2Q_68s-240s.mp4: encoding clip 1/11 (20.000s to 25.600s)
2026-08-16 22:45:47,384 SpawnProcess-8 INFO muntenia_itw_NcIyTGwJEQ4_full.mp4: encoding clip 6/15 (178.779s to 188.779s)
2026-08-16 22:45:47,703 SpawnProcess-2 INFO muntenia_itw__MmOZcPRYkE_0s-187s.mp4: encoding clip 6/15 (54.000s to 64.000s)
2026-08-16 22:45:51,032 SpawnProcess-4 INFO muntenia_itw_bblTlEwGQ2Q_68s-240s.mp4: encoding clip 2/11 (0.000s to 10.000s)
2026-08-16 22:45:53,779 SpawnProcess-2 INFO muntenia_itw__MmOZcPRYkE_0s-187s.mp4: encoding clip 7/15 (87.800s to 96.000s)
2026-08-16 22:45:55,237 SpawnProcess-6 INFO muntenia_itw_RU4BZLjDjj0_full.mp4: encoding clip 3/15 (73.600s to 83.600s)
2026-08-16 22:45:58,628 SpawnProcess-2 INFO muntenia_itw__MmOZcPRYkE_0s-187s.mp4: encoding clip 8/15 (107.800s to 117.800s)
2026-08-16 22:46:00,287 SpawnProcess-1 INFO muntenia_itw_Im436sz7RXo_full.mp4: encoding clip 7/15 (67.800s to 77.800s)
2026-08-16 22:46:01,730 SpawnProcess-4 INFO muntenia_itw_bblTlEwGQ2Q_68s-240s.mp4: encoding clip 3/11 (109.200s to 119.200s)
2026-08-16 22:46:03,032 SpawnProcess-2 INFO muntenia_itw__MmOZcPRYkE_0s-187s.mp4: encoding clip 9/15 (10.000s to 20.000s)
2026-08-16 22:46:04,290 SpawnProcess-9 INFO muntenia_itw_8593OI6yYao_71s-287s.mp4: encoding clip 10/10 (10.000s to 20.000s)
2026-08-16 22:46:09,305 SpawnProcess-2 INFO muntenia_itw__MmOZcPRYkE_0s-187s.mp4: encoding clip 10/15 (181.800s to 187.200s)
2026-08-16 22:46:09,410 SpawnProcess-8 INFO muntenia_itw_NcIyTGwJEQ4_full.mp4: encoding clip 7/15 (238.779s to 248.649s)
2026-08-16 22:46:12,720 SpawnProcess-2 INFO muntenia_itw__MmOZcPRYkE_0s-187s.mp4: encoding clip 11/15 (0.000s to 10.000s)
2026-08-16 22:46:13,212 SpawnProcess-6 INFO muntenia_itw_RU4BZLjDjj0_full.mp4: encoding clip 4/15 (209.800s to 219.800s)
2026-08-16 22:46:13,313 SpawnProcess-4 INFO muntenia_itw_bblTlEwGQ2Q_68s-240s.mp4: encoding clip 4/11 (42.600s to 52.600s)
2026-08-16 22:46:16,744 SpawnProcess-2 INFO muntenia_itw__MmOZcPRYkE_0s-187s.mp4: encoding clip 12/15 (34.000s to 44.000s)
2026-08-16 22:46:21,211 SpawnProcess-2 INFO muntenia_itw__MmOZcPRYkE_0s-187s.mp4: encoding clip 13/15 (166.600s to 176.600s)
2026-08-16 22:46:22,369 SpawnProcess-1 INFO muntenia_itw_Im436sz7RXo_full.mp4: encoding clip 8/15 (143.800s to 153.800s)
2026-08-16 22:46:25,589 SpawnProcess-4 INFO muntenia_itw_bblTlEwGQ2Q_68s-240s.mp4: encoding clip 5/11 (119.200s to 128.000s)
2026-08-16 22:46:26,158 SpawnProcess-8 INFO muntenia_itw_NcIyTGwJEQ4_full.mp4: encoding clip 8/15 (188.779s to 198.779s)
2026-08-16 22:46:29,207 SpawnProcess-2 INFO muntenia_itw__MmOZcPRYkE_0s-187s.mp4: encoding clip 14/15 (44.000s to 54.000s)
2026-08-16 22:46:31,344 SpawnProcess-6 INFO muntenia_itw_RU4BZLjDjj0_full.mp4: encoding clip 5/15 (149.800s to 159.800s)
2026-08-16 22:46:35,099 SpawnProcess-2 INFO muntenia_itw__MmOZcPRYkE_0s-187s.mp4: encoding clip 15/15 (142.800s to 151.600s)
2026-08-16 22:46:35,866 SpawnProcess-9 INFO muntenia_itw_8593OI6yYao_71s-287s.mp4: completed
2026-08-16 22:46:35,888 SpawnProcess-9 INFO Loading detection cache: ../videos_detections/muntenia_itw_iJ4q9_k0wOQ_full/detections.json
2026-08-16 22:46:35,900 SpawnProcess-4 INFO muntenia_itw_bblTlEwGQ2Q_68s-240s.mp4: encoding clip 6/11 (10.000s to 20.000s)
2026-08-16 22:46:36,609 SpawnProcess-9 INFO muntenia_itw_iJ4q9_k0wOQ_full.mp4: duration=225.4s, samples=1128, tracks=3
2026-08-16 22:46:40,174 SpawnProcess-1 INFO muntenia_itw_Im436sz7RXo_full.mp4: encoding clip 9/15 (163.800s to 172.800s)
2026-08-16 22:46:40,801 SpawnProcess-2 INFO muntenia_itw__MmOZcPRYkE_0s-187s.mp4: completed
2026-08-16 22:46:40,808 SpawnProcess-2 INFO Loading detection cache: ../videos_detections/muntenia_itw_jby05QL8QuA_full/detections.json
2026-08-16 22:46:41,495 SpawnProcess-2 INFO muntenia_itw_jby05QL8QuA_full.mp4: duration=152.2s, samples=761, tracks=3
2026-08-16 22:46:43,544 SpawnProcess-9 INFO muntenia_itw_iJ4q9_k0wOQ_full.mp4: VAD found 6 speech intervals
2026-08-16 22:46:43,759 SpawnProcess-11 INFO muntenia_itw_S6UGFE8FnrY_full.mp4: selected 15 clips
2026-08-16 22:46:43,763 SpawnProcess-11 INFO muntenia_itw_S6UGFE8FnrY_full.mp4: encoding clip 1/15 (364.200s to 374.200s)
2026-08-16 22:46:46,891 SpawnProcess-4 INFO muntenia_itw_bblTlEwGQ2Q_68s-240s.mp4: encoding clip 7/11 (89.200s to 99.200s)
2026-08-16 22:46:46,926 SpawnProcess-2 INFO muntenia_itw_jby05QL8QuA_full.mp4: VAD found 4 speech intervals
2026-08-16 22:46:46,973 SpawnProcess-8 INFO muntenia_itw_NcIyTGwJEQ4_full.mp4: encoding clip 9/15 (73.463s to 83.463s)
2026-08-16 22:46:51,585 SpawnProcess-6 INFO muntenia_itw_RU4BZLjDjj0_full.mp4: encoding clip 6/15 (179.800s to 189.800s)
2026-08-16 22:46:59,419 SpawnProcess-11 INFO muntenia_itw_S6UGFE8FnrY_full.mp4: encoding clip 2/15 (0.000s to 10.000s)
2026-08-16 22:47:00,076 SpawnProcess-4 INFO muntenia_itw_bblTlEwGQ2Q_68s-240s.mp4: encoding clip 8/11 (99.200s to 109.200s)
2026-08-16 22:47:00,411 SpawnProcess-1 INFO muntenia_itw_Im436sz7RXo_full.mp4: encoding clip 10/15 (173.800s to 183.800s)
2026-08-16 22:47:03,549 SpawnProcess-8 INFO muntenia_itw_NcIyTGwJEQ4_full.mp4: encoding clip 10/15 (272.472s to 282.472s)
2026-08-16 22:47:09,212 SpawnProcess-5 INFO muntenia_itw_SfsfTEPKbEk_full.mp4: selected 7 clips
2026-08-16 22:47:09,224 SpawnProcess-5 INFO muntenia_itw_SfsfTEPKbEk_full.mp4: encoding clip 1/7 (167.400s to 177.400s)
2026-08-16 22:47:12,646 SpawnProcess-4 INFO muntenia_itw_bblTlEwGQ2Q_68s-240s.mp4: encoding clip 9/11 (69.200s to 79.200s)
2026-08-16 22:47:12,950 SpawnProcess-6 INFO muntenia_itw_RU4BZLjDjj0_full.mp4: encoding clip 7/15 (199.800s to 209.800s)
2026-08-16 22:47:17,161 SpawnProcess-11 INFO muntenia_itw_S6UGFE8FnrY_full.mp4: encoding clip 3/15 (10.000s to 20.000s)
2026-08-16 22:47:22,210 SpawnProcess-1 INFO muntenia_itw_Im436sz7RXo_full.mp4: encoding clip 11/15 (91.800s to 98.400s)
2026-08-16 22:47:22,504 SpawnProcess-8 INFO muntenia_itw_NcIyTGwJEQ4_full.mp4: encoding clip 11/15 (228.779s to 238.779s)
2026-08-16 22:47:24,202 SpawnProcess-4 INFO muntenia_itw_bblTlEwGQ2Q_68s-240s.mp4: encoding clip 10/11 (79.200s to 89.200s)
2026-08-16 22:47:34,493 SpawnProcess-11 INFO muntenia_itw_S6UGFE8FnrY_full.mp4: encoding clip 4/15 (64.800s to 74.800s)
2026-08-16 22:47:35,831 SpawnProcess-6 INFO muntenia_itw_RU4BZLjDjj0_full.mp4: encoding clip 8/15 (229.800s to 239.800s)
2026-08-16 22:47:36,181 SpawnProcess-4 INFO muntenia_itw_bblTlEwGQ2Q_68s-240s.mp4: encoding clip 11/11 (32.600s to 42.600s)
2026-08-16 22:47:36,899 SpawnProcess-1 INFO muntenia_itw_Im436sz7RXo_full.mp4: encoding clip 12/15 (99.600s to 109.600s)
2026-08-16 22:47:37,710 SpawnProcess-5 INFO muntenia_itw_SfsfTEPKbEk_full.mp4: encoding clip 2/7 (177.400s to 187.400s)
2026-08-16 22:47:41,855 SpawnProcess-8 INFO muntenia_itw_NcIyTGwJEQ4_full.mp4: encoding clip 12/15 (113.293s to 123.293s)
2026-08-16 22:47:47,912 SpawnProcess-4 INFO muntenia_itw_bblTlEwGQ2Q_68s-240s.mp4: completed
2026-08-16 22:47:47,921 SpawnProcess-4 INFO Loading detection cache: ../videos_detections/muntenia_itw_kA4sqQ5v8z8_full/detections.json
2026-08-16 22:47:48,413 SpawnProcess-4 INFO muntenia_itw_kA4sqQ5v8z8_full.mp4: duration=134.3s, samples=672, tracks=7
2026-08-16 22:47:51,481 SpawnProcess-4 INFO muntenia_itw_kA4sqQ5v8z8_full.mp4: VAD found 3 speech intervals
2026-08-16 22:47:55,066 SpawnProcess-11 INFO muntenia_itw_S6UGFE8FnrY_full.mp4: encoding clip 5/15 (102.400s to 112.400s)
2026-08-16 22:47:56,762 SpawnProcess-6 INFO muntenia_itw_RU4BZLjDjj0_full.mp4: encoding clip 9/15 (159.800s to 169.800s)
2026-08-16 22:47:58,217 SpawnProcess-8 INFO muntenia_itw_NcIyTGwJEQ4_full.mp4: encoding clip 13/15 (83.463s to 92.492s)
2026-08-16 22:47:58,433 SpawnProcess-1 INFO muntenia_itw_Im436sz7RXo_full.mp4: encoding clip 13/15 (183.800s to 193.800s)
2026-08-16 22:48:10,993 SpawnProcess-5 INFO muntenia_itw_SfsfTEPKbEk_full.mp4: encoding clip 3/7 (103.200s to 113.200s)
2026-08-16 22:48:12,726 SpawnProcess-11 INFO muntenia_itw_S6UGFE8FnrY_full.mp4: encoding clip 6/15 (92.400s to 102.400s)
2026-08-16 22:48:16,349 SpawnProcess-6 INFO muntenia_itw_RU4BZLjDjj0_full.mp4: encoding clip 10/15 (169.800s to 179.800s)
2026-08-16 22:48:17,973 SpawnProcess-1 INFO muntenia_itw_Im436sz7RXo_full.mp4: encoding clip 14/15 (55.200s to 62.000s)
2026-08-16 22:48:20,446 SpawnProcess-8 INFO muntenia_itw_NcIyTGwJEQ4_full.mp4: encoding clip 14/15 (198.779s to 208.779s)
2026-08-16 22:48:26,766 SpawnProcess-7 INFO muntenia_itw_bh0_4ZYfHxc_full.mp4: selected 15 clips
2026-08-16 22:48:26,781 SpawnProcess-7 INFO muntenia_itw_bh0_4ZYfHxc_full.mp4: encoding clip 1/15 (138.000s to 148.000s)
2026-08-16 22:48:29,381 SpawnProcess-11 INFO muntenia_itw_S6UGFE8FnrY_full.mp4: encoding clip 7/15 (30.000s to 40.000s)
2026-08-16 22:48:34,681 SpawnProcess-1 INFO muntenia_itw_Im436sz7RXo_full.mp4: encoding clip 15/15 (109.600s to 116.400s)
2026-08-16 22:48:36,515 SpawnProcess-6 INFO muntenia_itw_RU4BZLjDjj0_full.mp4: encoding clip 11/15 (239.800s to 249.800s)
2026-08-16 22:48:41,667 SpawnProcess-8 INFO muntenia_itw_NcIyTGwJEQ4_full.mp4: encoding clip 15/15 (93.293s to 103.293s)
2026-08-16 22:48:43,003 SpawnProcess-14 INFO muntenia_itw_gGw0AcMAHro_full.mp4: selected 8 clips
2026-08-16 22:48:43,006 SpawnProcess-14 INFO muntenia_itw_gGw0AcMAHro_full.mp4: encoding clip 1/8 (66.000s to 76.000s)
2026-08-16 22:48:43,338 SpawnProcess-5 INFO muntenia_itw_SfsfTEPKbEk_full.mp4: encoding clip 4/7 (187.400s to 197.400s)
2026-08-16 22:48:48,813 SpawnProcess-1 INFO muntenia_itw_Im436sz7RXo_full.mp4: completed
2026-08-16 22:48:48,839 SpawnProcess-1 INFO Loading detection cache: ../videos_detections/muntenia_itw_kFuwgXQya2k_full/detections.json
2026-08-16 22:48:49,617 SpawnProcess-1 INFO muntenia_itw_kFuwgXQya2k_full.mp4: duration=111.4s, samples=557, tracks=1
2026-08-16 22:48:52,606 SpawnProcess-1 INFO muntenia_itw_kFuwgXQya2k_full.mp4: VAD found 3 speech intervals
2026-08-16 22:48:56,603 SpawnProcess-13 INFO muntenia_itw_U4oREYjysJo_full.mp4: selected 10 clips
2026-08-16 22:48:56,605 SpawnProcess-13 INFO muntenia_itw_U4oREYjysJo_full.mp4: encoding clip 1/10 (100.000s to 110.000s)
2026-08-16 22:48:56,943 SpawnProcess-11 INFO muntenia_itw_S6UGFE8FnrY_full.mp4: encoding clip 8/15 (74.800s to 84.800s)
2026-08-16 22:48:57,057 SpawnProcess-8 INFO muntenia_itw_NcIyTGwJEQ4_full.mp4: completed
2026-08-16 22:48:57,070 SpawnProcess-8 INFO Loading detection cache: ../videos_detections/muntenia_itw_kpAETLLos6c_full/detections.json
2026-08-16 22:48:57,213 SpawnProcess-6 INFO muntenia_itw_RU4BZLjDjj0_full.mp4: encoding clip 12/15 (83.600s to 91.800s)
2026-08-16 22:48:57,742 SpawnProcess-8 INFO muntenia_itw_kpAETLLos6c_full.mp4: duration=150.3s, samples=752, tracks=3
2026-08-16 22:48:57,800 SpawnProcess-7 INFO muntenia_itw_bh0_4ZYfHxc_full.mp4: encoding clip 2/15 (118.000s to 128.000s)
2026-08-16 22:48:59,233 SpawnProcess-16 INFO muntenia_itw_5E2eZ99C7Ns_0s-300s.mp4: selected 15 clips
2026-08-16 22:48:59,236 SpawnProcess-16 INFO muntenia_itw_5E2eZ99C7Ns_0s-300s.mp4: encoding clip 1/15 (292.893s to 299.700s)
2026-08-16 22:49:02,519 SpawnProcess-14 INFO muntenia_itw_gGw0AcMAHro_full.mp4: encoding clip 2/8 (76.000s to 84.800s)
2026-08-16 22:49:04,566 SpawnProcess-8 INFO muntenia_itw_kpAETLLos6c_full.mp4: VAD found 3 speech intervals
2026-08-16 22:49:12,891 SpawnProcess-5 INFO muntenia_itw_SfsfTEPKbEk_full.mp4: encoding clip 5/7 (147.800s to 156.000s)
2026-08-16 22:49:13,702 SpawnProcess-6 INFO muntenia_itw_RU4BZLjDjj0_full.mp4: encoding clip 13/15 (66.200s to 72.000s)
2026-08-16 22:49:18,233 SpawnProcess-7 INFO muntenia_itw_bh0_4ZYfHxc_full.mp4: encoding clip 3/15 (148.000s to 153.600s)
2026-08-16 22:49:19,614 SpawnProcess-15 INFO muntenia_itw_SqO13W1cpow_full.mp4: selected 11 clips
2026-08-16 22:49:19,615 SpawnProcess-15 INFO muntenia_itw_SqO13W1cpow_full.mp4: encoding clip 1/11 (223.800s to 229.800s)
2026-08-16 22:49:20,101 SpawnProcess-14 INFO muntenia_itw_gGw0AcMAHro_full.mp4: encoding clip 3/8 (119.800s to 129.800s)
2026-08-16 22:49:20,276 SpawnProcess-11 INFO muntenia_itw_S6UGFE8FnrY_full.mp4: encoding clip 9/15 (394.800s to 404.800s)
2026-08-16 22:49:26,432 SpawnProcess-6 INFO muntenia_itw_RU4BZLjDjj0_full.mp4: encoding clip 14/15 (139.800s to 149.800s)
2026-08-16 22:49:33,431 SpawnProcess-5 INFO muntenia_itw_SfsfTEPKbEk_full.mp4: encoding clip 6/7 (157.800s to 164.000s)
2026-08-16 22:49:33,476 SpawnProcess-15 INFO muntenia_itw_SqO13W1cpow_full.mp4: encoding clip 2/11 (215.800s to 222.000s)
2026-08-16 22:49:33,952 SpawnProcess-13 INFO muntenia_itw_U4oREYjysJo_full.mp4: encoding clip 2/10 (161.800s to 170.400s)
2026-08-16 22:49:34,359 SpawnProcess-7 INFO muntenia_itw_bh0_4ZYfHxc_full.mp4: encoding clip 4/15 (128.000s to 138.000s)
2026-08-16 22:49:35,963 SpawnProcess-16 INFO muntenia_itw_5E2eZ99C7Ns_0s-300s.mp4: encoding clip 2/15 (273.874s to 283.874s)
2026-08-16 22:49:36,259 SpawnProcess-12 INFO muntenia_itw_eE1IOagGHcA_full.mp4: selected 5 clips
2026-08-16 22:49:36,265 SpawnProcess-12 INFO muntenia_itw_eE1IOagGHcA_full.mp4: encoding clip 1/5 (71.800s to 81.800s)
2026-08-16 22:49:37,869 SpawnProcess-11 INFO muntenia_itw_S6UGFE8FnrY_full.mp4: encoding clip 10/15 (40.000s to 49.800s)
2026-08-16 22:49:42,579 SpawnProcess-14 INFO muntenia_itw_gGw0AcMAHro_full.mp4: encoding clip 4/8 (103.600s to 113.600s)
2026-08-16 22:49:47,090 SpawnProcess-6 INFO muntenia_itw_RU4BZLjDjj0_full.mp4: encoding clip 15/15 (47.600s to 57.600s)
2026-08-16 22:49:47,992 SpawnProcess-15 INFO muntenia_itw_SqO13W1cpow_full.mp4: encoding clip 3/11 (238.200s to 244.000s)
2026-08-16 22:49:50,144 SpawnProcess-5 INFO muntenia_itw_SfsfTEPKbEk_full.mp4: encoding clip 7/7 (44.800s to 52.000s)
2026-08-16 22:49:51,596 SpawnProcess-11 INFO muntenia_itw_S6UGFE8FnrY_full.mp4: encoding clip 11/15 (280.400s to 290.400s)
2026-08-16 22:49:56,765 SpawnProcess-12 INFO muntenia_itw_eE1IOagGHcA_full.mp4: encoding clip 2/5 (193.000s to 200.800s)
2026-08-16 22:49:57,191 SpawnProcess-7 INFO muntenia_itw_bh0_4ZYfHxc_full.mp4: encoding clip 5/15 (205.000s to 215.000s)
2026-08-16 22:50:02,243 SpawnProcess-13 INFO muntenia_itw_U4oREYjysJo_full.mp4: encoding clip 3/10 (189.800s to 199.800s)
2026-08-16 22:50:03,205 SpawnProcess-15 INFO muntenia_itw_SqO13W1cpow_full.mp4: encoding clip 4/11 (245.800s to 254.200s)
2026-08-16 22:50:05,593 SpawnProcess-14 INFO muntenia_itw_gGw0AcMAHro_full.mp4: encoding clip 5/8 (129.800s to 139.800s)
2026-08-16 22:50:08,914 SpawnProcess-6 INFO muntenia_itw_RU4BZLjDjj0_full.mp4: completed
2026-08-16 22:50:08,926 SpawnProcess-6 INFO Loading detection cache: ../videos_detections/muntenia_itw_l2I7D1HsJmw_full/detections.json
2026-08-16 22:50:09,598 SpawnProcess-6 INFO muntenia_itw_l2I7D1HsJmw_full.mp4: duration=201.5s, samples=1008, tracks=1
2026-08-16 22:50:10,649 SpawnProcess-11 INFO muntenia_itw_S6UGFE8FnrY_full.mp4: encoding clip 12/15 (354.200s to 364.200s)
2026-08-16 22:50:11,529 SpawnProcess-4 INFO muntenia_itw_kA4sqQ5v8z8_full.mp4: selected 6 clips
2026-08-16 22:50:11,537 SpawnProcess-4 INFO muntenia_itw_kA4sqQ5v8z8_full.mp4: encoding clip 1/6 (119.800s to 129.800s)
2026-08-16 22:50:14,999 SpawnProcess-10 INFO muntenia_itw_XJtz_42-CM0_full.mp4: selected 14 clips
2026-08-16 22:50:15,000 SpawnProcess-10 INFO muntenia_itw_XJtz_42-CM0_full.mp4: encoding clip 1/14 (153.800s to 162.000s)
2026-08-16 22:50:15,079 SpawnProcess-6 INFO muntenia_itw_l2I7D1HsJmw_full.mp4: VAD found 4 speech intervals
2026-08-16 22:50:17,084 SpawnProcess-5 INFO muntenia_itw_SfsfTEPKbEk_full.mp4: completed
2026-08-16 22:50:17,092 SpawnProcess-5 INFO Loading detection cache: ../videos_detections/muntenia_itw_lPmO3FKPPOU_full/detections.json
2026-08-16 22:50:17,204 SpawnProcess-12 INFO muntenia_itw_eE1IOagGHcA_full.mp4: encoding clip 3/5 (116.600s to 123.800s)
2026-08-16 22:50:17,797 SpawnProcess-5 INFO muntenia_itw_lPmO3FKPPOU_full.mp4: duration=194.6s, samples=973, tracks=3
2026-08-16 22:50:18,795 SpawnProcess-7 INFO muntenia_itw_bh0_4ZYfHxc_full.mp4: encoding clip 6/15 (195.000s to 205.000s)
2026-08-16 22:50:21,779 SpawnProcess-15 INFO muntenia_itw_SqO13W1cpow_full.mp4: encoding clip 5/11 (326.000s to 336.000s)
2026-08-16 22:50:23,570 SpawnProcess-11 INFO muntenia_itw_S6UGFE8FnrY_full.mp4: encoding clip 13/15 (208.800s to 218.800s)
2026-08-16 22:50:26,165 SpawnProcess-14 INFO muntenia_itw_gGw0AcMAHro_full.mp4: encoding clip 6/8 (139.800s to 146.800s)
2026-08-16 22:50:29,373 SpawnProcess-5 INFO muntenia_itw_lPmO3FKPPOU_full.mp4: VAD found 2 speech intervals
2026-08-16 22:50:33,048 SpawnProcess-4 INFO muntenia_itw_kA4sqQ5v8z8_full.mp4: encoding clip 2/6 (91.600s to 101.600s)
2026-08-16 22:50:34,710 SpawnProcess-10 INFO muntenia_itw_XJtz_42-CM0_full.mp4: encoding clip 2/14 (169.600s to 178.000s)
2026-08-16 22:50:36,509 SpawnProcess-12 INFO muntenia_itw_eE1IOagGHcA_full.mp4: encoding clip 4/5 (100.200s to 110.200s)
2026-08-16 22:50:37,853 SpawnProcess-16 INFO muntenia_itw_5E2eZ99C7Ns_0s-300s.mp4: encoding clip 3/15 (197.998s to 207.998s)
2026-08-16 22:50:38,081 SpawnProcess-11 INFO muntenia_itw_S6UGFE8FnrY_full.mp4: encoding clip 14/15 (336.800s to 346.800s)
2026-08-16 22:50:41,259 SpawnProcess-2 INFO muntenia_itw_jby05QL8QuA_full.mp4: selected 10 clips
2026-08-16 22:50:41,268 SpawnProcess-2 INFO muntenia_itw_jby05QL8QuA_full.mp4: encoding clip 1/10 (131.800s to 141.800s)
2026-08-16 22:50:42,916 SpawnProcess-14 INFO muntenia_itw_gGw0AcMAHro_full.mp4: encoding clip 7/8 (91.800s to 100.800s)
2026-08-16 22:50:43,188 SpawnProcess-15 INFO muntenia_itw_SqO13W1cpow_full.mp4: encoding clip 6/11 (189.200s to 198.000s)
2026-08-16 22:50:43,530 SpawnProcess-7 INFO muntenia_itw_bh0_4ZYfHxc_full.mp4: encoding clip 7/15 (155.000s to 165.000s)
2026-08-16 22:50:43,709 SpawnProcess-13 INFO muntenia_itw_U4oREYjysJo_full.mp4: encoding clip 4/10 (120.000s to 128.000s)
2026-08-16 22:50:52,461 SpawnProcess-12 INFO muntenia_itw_eE1IOagGHcA_full.mp4: encoding clip 5/5 (90.200s to 100.200s)
2026-08-16 22:50:53,246 SpawnProcess-4 INFO muntenia_itw_kA4sqQ5v8z8_full.mp4: encoding clip 3/6 (57.000s to 67.000s)
2026-08-16 22:50:56,015 SpawnProcess-11 INFO muntenia_itw_S6UGFE8FnrY_full.mp4: encoding clip 15/15 (270.400s to 280.400s)
2026-08-16 22:50:58,830 SpawnProcess-1 INFO muntenia_itw_kFuwgXQya2k_full.mp4: selected 4 clips
2026-08-16 22:50:58,839 SpawnProcess-1 INFO muntenia_itw_kFuwgXQya2k_full.mp4: encoding clip 1/4 (71.400s to 81.400s)
2026-08-16 22:50:59,266 SpawnProcess-10 INFO muntenia_itw_XJtz_42-CM0_full.mp4: encoding clip 3/14 (253.200s to 263.200s)
2026-08-16 22:51:02,995 SpawnProcess-14 INFO muntenia_itw_gGw0AcMAHro_full.mp4: encoding clip 8/8 (149.000s to 154.400s)
2026-08-16 22:51:03,386 SpawnProcess-15 INFO muntenia_itw_SqO13W1cpow_full.mp4: encoding clip 7/11 (171.200s to 178.600s)
2026-08-16 22:51:06,777 SpawnProcess-7 INFO muntenia_itw_bh0_4ZYfHxc_full.mp4: encoding clip 8/15 (220.200s to 227.800s)
2026-08-16 22:51:09,194 SpawnProcess-2 INFO muntenia_itw_jby05QL8QuA_full.mp4: encoding clip 2/10 (121.800s to 131.800s)
2026-08-16 22:51:09,965 SpawnProcess-11 INFO muntenia_itw_S6UGFE8FnrY_full.mp4: completed
2026-08-16 22:51:09,997 SpawnProcess-11 INFO Loading detection cache: ../videos_detections/muntenia_itw_oIokVVAzA20_full/detections.json
2026-08-16 22:51:10,726 SpawnProcess-11 INFO muntenia_itw_oIokVVAzA20_full.mp4: duration=445.7s, samples=2229, tracks=227
2026-08-16 22:51:13,451 SpawnProcess-13 INFO muntenia_itw_U4oREYjysJo_full.mp4: encoding clip 5/10 (178.200s to 185.200s)
2026-08-16 22:51:14,029 SpawnProcess-4 INFO muntenia_itw_kA4sqQ5v8z8_full.mp4: encoding clip 4/6 (77.000s to 84.000s)
2026-08-16 22:51:14,919 SpawnProcess-12 INFO muntenia_itw_eE1IOagGHcA_full.mp4: completed
2026-08-16 22:51:14,943 SpawnProcess-12 INFO Loading detection cache: ../videos_detections/muntenia_itw_pFGtwbWqbcE_full/detections.json
2026-08-16 22:51:15,349 SpawnProcess-12 INFO muntenia_itw_pFGtwbWqbcE_full.mp4: duration=164.6s, samples=823, tracks=2
2026-08-16 22:51:16,136 SpawnProcess-14 INFO muntenia_itw_gGw0AcMAHro_full.mp4: completed
2026-08-16 22:51:16,175 SpawnProcess-14 INFO Loading detection cache: ../videos_detections/muntenia_itw_pTJxhiR2izE_full/detections.json
2026-08-16 22:51:16,676 SpawnProcess-14 INFO muntenia_itw_pTJxhiR2izE_full.mp4: duration=153.9s, samples=770, tracks=3
2026-08-16 22:51:16,796 SpawnProcess-1 INFO muntenia_itw_kFuwgXQya2k_full.mp4: encoding clip 2/4 (91.400s to 101.400s)
2026-08-16 22:51:19,000 SpawnProcess-3 INFO muntenia_itw_Z9Gwe-WLWS4_full.mp4: selected 14 clips
2026-08-16 22:51:19,006 SpawnProcess-3 INFO muntenia_itw_Z9Gwe-WLWS4_full.mp4: encoding clip 1/14 (245.800s to 255.800s)
2026-08-16 22:51:19,423 SpawnProcess-15 INFO muntenia_itw_SqO13W1cpow_full.mp4: encoding clip 8/11 (162.800s to 168.000s)
2026-08-16 22:51:20,180 SpawnProcess-14 INFO muntenia_itw_pTJxhiR2izE_full.mp4: VAD found 12 speech intervals
2026-08-16 22:51:21,257 SpawnProcess-12 INFO muntenia_itw_pFGtwbWqbcE_full.mp4: VAD found 12 speech intervals
2026-08-16 22:51:22,680 SpawnProcess-10 INFO muntenia_itw_XJtz_42-CM0_full.mp4: encoding clip 4/14 (120.400s to 128.600s)
2026-08-16 22:51:24,295 SpawnProcess-11 INFO muntenia_itw_oIokVVAzA20_full.mp4: VAD found 27 speech intervals
2026-08-16 22:51:25,626 SpawnProcess-7 INFO muntenia_itw_bh0_4ZYfHxc_full.mp4: encoding clip 9/15 (165.000s to 174.000s)
2026-08-16 22:51:27,459 SpawnProcess-4 INFO muntenia_itw_kA4sqQ5v8z8_full.mp4: encoding clip 5/6 (67.000s to 77.000s)
2026-08-16 22:51:30,505 SpawnProcess-13 INFO muntenia_itw_U4oREYjysJo_full.mp4: encoding clip 6/10 (129.400s to 139.400s)
2026-08-16 22:51:31,789 SpawnProcess-15 INFO muntenia_itw_SqO13W1cpow_full.mp4: encoding clip 9/11 (29.800s to 36.000s)
2026-08-16 22:51:32,761 SpawnProcess-2 INFO muntenia_itw_jby05QL8QuA_full.mp4: encoding clip 3/10 (77.800s to 84.000s)
2026-08-16 22:51:38,115 SpawnProcess-1 INFO muntenia_itw_kFuwgXQya2k_full.mp4: encoding clip 3/4 (81.400s to 91.400s)
2026-08-16 22:51:42,712 SpawnProcess-7 INFO muntenia_itw_bh0_4ZYfHxc_full.mp4: encoding clip 10/15 (229.000s to 234.600s)
2026-08-16 22:51:42,839 SpawnProcess-16 INFO muntenia_itw_5E2eZ99C7Ns_0s-300s.mp4: encoding clip 4/15 (134.334s to 144.334s)
2026-08-16 22:51:43,458 SpawnProcess-10 INFO muntenia_itw_XJtz_42-CM0_full.mp4: encoding clip 5/14 (237.800s to 246.400s)
2026-08-16 22:51:45,883 SpawnProcess-15 INFO muntenia_itw_SqO13W1cpow_full.mp4: encoding clip 10/11 (205.800s to 215.800s)
2026-08-16 22:51:45,989 SpawnProcess-3 INFO muntenia_itw_Z9Gwe-WLWS4_full.mp4: encoding clip 2/14 (175.800s to 185.800s)
2026-08-16 22:51:48,116 SpawnProcess-4 INFO muntenia_itw_kA4sqQ5v8z8_full.mp4: encoding clip 6/6 (109.800s to 119.800s)
2026-08-16 22:51:53,078 SpawnProcess-2 INFO muntenia_itw_jby05QL8QuA_full.mp4: encoding clip 4/10 (59.800s to 66.000s)
2026-08-16 22:51:55,140 SpawnProcess-13 INFO muntenia_itw_U4oREYjysJo_full.mp4: encoding clip 7/10 (139.400s to 149.400s)
2026-08-16 22:51:55,784 SpawnProcess-7 INFO muntenia_itw_bh0_4ZYfHxc_full.mp4: encoding clip 11/15 (185.000s to 195.000s)
2026-08-16 22:51:58,422 SpawnProcess-1 INFO muntenia_itw_kFuwgXQya2k_full.mp4: encoding clip 4/4 (61.400s to 71.400s)
2026-08-16 22:52:03,842 SpawnProcess-10 INFO muntenia_itw_XJtz_42-CM0_full.mp4: encoding clip 6/14 (130.400s to 136.200s)
2026-08-16 22:52:07,908 SpawnProcess-15 INFO muntenia_itw_SqO13W1cpow_full.mp4: encoding clip 11/11 (131.600s to 137.600s)
2026-08-16 22:52:11,405 SpawnProcess-4 INFO muntenia_itw_kA4sqQ5v8z8_full.mp4: completed
2026-08-16 22:52:11,414 SpawnProcess-4 INFO Loading detection cache: ../videos_detections/muntenia_itw_s95oDZGLwzk_full/detections.json
2026-08-16 22:52:11,522 SpawnProcess-2 INFO muntenia_itw_jby05QL8QuA_full.mp4: encoding clip 5/10 (101.800s to 111.800s)
2026-08-16 22:52:12,111 SpawnProcess-4 INFO muntenia_itw_s95oDZGLwzk_full.mp4: duration=171.8s, samples=859, tracks=7
2026-08-16 22:52:12,268 SpawnProcess-3 INFO muntenia_itw_Z9Gwe-WLWS4_full.mp4: encoding clip 3/14 (165.800s to 174.000s)
2026-08-16 22:52:14,662 SpawnProcess-7 INFO muntenia_itw_bh0_4ZYfHxc_full.mp4: encoding clip 12/15 (67.400s to 77.400s)
2026-08-16 22:52:16,288 SpawnProcess-4 INFO muntenia_itw_s95oDZGLwzk_full.mp4: VAD found 3 speech intervals
2026-08-16 22:52:18,881 SpawnProcess-1 INFO muntenia_itw_kFuwgXQya2k_full.mp4: completed
2026-08-16 22:52:18,885 SpawnProcess-1 INFO Loading detection cache: ../videos_detections/muntenia_itw_sdzjhy_V-Kw_full/detections.json
2026-08-16 22:52:19,258 SpawnProcess-1 INFO muntenia_itw_sdzjhy_V-Kw_full.mp4: duration=124.1s, samples=621, tracks=10
2026-08-16 22:52:21,431 SpawnProcess-15 INFO muntenia_itw_SqO13W1cpow_full.mp4: completed
2026-08-16 22:52:21,453 SpawnProcess-15 INFO Loading detection cache: ../videos_detections/muntenia_itw_yGAvQgsYIhU_full/detections.json
2026-08-16 22:52:21,833 SpawnProcess-13 INFO muntenia_itw_U4oREYjysJo_full.mp4: encoding clip 8/10 (110.000s to 120.000s)
2026-08-16 22:52:22,166 SpawnProcess-15 INFO muntenia_itw_yGAvQgsYIhU_full.mp4: duration=203.1s, samples=1016, tracks=37
2026-08-16 22:52:23,169 SpawnProcess-1 INFO muntenia_itw_sdzjhy_V-Kw_full.mp4: VAD found 6 speech intervals
2026-08-16 22:52:23,657 SpawnProcess-10 INFO muntenia_itw_XJtz_42-CM0_full.mp4: encoding clip 7/14 (213.800s to 223.800s)
2026-08-16 22:52:27,202 SpawnProcess-15 INFO muntenia_itw_yGAvQgsYIhU_full.mp4: VAD found 23 speech intervals
2026-08-16 22:52:29,164 SpawnProcess-7 INFO muntenia_itw_bh0_4ZYfHxc_full.mp4: encoding clip 13/15 (106.200s to 116.200s)
2026-08-16 22:52:33,454 SpawnProcess-16 INFO muntenia_itw_5E2eZ99C7Ns_0s-300s.mp4: encoding clip 5/15 (177.157s to 187.157s)
2026-08-16 22:52:33,757 SpawnProcess-6 INFO muntenia_itw_l2I7D1HsJmw_full.mp4: selected 15 clips
2026-08-16 22:52:33,764 SpawnProcess-6 INFO muntenia_itw_l2I7D1HsJmw_full.mp4: encoding clip 1/15 (0.600s to 5.800s)
2026-08-16 22:52:34,381 SpawnProcess-2 INFO muntenia_itw_jby05QL8QuA_full.mp4: encoding clip 6/10 (49.800s to 59.800s)
2026-08-16 22:52:34,704 SpawnProcess-3 INFO muntenia_itw_Z9Gwe-WLWS4_full.mp4: encoding clip 4/14 (267.400s to 275.400s)
2026-08-16 22:52:41,777 SpawnProcess-6 INFO muntenia_itw_l2I7D1HsJmw_full.mp4: encoding clip 2/15 (168.800s to 178.200s)
2026-08-16 22:52:43,111 SpawnProcess-7 INFO muntenia_itw_bh0_4ZYfHxc_full.mp4: encoding clip 14/15 (175.000s to 185.000s)
2026-08-16 22:52:44,283 SpawnProcess-9 INFO muntenia_itw_iJ4q9_k0wOQ_full.mp4: selected 10 clips
2026-08-16 22:52:44,289 SpawnProcess-9 INFO muntenia_itw_iJ4q9_k0wOQ_full.mp4: encoding clip 1/10 (177.800s to 187.800s)
2026-08-16 22:52:46,158 SpawnProcess-13 INFO muntenia_itw_U4oREYjysJo_full.mp4: encoding clip 9/10 (72.000s to 77.200s)
2026-08-16 22:52:47,021 SpawnProcess-8 INFO muntenia_itw_kpAETLLos6c_full.mp4: selected 5 clips
2026-08-16 22:52:47,023 SpawnProcess-8 INFO muntenia_itw_kpAETLLos6c_full.mp4: encoding clip 1/5 (75.800s to 85.800s)
2026-08-16 22:52:48,919 SpawnProcess-10 INFO muntenia_itw_XJtz_42-CM0_full.mp4: encoding clip 8/14 (181.200s to 191.200s)
2026-08-16 22:52:52,750 SpawnProcess-6 INFO muntenia_itw_l2I7D1HsJmw_full.mp4: encoding clip 3/15 (158.800s to 168.800s)
2026-08-16 22:52:55,307 SpawnProcess-3 INFO muntenia_itw_Z9Gwe-WLWS4_full.mp4: encoding clip 5/14 (225.800s to 235.800s)
2026-08-16 22:52:57,216 SpawnProcess-7 INFO muntenia_itw_bh0_4ZYfHxc_full.mp4: encoding clip 15/15 (42.200s to 47.600s)
2026-08-16 22:52:58,667 SpawnProcess-13 INFO muntenia_itw_U4oREYjysJo_full.mp4: encoding clip 10/10 (79.200s to 84.400s)
2026-08-16 22:52:59,650 SpawnProcess-2 INFO muntenia_itw_jby05QL8QuA_full.mp4: encoding clip 7/10 (111.800s to 121.800s)
2026-08-16 22:53:04,408 SpawnProcess-6 INFO muntenia_itw_l2I7D1HsJmw_full.mp4: encoding clip 4/15 (138.800s to 148.800s)
2026-08-16 22:53:08,582 SpawnProcess-7 INFO muntenia_itw_bh0_4ZYfHxc_full.mp4: completed
2026-08-16 22:53:08,604 SpawnProcess-7 INFO Loading detection cache: ../videos_detections/muntenia_studio_-LBYLfFqxtw_full/detections.json
2026-08-16 22:53:09,364 SpawnProcess-7 INFO muntenia_studio_-LBYLfFqxtw_full.mp4: duration=223.3s, samples=1117, tracks=1
2026-08-16 22:53:11,526 SpawnProcess-13 INFO muntenia_itw_U4oREYjysJo_full.mp4: completed
2026-08-16 22:53:11,545 SpawnProcess-13 INFO Loading detection cache: ../videos_detections/muntenia_studio_0H_jKNtoAuA_0s-367s/detections.json
2026-08-16 22:53:11,831 SpawnProcess-8 INFO muntenia_itw_kpAETLLos6c_full.mp4: encoding clip 2/5 (123.800s to 132.000s)
2026-08-16 22:53:12,370 SpawnProcess-13 INFO muntenia_studio_0H_jKNtoAuA_0s-367s.mp4: duration=367.1s, samples=1761, tracks=15
2026-08-16 22:53:15,388 SpawnProcess-7 INFO muntenia_studio_-LBYLfFqxtw_full.mp4: VAD found 32 speech intervals
2026-08-16 22:53:16,107 SpawnProcess-10 INFO muntenia_itw_XJtz_42-CM0_full.mp4: encoding clip 9/14 (203.800s to 213.800s)
2026-08-16 22:53:17,448 SpawnProcess-9 INFO muntenia_itw_iJ4q9_k0wOQ_full.mp4: encoding clip 2/10 (109.800s to 118.000s)
2026-08-16 22:53:17,550 SpawnProcess-6 INFO muntenia_itw_l2I7D1HsJmw_full.mp4: encoding clip 5/15 (111.800s to 121.800s)
2026-08-16 22:53:20,049 SpawnProcess-13 INFO muntenia_studio_0H_jKNtoAuA_0s-367s.mp4: VAD found 80 speech intervals
2026-08-16 22:53:24,026 SpawnProcess-3 INFO muntenia_itw_Z9Gwe-WLWS4_full.mp4: encoding clip 6/14 (155.800s to 165.800s)
2026-08-16 22:53:25,519 SpawnProcess-2 INFO muntenia_itw_jby05QL8QuA_full.mp4: encoding clip 8/10 (91.800s to 101.800s)
2026-08-16 22:53:29,597 SpawnProcess-16 INFO muntenia_itw_5E2eZ99C7Ns_0s-300s.mp4: encoding clip 6/15 (227.828s to 237.828s)
2026-08-16 22:53:30,318 SpawnProcess-6 INFO muntenia_itw_l2I7D1HsJmw_full.mp4: encoding clip 6/15 (121.800s to 128.000s)
2026-08-16 22:53:33,974 SpawnProcess-8 INFO muntenia_itw_kpAETLLos6c_full.mp4: encoding clip 3/5 (109.800s to 115.400s)
2026-08-16 22:53:36,429 SpawnProcess-9 INFO muntenia_itw_iJ4q9_k0wOQ_full.mp4: encoding clip 3/10 (157.200s to 167.200s)
2026-08-16 22:53:39,704 SpawnProcess-6 INFO muntenia_itw_l2I7D1HsJmw_full.mp4: encoding clip 7/15 (128.800s to 138.800s)
2026-08-16 22:53:39,862 SpawnProcess-10 INFO muntenia_itw_XJtz_42-CM0_full.mp4: encoding clip 10/14 (191.200s to 200.000s)
2026-08-16 22:53:49,907 SpawnProcess-3 INFO muntenia_itw_Z9Gwe-WLWS4_full.mp4: encoding clip 7/14 (215.800s to 225.800s)
2026-08-16 22:53:50,684 SpawnProcess-2 INFO muntenia_itw_jby05QL8QuA_full.mp4: encoding clip 9/10 (67.800s to 77.800s)
2026-08-16 22:53:50,791 SpawnProcess-8 INFO muntenia_itw_kpAETLLos6c_full.mp4: encoding clip 4/5 (100.600s to 108.000s)
2026-08-16 22:53:53,379 SpawnProcess-6 INFO muntenia_itw_l2I7D1HsJmw_full.mp4: encoding clip 8/15 (101.800s to 111.800s)
2026-08-16 22:54:03,657 SpawnProcess-10 INFO muntenia_itw_XJtz_42-CM0_full.mp4: encoding clip 11/14 (143.800s to 153.800s)
2026-08-16 22:54:04,181 SpawnProcess-9 INFO muntenia_itw_iJ4q9_k0wOQ_full.mp4: encoding clip 4/10 (215.000s to 223.200s)
2026-08-16 22:54:07,156 SpawnProcess-6 INFO muntenia_itw_l2I7D1HsJmw_full.mp4: encoding clip 9/15 (51.800s to 61.800s)
2026-08-16 22:54:10,372 SpawnProcess-8 INFO muntenia_itw_kpAETLLos6c_full.mp4: encoding clip 5/5 (85.800s to 95.800s)
2026-08-16 22:54:10,631 SpawnProcess-14 INFO muntenia_itw_pTJxhiR2izE_full.mp4: selected 3 clips
2026-08-16 22:54:10,635 SpawnProcess-14 INFO muntenia_itw_pTJxhiR2izE_full.mp4: encoding clip 1/3 (89.000s to 94.000s)
2026-08-16 22:54:17,146 SpawnProcess-3 INFO muntenia_itw_Z9Gwe-WLWS4_full.mp4: encoding clip 8/14 (255.800s to 265.800s)
2026-08-16 22:54:18,342 SpawnProcess-2 INFO muntenia_itw_jby05QL8QuA_full.mp4: encoding clip 10/10 (141.800s to 150.000s)
2026-08-16 22:54:19,842 SpawnProcess-6 INFO muntenia_itw_l2I7D1HsJmw_full.mp4: encoding clip 10/15 (44.400s to 50.000s)
2026-08-16 22:54:21,085 SpawnProcess-16 INFO muntenia_itw_5E2eZ99C7Ns_0s-300s.mp4: encoding clip 7/15 (71.872s to 81.872s)
2026-08-16 22:54:25,236 SpawnProcess-9 INFO muntenia_itw_iJ4q9_k0wOQ_full.mp4: encoding clip 5/10 (147.200s to 157.200s)
2026-08-16 22:54:25,458 SpawnProcess-14 INFO muntenia_itw_pTJxhiR2izE_full.mp4: encoding clip 2/3 (79.000s to 89.000s)
2026-08-16 22:54:28,851 SpawnProcess-6 INFO muntenia_itw_l2I7D1HsJmw_full.mp4: encoding clip 11/15 (91.800s to 101.800s)
2026-08-16 22:54:29,956 SpawnProcess-10 INFO muntenia_itw_XJtz_42-CM0_full.mp4: encoding clip 12/14 (111.400s to 118.200s)
2026-08-16 22:54:37,371 SpawnProcess-8 INFO muntenia_itw_kpAETLLos6c_full.mp4: completed
2026-08-16 22:54:37,392 SpawnProcess-8 INFO Loading detection cache: ../videos_detections/muntenia_studio_1pb9MZb-Gk8_full/detections.json
2026-08-16 22:54:37,901 SpawnProcess-8 INFO muntenia_studio_1pb9MZb-Gk8_full.mp4: duration=111.4s, samples=557, tracks=3
2026-08-16 22:54:39,016 SpawnProcess-5 INFO muntenia_itw_lPmO3FKPPOU_full.mp4: selected 4 clips
2026-08-16 22:54:39,022 SpawnProcess-5 INFO muntenia_itw_lPmO3FKPPOU_full.mp4: encoding clip 1/4 (143.800s to 153.800s)
2026-08-16 22:54:41,813 SpawnProcess-3 INFO muntenia_itw_Z9Gwe-WLWS4_full.mp4: encoding clip 9/14 (198.600s to 208.600s)
2026-08-16 22:54:42,119 SpawnProcess-8 INFO muntenia_studio_1pb9MZb-Gk8_full.mp4: VAD found 8 speech intervals
2026-08-16 22:54:42,353 SpawnProcess-6 INFO muntenia_itw_l2I7D1HsJmw_full.mp4: encoding clip 12/15 (148.800s to 158.800s)
2026-08-16 22:54:43,038 SpawnProcess-2 INFO muntenia_itw_jby05QL8QuA_full.mp4: completed
2026-08-16 22:54:43,047 SpawnProcess-2 INFO Loading detection cache: ../videos_detections/muntenia_studio_4VwNq-_r784_50s-356s/detections.json
2026-08-16 22:54:43,645 SpawnProcess-2 INFO muntenia_studio_4VwNq-_r784_50s-356s.mp4: duration=306.1s, samples=1531, tracks=2
2026-08-16 22:54:47,874 SpawnProcess-10 INFO muntenia_itw_XJtz_42-CM0_full.mp4: encoding clip 13/14 (101.000s to 108.000s)
2026-08-16 22:54:48,269 SpawnProcess-14 INFO muntenia_itw_pTJxhiR2izE_full.mp4: encoding clip 3/3 (95.000s to 105.000s)
2026-08-16 22:54:50,312 SpawnProcess-1 INFO muntenia_itw_sdzjhy_V-Kw_full.mp4: selected 4 clips
2026-08-16 22:54:50,314 SpawnProcess-1 INFO muntenia_itw_sdzjhy_V-Kw_full.mp4: encoding clip 1/4 (16.200s to 21.800s)
2026-08-16 22:54:53,612 SpawnProcess-9 INFO muntenia_itw_iJ4q9_k0wOQ_full.mp4: encoding clip 6/10 (205.000s to 215.000s)
2026-08-16 22:54:53,770 SpawnProcess-2 INFO muntenia_studio_4VwNq-_r784_50s-356s.mp4: VAD found 26 speech intervals
2026-08-16 22:54:53,896 SpawnProcess-6 INFO muntenia_itw_l2I7D1HsJmw_full.mp4: encoding clip 13/15 (71.800s to 81.800s)
2026-08-16 22:55:06,102 SpawnProcess-5 INFO muntenia_itw_lPmO3FKPPOU_full.mp4: encoding clip 2/4 (133.800s to 143.800s)
2026-08-16 22:55:06,502 SpawnProcess-1 INFO muntenia_itw_sdzjhy_V-Kw_full.mp4: encoding clip 2/4 (4.200s to 14.200s)
2026-08-16 22:55:07,824 SpawnProcess-6 INFO muntenia_itw_l2I7D1HsJmw_full.mp4: encoding clip 14/15 (81.800s to 91.800s)
2026-08-16 22:55:10,146 SpawnProcess-3 INFO muntenia_itw_Z9Gwe-WLWS4_full.mp4: encoding clip 10/14 (235.800s to 245.800s)
2026-08-16 22:55:11,931 SpawnProcess-14 INFO muntenia_itw_pTJxhiR2izE_full.mp4: completed
2026-08-16 22:55:11,973 SpawnProcess-14 INFO Loading detection cache: ../videos_detections/muntenia_studio_5Id-Q-wonU0_87s-441s/detections.json
2026-08-16 22:55:12,290 SpawnProcess-10 INFO muntenia_itw_XJtz_42-CM0_full.mp4: encoding clip 14/14 (57.400s to 64.000s)
2026-08-16 22:55:12,844 SpawnProcess-14 INFO muntenia_studio_5Id-Q-wonU0_87s-441s.mp4: duration=354.2s, samples=1771, tracks=32
2026-08-16 22:55:13,303 SpawnProcess-16 INFO muntenia_itw_5E2eZ99C7Ns_0s-300s.mp4: encoding clip 8/15 (48.448s to 58.448s)
2026-08-16 22:55:17,170 SpawnProcess-9 INFO muntenia_itw_iJ4q9_k0wOQ_full.mp4: encoding clip 7/10 (167.200s to 174.400s)
2026-08-16 22:55:22,686 SpawnProcess-14 INFO muntenia_studio_5Id-Q-wonU0_87s-441s.mp4: VAD found 18 speech intervals
2026-08-16 22:55:23,187 SpawnProcess-6 INFO muntenia_itw_l2I7D1HsJmw_full.mp4: encoding clip 15/15 (196.200s to 201.600s)
2026-08-16 22:55:27,256 SpawnProcess-1 INFO muntenia_itw_sdzjhy_V-Kw_full.mp4: encoding clip 3/4 (71.800s to 80.000s)
2026-08-16 22:55:31,651 SpawnProcess-5 INFO muntenia_itw_lPmO3FKPPOU_full.mp4: encoding clip 3/4 (180.000s to 185.600s)
2026-08-16 22:55:32,464 SpawnProcess-4 INFO muntenia_itw_s95oDZGLwzk_full.mp4: selected 9 clips
2026-08-16 22:55:32,466 SpawnProcess-4 INFO muntenia_itw_s95oDZGLwzk_full.mp4: encoding clip 1/9 (125.800s to 132.000s)
2026-08-16 22:55:32,557 SpawnProcess-6 INFO muntenia_itw_l2I7D1HsJmw_full.mp4: completed
2026-08-16 22:55:32,568 SpawnProcess-6 INFO Loading detection cache: ../videos_detections/muntenia_studio_5mFv4KIutzI_0s-317s/detections.json
2026-08-16 22:55:33,386 SpawnProcess-10 INFO muntenia_itw_XJtz_42-CM0_full.mp4: completed
2026-08-16 22:55:33,412 SpawnProcess-10 INFO Loading detection cache: ../videos_detections/muntenia_studio_7emqY87TaR8_0s-230s/detections.json
2026-08-16 22:55:33,487 SpawnProcess-6 INFO muntenia_studio_5mFv4KIutzI_0s-317s.mp4: duration=317.0s, samples=1586, tracks=1
2026-08-16 22:55:34,073 SpawnProcess-10 INFO muntenia_studio_7emqY87TaR8_0s-230s.mp4: duration=230.0s, samples=1150, tracks=6
2026-08-16 22:55:34,695 SpawnProcess-3 INFO muntenia_itw_Z9Gwe-WLWS4_full.mp4: encoding clip 11/14 (146.800s to 154.000s)
2026-08-16 22:55:39,858 SpawnProcess-10 INFO muntenia_studio_7emqY87TaR8_0s-230s.mp4: VAD found 49 speech intervals
2026-08-16 22:55:40,180 SpawnProcess-9 INFO muntenia_itw_iJ4q9_k0wOQ_full.mp4: encoding clip 8/10 (187.800s to 197.800s)
2026-08-16 22:55:40,671 SpawnProcess-6 INFO muntenia_studio_5mFv4KIutzI_0s-317s.mp4: VAD found 55 speech intervals
2026-08-16 22:55:43,274 SpawnProcess-1 INFO muntenia_itw_sdzjhy_V-Kw_full.mp4: encoding clip 4/4 (98.200s to 104.800s)
2026-08-16 22:55:44,755 SpawnProcess-4 INFO muntenia_itw_s95oDZGLwzk_full.mp4: encoding clip 2/9 (141.600s to 151.600s)
2026-08-16 22:55:50,441 SpawnProcess-5 INFO muntenia_itw_lPmO3FKPPOU_full.mp4: encoding clip 4/4 (169.400s to 177.200s)
2026-08-16 22:55:52,065 SpawnProcess-12 INFO muntenia_itw_pFGtwbWqbcE_full.mp4: selected 6 clips
2026-08-16 22:55:52,071 SpawnProcess-12 INFO muntenia_itw_pFGtwbWqbcE_full.mp4: encoding clip 1/6 (61.800s to 71.800s)
2026-08-16 22:55:55,536 SpawnProcess-3 INFO muntenia_itw_Z9Gwe-WLWS4_full.mp4: encoding clip 12/14 (52.600s to 58.000s)
2026-08-16 22:55:57,575 SpawnProcess-1 INFO muntenia_itw_sdzjhy_V-Kw_full.mp4: completed
2026-08-16 22:55:57,597 SpawnProcess-1 INFO Loading detection cache: ../videos_detections/muntenia_studio_7vCd_vqa_yw_853s-1195s/detections.json
2026-08-16 22:55:59,508 SpawnProcess-16 INFO muntenia_itw_5E2eZ99C7Ns_0s-300s.mp4: encoding clip 9/15 (167.157s to 177.157s)
2026-08-16 22:56:00,485 SpawnProcess-7 INFO muntenia_studio_-LBYLfFqxtw_full.mp4: selected 15 clips
2026-08-16 22:56:00,486 SpawnProcess-7 INFO muntenia_studio_-LBYLfFqxtw_full.mp4: encoding clip 1/15 (183.000s to 189.000s)
2026-08-16 22:56:00,538 SpawnProcess-1 INFO muntenia_studio_7vCd_vqa_yw_853s-1195s.mp4: duration=342.0s, samples=1710, tracks=594
2026-08-16 22:56:05,464 SpawnProcess-4 INFO muntenia_itw_s95oDZGLwzk_full.mp4: encoding clip 3/9 (151.600s to 161.600s)
2026-08-16 22:56:06,197 SpawnProcess-9 INFO muntenia_itw_iJ4q9_k0wOQ_full.mp4: encoding clip 9/10 (131.600s to 141.600s)
2026-08-16 22:56:07,940 SpawnProcess-7 INFO muntenia_studio_-LBYLfFqxtw_full.mp4: encoding clip 2/15 (163.000s to 173.000s)
2026-08-16 22:56:08,161 SpawnProcess-5 INFO muntenia_itw_lPmO3FKPPOU_full.mp4: completed
2026-08-16 22:56:08,170 SpawnProcess-5 INFO Loading detection cache: ../videos_detections/muntenia_studio_Afr3IAH3O1o_126s-494s/detections.json
2026-08-16 22:56:08,965 SpawnProcess-5 INFO muntenia_studio_Afr3IAH3O1o_126s-494s.mp4: duration=368.1s, samples=1839, tracks=150
2026-08-16 22:56:09,424 SpawnProcess-1 INFO muntenia_studio_7vCd_vqa_yw_853s-1195s.mp4: VAD found 64 speech intervals
2026-08-16 22:56:10,203 SpawnProcess-3 INFO muntenia_itw_Z9Gwe-WLWS4_full.mp4: encoding clip 13/14 (32.600s to 42.600s)
2026-08-16 22:56:11,855 SpawnProcess-15 INFO muntenia_itw_yGAvQgsYIhU_full.mp4: selected 6 clips
2026-08-16 22:56:11,861 SpawnProcess-15 INFO muntenia_itw_yGAvQgsYIhU_full.mp4: encoding clip 1/6 (153.800s to 163.800s)
2026-08-16 22:56:14,649 SpawnProcess-12 INFO muntenia_itw_pFGtwbWqbcE_full.mp4: encoding clip 2/6 (144.400s to 154.400s)
2026-08-16 22:56:18,791 SpawnProcess-5 INFO muntenia_studio_Afr3IAH3O1o_126s-494s.mp4: VAD found 57 speech intervals
2026-08-16 22:56:18,926 SpawnProcess-7 INFO muntenia_studio_-LBYLfFqxtw_full.mp4: encoding clip 3/15 (94.800s to 104.800s)
2026-08-16 22:56:24,289 SpawnProcess-4 INFO muntenia_itw_s95oDZGLwzk_full.mp4: encoding clip 4/9 (91.800s to 100.000s)
2026-08-16 22:56:29,181 SpawnProcess-9 INFO muntenia_itw_iJ4q9_k0wOQ_full.mp4: encoding clip 10/10 (197.800s to 204.000s)
2026-08-16 22:56:30,219 SpawnProcess-15 INFO muntenia_itw_yGAvQgsYIhU_full.mp4: encoding clip 2/6 (187.400s to 197.400s)
2026-08-16 22:56:31,144 SpawnProcess-7 INFO muntenia_studio_-LBYLfFqxtw_full.mp4: encoding clip 4/15 (75.800s to 85.800s)
2026-08-16 22:56:32,653 SpawnProcess-3 INFO muntenia_itw_Z9Gwe-WLWS4_full.mp4: encoding clip 14/14 (42.600s to 52.600s)
2026-08-16 22:56:38,085 SpawnProcess-12 INFO muntenia_itw_pFGtwbWqbcE_full.mp4: encoding clip 3/6 (91.800s to 101.800s)
2026-08-16 22:56:40,963 SpawnProcess-4 INFO muntenia_itw_s95oDZGLwzk_full.mp4: encoding clip 5/9 (115.800s to 125.800s)
2026-08-16 22:56:42,491 SpawnProcess-7 INFO muntenia_studio_-LBYLfFqxtw_full.mp4: encoding clip 5/15 (20.000s to 30.000s)
2026-08-16 22:56:45,228 SpawnProcess-9 INFO muntenia_itw_iJ4q9_k0wOQ_full.mp4: completed
2026-08-16 22:56:45,245 SpawnProcess-9 INFO Loading detection cache: ../videos_detections/muntenia_studio_BrBOE7F6lSM_0s-364s/detections.json
2026-08-16 22:56:46,102 SpawnProcess-9 INFO muntenia_studio_BrBOE7F6lSM_0s-364s.mp4: duration=364.0s, samples=1820, tracks=1
2026-08-16 22:56:47,462 SpawnProcess-16 INFO muntenia_itw_5E2eZ99C7Ns_0s-300s.mp4: encoding clip 10/15 (220.220s to 227.027s)
2026-08-16 22:56:48,409 SpawnProcess-15 INFO muntenia_itw_yGAvQgsYIhU_full.mp4: encoding clip 3/6 (48.800s to 54.600s)
2026-08-16 22:56:53,776 SpawnProcess-3 INFO muntenia_itw_Z9Gwe-WLWS4_full.mp4: completed
2026-08-16 22:56:53,786 SpawnProcess-3 INFO Loading detection cache: ../videos_detections/muntenia_studio_ByUq0v8GFxg_full/detections.json
2026-08-16 22:56:54,377 SpawnProcess-7 INFO muntenia_studio_-LBYLfFqxtw_full.mp4: encoding clip 6/15 (154.800s to 162.000s)
2026-08-16 22:56:54,388 SpawnProcess-3 INFO muntenia_studio_ByUq0v8GFxg_full.mp4: duration=122.0s, samples=610, tracks=2
2026-08-16 22:56:57,010 SpawnProcess-9 INFO muntenia_studio_BrBOE7F6lSM_0s-364s.mp4: VAD found 82 speech intervals
2026-08-16 22:56:57,200 SpawnProcess-3 INFO muntenia_studio_ByUq0v8GFxg_full.mp4: VAD found 9 speech intervals
2026-08-16 22:57:00,841 SpawnProcess-4 INFO muntenia_itw_s95oDZGLwzk_full.mp4: encoding clip 6/9 (62.800s to 71.000s)
2026-08-16 22:57:01,079 SpawnProcess-15 INFO muntenia_itw_yGAvQgsYIhU_full.mp4: encoding clip 4/6 (167.800s to 174.800s)
2026-08-16 22:57:01,090 SpawnProcess-12 INFO muntenia_itw_pFGtwbWqbcE_full.mp4: encoding clip 4/6 (156.600s to 161.600s)
2026-08-16 22:57:02,022 SpawnProcess-8 INFO muntenia_studio_1pb9MZb-Gk8_full.mp4: selected 4 clips
2026-08-16 22:57:02,036 SpawnProcess-8 INFO muntenia_studio_1pb9MZb-Gk8_full.mp4: encoding clip 1/4 (91.800s to 101.800s)
2026-08-16 22:57:03,982 SpawnProcess-7 INFO muntenia_studio_-LBYLfFqxtw_full.mp4: encoding clip 7/15 (190.800s to 200.200s)
2026-08-16 22:57:13,395 SpawnProcess-12 INFO muntenia_itw_pFGtwbWqbcE_full.mp4: encoding clip 5/6 (127.200s to 137.200s)
2026-08-16 22:57:16,015 SpawnProcess-7 INFO muntenia_studio_-LBYLfFqxtw_full.mp4: encoding clip 8/15 (30.000s to 40.000s)
2026-08-16 22:57:16,148 SpawnProcess-15 INFO muntenia_itw_yGAvQgsYIhU_full.mp4: encoding clip 5/6 (29.000s to 37.800s)
2026-08-16 22:57:18,696 SpawnProcess-4 INFO muntenia_itw_s95oDZGLwzk_full.mp4: encoding clip 7/9 (77.200s to 85.200s)
2026-08-16 22:57:23,444 SpawnProcess-16 INFO muntenia_itw_5E2eZ99C7Ns_0s-300s.mp4: encoding clip 11/15 (23.624s to 28.629s)
2026-08-16 22:57:26,074 SpawnProcess-7 INFO muntenia_studio_-LBYLfFqxtw_full.mp4: encoding clip 9/15 (114.800s to 124.800s)
2026-08-16 22:57:27,335 SpawnProcess-8 INFO muntenia_studio_1pb9MZb-Gk8_full.mp4: encoding clip 2/4 (53.800s to 60.000s)
2026-08-16 22:57:31,662 SpawnProcess-13 INFO muntenia_studio_0H_jKNtoAuA_0s-367s.mp4: selected 10 clips
2026-08-16 22:57:31,684 SpawnProcess-13 INFO muntenia_studio_0H_jKNtoAuA_0s-367s.mp4: encoding clip 1/10 (180.180s to 186.011s)
2026-08-16 22:57:33,914 SpawnProcess-12 INFO muntenia_itw_pFGtwbWqbcE_full.mp4: encoding clip 6/6 (75.800s to 82.000s)
2026-08-16 22:57:35,003 SpawnProcess-4 INFO muntenia_itw_s95oDZGLwzk_full.mp4: encoding clip 8/9 (22.000s to 32.000s)
2026-08-16 22:57:35,164 SpawnProcess-15 INFO muntenia_itw_yGAvQgsYIhU_full.mp4: encoding clip 6/6 (178.000s to 183.800s)
2026-08-16 22:57:38,913 SpawnProcess-7 INFO muntenia_studio_-LBYLfFqxtw_full.mp4: encoding clip 10/15 (211.800s to 221.800s)
2026-08-16 22:57:39,603 SpawnProcess-13 INFO muntenia_studio_0H_jKNtoAuA_0s-367s.mp4: encoding clip 2/10 (287.579s to 297.163s)
2026-08-16 22:57:44,470 SpawnProcess-8 INFO muntenia_studio_1pb9MZb-Gk8_full.mp4: encoding clip 3/4 (81.800s to 88.000s)
2026-08-16 22:57:50,704 SpawnProcess-15 INFO muntenia_itw_yGAvQgsYIhU_full.mp4: completed
2026-08-16 22:57:50,713 SpawnProcess-15 INFO Loading detection cache: ../videos_detections/muntenia_studio_DXZA7qiG7Cc_25s-199s/detections.json
2026-08-16 22:57:51,160 SpawnProcess-7 INFO muntenia_studio_-LBYLfFqxtw_full.mp4: encoding clip 11/15 (124.800s to 134.800s)
2026-08-16 22:57:51,416 SpawnProcess-15 INFO muntenia_studio_DXZA7qiG7Cc_25s-199s.mp4: duration=174.2s, samples=871, tracks=354
2026-08-16 22:57:52,279 SpawnProcess-13 INFO muntenia_studio_0H_jKNtoAuA_0s-367s.mp4: encoding clip 3/10 (69.653s to 79.446s)
2026-08-16 22:57:52,655 SpawnProcess-12 INFO muntenia_itw_pFGtwbWqbcE_full.mp4: completed
2026-08-16 22:57:52,665 SpawnProcess-12 INFO Loading detection cache: ../videos_detections/muntenia_studio_DuoR9Ao_Eno_full/detections.json
2026-08-16 22:57:53,201 SpawnProcess-12 INFO muntenia_studio_DuoR9Ao_Eno_full.mp4: duration=137.2s, samples=686, tracks=5
2026-08-16 22:57:53,492 SpawnProcess-16 INFO muntenia_itw_5E2eZ99C7Ns_0s-300s.mp4: encoding clip 12/15 (89.890s to 94.895s)
2026-08-16 22:57:53,671 SpawnProcess-4 INFO muntenia_itw_s95oDZGLwzk_full.mp4: encoding clip 9/9 (44.400s to 54.400s)
2026-08-16 22:57:56,120 SpawnProcess-15 INFO muntenia_studio_DXZA7qiG7Cc_25s-199s.mp4: VAD found 8 speech intervals
2026-08-16 22:57:57,559 SpawnProcess-12 INFO muntenia_studio_DuoR9Ao_Eno_full.mp4: VAD found 11 speech intervals
2026-08-16 22:58:00,551 SpawnProcess-8 INFO muntenia_studio_1pb9MZb-Gk8_full.mp4: encoding clip 4/4 (65.600s to 75.600s)
2026-08-16 22:58:01,735 SpawnProcess-7 INFO muntenia_studio_-LBYLfFqxtw_full.mp4: encoding clip 12/15 (201.800s to 211.800s)
2026-08-16 22:58:03,106 SpawnProcess-13 INFO muntenia_studio_0H_jKNtoAuA_0s-367s.mp4: encoding clip 4/10 (213.130s to 221.046s)
2026-08-16 22:58:12,091 SpawnProcess-4 INFO muntenia_itw_s95oDZGLwzk_full.mp4: completed
2026-08-16 22:58:12,098 SpawnProcess-4 INFO Loading detection cache: ../videos_detections/muntenia_studio_FCgMQ_fIeC0_0s-240s/detections.json
2026-08-16 22:58:12,155 SpawnProcess-7 INFO muntenia_studio_-LBYLfFqxtw_full.mp4: encoding clip 13/15 (10.000s to 20.000s)
2026-08-16 22:58:12,589 SpawnProcess-4 INFO muntenia_studio_FCgMQ_fIeC0_0s-240s.mp4: duration=240.0s, samples=1201, tracks=86
2026-08-16 22:58:15,023 SpawnProcess-13 INFO muntenia_studio_0H_jKNtoAuA_0s-367s.mp4: encoding clip 5/10 (90.090s to 95.921s)
2026-08-16 22:58:17,939 SpawnProcess-4 INFO muntenia_studio_FCgMQ_fIeC0_0s-240s.mp4: VAD found 9 speech intervals
2026-08-16 22:58:21,218 SpawnProcess-7 INFO muntenia_studio_-LBYLfFqxtw_full.mp4: encoding clip 14/15 (104.800s to 114.800s)
2026-08-16 22:58:22,924 SpawnProcess-16 INFO muntenia_itw_5E2eZ99C7Ns_0s-300s.mp4: encoding clip 13/15 (262.863s to 271.471s)
2026-08-16 22:58:24,304 SpawnProcess-13 INFO muntenia_studio_0H_jKNtoAuA_0s-367s.mp4: encoding clip 6/10 (329.496s to 338.872s)
2026-08-16 22:58:24,405 SpawnProcess-8 INFO muntenia_studio_1pb9MZb-Gk8_full.mp4: completed
2026-08-16 22:58:24,419 SpawnProcess-8 INFO Loading detection cache: ../videos_detections/muntenia_studio_FCgMQ_fIeC0_241s-540s/detections.json
2026-08-16 22:58:25,640 SpawnProcess-8 INFO muntenia_studio_FCgMQ_fIeC0_241s-540s.mp4: duration=299.0s, samples=1496, tracks=13
2026-08-16 22:58:31,269 SpawnProcess-7 INFO muntenia_studio_-LBYLfFqxtw_full.mp4: encoding clip 15/15 (40.000s to 50.000s)
2026-08-16 22:58:33,283 SpawnProcess-8 INFO muntenia_studio_FCgMQ_fIeC0_241s-540s.mp4: VAD found 57 speech intervals
2026-08-16 22:58:36,354 SpawnProcess-13 INFO muntenia_studio_0H_jKNtoAuA_0s-367s.mp4: encoding clip 7/10 (117.826s to 127.826s)
2026-08-16 22:58:39,473 SpawnProcess-14 INFO muntenia_studio_5Id-Q-wonU0_87s-441s.mp4: selected 10 clips
2026-08-16 22:58:39,480 SpawnProcess-14 INFO muntenia_studio_5Id-Q-wonU0_87s-441s.mp4: encoding clip 1/10 (79.600s to 89.600s)
2026-08-16 22:58:42,028 SpawnProcess-7 INFO muntenia_studio_-LBYLfFqxtw_full.mp4: completed
2026-08-16 22:58:42,041 SpawnProcess-7 INFO Loading detection cache: ../videos_detections/muntenia_studio_FQ92EEvnKPA_148s-499s/detections.json
2026-08-16 22:58:42,999 SpawnProcess-7 INFO muntenia_studio_FQ92EEvnKPA_148s-499s.mp4: duration=351.2s, samples=1756, tracks=24
2026-08-16 22:58:43,761 SpawnProcess-10 INFO muntenia_studio_7emqY87TaR8_0s-230s.mp4: selected 9 clips
2026-08-16 22:58:43,776 SpawnProcess-10 INFO muntenia_studio_7emqY87TaR8_0s-230s.mp4: encoding clip 1/9 (193.000s to 199.000s)
2026-08-16 22:58:44,258 SpawnProcess-6 INFO muntenia_studio_5mFv4KIutzI_0s-317s.mp4: selected 15 clips
2026-08-16 22:58:44,264 SpawnProcess-6 INFO muntenia_studio_5mFv4KIutzI_0s-317s.mp4: encoding clip 1/15 (160.200s to 170.200s)
2026-08-16 22:58:49,000 SpawnProcess-14 INFO muntenia_studio_5Id-Q-wonU0_87s-441s.mp4: encoding clip 2/10 (18.600s to 28.600s)
2026-08-16 22:58:50,974 SpawnProcess-13 INFO muntenia_studio_0H_jKNtoAuA_0s-367s.mp4: encoding clip 8/10 (96.763s to 106.763s)
2026-08-16 22:58:51,331 SpawnProcess-7 INFO muntenia_studio_FQ92EEvnKPA_148s-499s.mp4: VAD found 19 speech intervals
2026-08-16 22:58:54,186 SpawnProcess-6 INFO muntenia_studio_5mFv4KIutzI_0s-317s.mp4: encoding clip 2/15 (68.800s to 78.800s)
2026-08-16 22:58:54,363 SpawnProcess-10 INFO muntenia_studio_7emqY87TaR8_0s-230s.mp4: encoding clip 2/9 (157.800s to 167.200s)
2026-08-16 22:58:58,606 SpawnProcess-14 INFO muntenia_studio_5Id-Q-wonU0_87s-441s.mp4: encoding clip 3/10 (328.400s to 338.400s)
2026-08-16 22:59:06,147 SpawnProcess-6 INFO muntenia_studio_5mFv4KIutzI_0s-317s.mp4: encoding clip 3/15 (227.400s to 237.400s)
2026-08-16 22:59:06,593 SpawnProcess-13 INFO muntenia_studio_0H_jKNtoAuA_0s-367s.mp4: encoding clip 9/10 (320.946s to 328.445s)
2026-08-16 22:59:11,191 SpawnProcess-14 INFO muntenia_studio_5Id-Q-wonU0_87s-441s.mp4: encoding clip 4/10 (121.800s to 131.800s)
2026-08-16 22:59:11,198 SpawnProcess-16 INFO muntenia_itw_5E2eZ99C7Ns_0s-300s.mp4: encoding clip 14/15 (247.247s to 257.247s)
2026-08-16 22:59:11,829 SpawnProcess-10 INFO muntenia_studio_7emqY87TaR8_0s-230s.mp4: encoding clip 3/9 (77.400s to 87.400s)
2026-08-16 22:59:16,571 SpawnProcess-13 INFO muntenia_studio_0H_jKNtoAuA_0s-367s.mp4: encoding clip 10/10 (42.334s to 47.956s)
2026-08-16 22:59:17,733 SpawnProcess-6 INFO muntenia_studio_5mFv4KIutzI_0s-317s.mp4: encoding clip 4/15 (27.800s to 37.800s)
2026-08-16 22:59:25,040 SpawnProcess-14 INFO muntenia_studio_5Id-Q-wonU0_87s-441s.mp4: encoding clip 5/10 (0.200s to 7.400s)
2026-08-16 22:59:27,722 SpawnProcess-13 INFO muntenia_studio_0H_jKNtoAuA_0s-367s.mp4: completed
2026-08-16 22:59:27,731 SpawnProcess-13 INFO Loading detection cache: ../videos_detections/muntenia_studio_HnkeukG5y2s_475s-1138s/detections.json
2026-08-16 22:59:28,400 SpawnProcess-13 INFO muntenia_studio_HnkeukG5y2s_475s-1138s.mp4: duration=663.1s, samples=3316, tracks=38
2026-08-16 22:59:29,243 SpawnProcess-10 INFO muntenia_studio_7emqY87TaR8_0s-230s.mp4: encoding clip 4/9 (91.200s to 99.600s)
2026-08-16 22:59:31,181 SpawnProcess-6 INFO muntenia_studio_5mFv4KIutzI_0s-317s.mp4: encoding clip 5/15 (88.800s to 98.800s)
2026-08-16 22:59:34,991 SpawnProcess-14 INFO muntenia_studio_5Id-Q-wonU0_87s-441s.mp4: encoding clip 6/10 (28.600s to 38.600s)
2026-08-16 22:59:39,415 SpawnProcess-3 INFO muntenia_studio_ByUq0v8GFxg_full.mp4: selected 11 clips
2026-08-16 22:59:39,427 SpawnProcess-3 INFO muntenia_studio_ByUq0v8GFxg_full.mp4: encoding clip 1/11 (61.800s to 71.800s)
2026-08-16 22:59:43,805 SpawnProcess-6 INFO muntenia_studio_5mFv4KIutzI_0s-317s.mp4: encoding clip 6/15 (58.800s to 68.800s)
2026-08-16 22:59:45,170 SpawnProcess-10 INFO muntenia_studio_7emqY87TaR8_0s-230s.mp4: encoding clip 5/9 (12.200s to 21.000s)
2026-08-16 22:59:46,707 SpawnProcess-13 INFO muntenia_studio_HnkeukG5y2s_475s-1138s.mp4: VAD found 81 speech intervals
2026-08-16 22:59:47,705 SpawnProcess-14 INFO muntenia_studio_5Id-Q-wonU0_87s-441s.mp4: encoding clip 7/10 (89.600s to 94.800s)
2026-08-16 22:59:54,715 SpawnProcess-15 INFO muntenia_studio_DXZA7qiG7Cc_25s-199s.mp4: selected 10 clips
2026-08-16 22:59:54,719 SpawnProcess-15 INFO muntenia_studio_DXZA7qiG7Cc_25s-199s.mp4: encoding clip 1/10 (40.000s to 50.000s)
2026-08-16 22:59:55,278 SpawnProcess-6 INFO muntenia_studio_5mFv4KIutzI_0s-317s.mp4: encoding clip 7/15 (177.400s to 187.400s)
2026-08-16 22:59:57,748 SpawnProcess-14 INFO muntenia_studio_5Id-Q-wonU0_87s-441s.mp4: encoding clip 8/10 (199.800s to 209.800s)
2026-08-16 22:59:58,271 SpawnProcess-10 INFO muntenia_studio_7emqY87TaR8_0s-230s.mp4: encoding clip 6/9 (200.600s to 208.000s)
2026-08-16 23:00:03,059 SpawnProcess-16 INFO muntenia_itw_5E2eZ99C7Ns_0s-300s.mp4: encoding clip 15/15 (112.112s to 122.112s)
2026-08-16 23:00:04,023 SpawnProcess-3 INFO muntenia_studio_ByUq0v8GFxg_full.mp4: encoding clip 2/11 (5.000s to 14.000s)
2026-08-16 23:00:06,103 SpawnProcess-6 INFO muntenia_studio_5mFv4KIutzI_0s-317s.mp4: encoding clip 8/15 (237.400s to 247.400s)
2026-08-16 23:00:06,275 SpawnProcess-15 INFO muntenia_studio_DXZA7qiG7Cc_25s-199s.mp4: encoding clip 2/10 (75.800s to 85.800s)
2026-08-16 23:00:09,137 SpawnProcess-10 INFO muntenia_studio_7emqY87TaR8_0s-230s.mp4: encoding clip 7/9 (141.800s to 151.800s)
2026-08-16 23:00:11,125 SpawnProcess-14 INFO muntenia_studio_5Id-Q-wonU0_87s-441s.mp4: encoding clip 9/10 (172.800s to 182.800s)
2026-08-16 23:00:11,806 SpawnProcess-2 INFO muntenia_studio_4VwNq-_r784_50s-356s.mp4: selected 15 clips
2026-08-16 23:00:11,808 SpawnProcess-2 INFO muntenia_studio_4VwNq-_r784_50s-356s.mp4: encoding clip 1/15 (167.200s to 173.000s)
2026-08-16 23:00:19,300 SpawnProcess-6 INFO muntenia_studio_5mFv4KIutzI_0s-317s.mp4: encoding clip 9/15 (257.400s to 267.400s)
2026-08-16 23:00:19,976 SpawnProcess-15 INFO muntenia_studio_DXZA7qiG7Cc_25s-199s.mp4: encoding clip 3/10 (144.800s to 154.800s)
2026-08-16 23:00:25,767 SpawnProcess-14 INFO muntenia_studio_5Id-Q-wonU0_87s-441s.mp4: encoding clip 10/10 (319.800s to 327.400s)
2026-08-16 23:00:26,342 SpawnProcess-2 INFO muntenia_studio_4VwNq-_r784_50s-356s.mp4: encoding clip 2/15 (107.200s to 117.200s)
2026-08-16 23:00:28,626 SpawnProcess-4 INFO muntenia_studio_FCgMQ_fIeC0_0s-240s.mp4: selected 8 clips
2026-08-16 23:00:28,629 SpawnProcess-4 INFO muntenia_studio_FCgMQ_fIeC0_0s-240s.mp4: encoding clip 1/8 (159.200s to 165.000s)
2026-08-16 23:00:28,915 SpawnProcess-10 INFO muntenia_studio_7emqY87TaR8_0s-230s.mp4: encoding clip 8/9 (175.800s to 185.800s)
2026-08-16 23:00:29,571 SpawnProcess-3 INFO muntenia_studio_ByUq0v8GFxg_full.mp4: encoding clip 3/11 (51.800s to 61.800s)
2026-08-16 23:00:32,467 SpawnProcess-6 INFO muntenia_studio_5mFv4KIutzI_0s-317s.mp4: encoding clip 10/15 (247.400s to 257.400s)
2026-08-16 23:00:34,727 SpawnProcess-15 INFO muntenia_studio_DXZA7qiG7Cc_25s-199s.mp4: encoding clip 4/10 (85.800s to 95.800s)
2026-08-16 23:00:35,649 SpawnProcess-11 INFO muntenia_itw_oIokVVAzA20_full.mp4: selected 13 clips
2026-08-16 23:00:35,654 SpawnProcess-11 INFO muntenia_itw_oIokVVAzA20_full.mp4: encoding clip 1/13 (143.800s to 153.800s)
2026-08-16 23:00:36,316 SpawnProcess-14 INFO muntenia_studio_5Id-Q-wonU0_87s-441s.mp4: completed
2026-08-16 23:00:36,325 SpawnProcess-14 INFO Loading detection cache: ../videos_detections/muntenia_studio_IkHYMfXa34k_full/detections.json
2026-08-16 23:00:36,850 SpawnProcess-14 INFO muntenia_studio_IkHYMfXa34k_full.mp4: duration=86.8s, samples=434, tracks=14
2026-08-16 23:00:37,017 SpawnProcess-4 INFO muntenia_studio_FCgMQ_fIeC0_0s-240s.mp4: encoding clip 2/8 (198.200s to 208.200s)
2026-08-16 23:00:38,890 SpawnProcess-14 INFO muntenia_studio_IkHYMfXa34k_full.mp4: VAD found 10 speech intervals
2026-08-16 23:00:44,705 SpawnProcess-10 INFO muntenia_studio_7emqY87TaR8_0s-230s.mp4: encoding clip 9/9 (215.800s to 223.000s)
2026-08-16 23:00:45,744 SpawnProcess-2 INFO muntenia_studio_4VwNq-_r784_50s-356s.mp4: encoding clip 3/15 (48.600s to 56.000s)
2026-08-16 23:00:47,965 SpawnProcess-6 INFO muntenia_studio_5mFv4KIutzI_0s-317s.mp4: encoding clip 11/15 (217.400s to 227.400s)
2026-08-16 23:00:49,565 SpawnProcess-15 INFO muntenia_studio_DXZA7qiG7Cc_25s-199s.mp4: encoding clip 5/10 (154.800s to 164.800s)
2026-08-16 23:00:50,214 SpawnProcess-4 INFO muntenia_studio_FCgMQ_fIeC0_0s-240s.mp4: encoding clip 3/8 (218.200s to 227.400s)
2026-08-16 23:00:55,751 SpawnProcess-3 INFO muntenia_studio_ByUq0v8GFxg_full.mp4: encoding clip 4/11 (41.800s to 51.800s)
2026-08-16 23:00:56,338 SpawnProcess-16 INFO muntenia_itw_5E2eZ99C7Ns_0s-300s.mp4: completed
2026-08-16 23:00:56,356 SpawnProcess-16 INFO Loading detection cache: ../videos_detections/muntenia_studio_Mp7xZXKE3Cc_0s-399s/detections.json
2026-08-16 23:00:56,364 SpawnProcess-10 INFO muntenia_studio_7emqY87TaR8_0s-230s.mp4: completed
2026-08-16 23:00:56,380 SpawnProcess-10 INFO Loading detection cache: ../videos_detections/muntenia_studio_PWyT2eALt0w_full/detections.json
2026-08-16 23:00:57,018 SpawnProcess-10 INFO muntenia_studio_PWyT2eALt0w_full.mp4: duration=147.7s, samples=739, tracks=1
2026-08-16 23:00:57,149 SpawnProcess-16 INFO muntenia_studio_Mp7xZXKE3Cc_0s-399s.mp4: duration=399.0s, samples=1995, tracks=2
2026-08-16 23:00:58,438 SpawnProcess-2 INFO muntenia_studio_4VwNq-_r784_50s-356s.mp4: encoding clip 4/15 (15.400s to 25.400s)
2026-08-16 23:00:59,283 SpawnProcess-6 INFO muntenia_studio_5mFv4KIutzI_0s-317s.mp4: encoding clip 12/15 (108.800s to 118.800s)
2026-08-16 23:01:00,014 SpawnProcess-11 INFO muntenia_itw_oIokVVAzA20_full.mp4: encoding clip 2/13 (172.200s to 182.200s)
2026-08-16 23:01:00,416 SpawnProcess-12 INFO muntenia_studio_DuoR9Ao_Eno_full.mp4: selected 13 clips
2026-08-16 23:01:00,422 SpawnProcess-12 INFO muntenia_studio_DuoR9Ao_Eno_full.mp4: encoding clip 1/13 (57.800s to 64.000s)
2026-08-16 23:01:00,682 SpawnProcess-10 INFO muntenia_studio_PWyT2eALt0w_full.mp4: VAD found 6 speech intervals
2026-08-16 23:01:03,508 SpawnProcess-15 INFO muntenia_studio_DXZA7qiG7Cc_25s-199s.mp4: encoding clip 6/10 (134.800s to 144.800s)
2026-08-16 23:01:04,910 SpawnProcess-4 INFO muntenia_studio_FCgMQ_fIeC0_0s-240s.mp4: encoding clip 4/8 (228.800s to 238.800s)
2026-08-16 23:01:07,478 SpawnProcess-16 INFO muntenia_studio_Mp7xZXKE3Cc_0s-399s.mp4: VAD found 93 speech intervals
2026-08-16 23:01:12,260 SpawnProcess-6 INFO muntenia_studio_5mFv4KIutzI_0s-317s.mp4: encoding clip 13/15 (207.400s to 217.400s)
2026-08-16 23:01:14,207 SpawnProcess-15 INFO muntenia_studio_DXZA7qiG7Cc_25s-199s.mp4: encoding clip 7/10 (10.000s to 20.000s)
2026-08-16 23:01:17,267 SpawnProcess-2 INFO muntenia_studio_4VwNq-_r784_50s-356s.mp4: encoding clip 5/15 (57.200s to 67.200s)
2026-08-16 23:01:17,734 SpawnProcess-12 INFO muntenia_studio_DuoR9Ao_Eno_full.mp4: encoding clip 2/13 (29.200s to 36.000s)
2026-08-16 23:01:19,191 SpawnProcess-4 INFO muntenia_studio_FCgMQ_fIeC0_0s-240s.mp4: encoding clip 5/8 (166.400s to 176.400s)
2026-08-16 23:01:24,497 SpawnProcess-3 INFO muntenia_studio_ByUq0v8GFxg_full.mp4: encoding clip 5/11 (87.800s to 97.800s)
2026-08-16 23:01:25,734 SpawnProcess-6 INFO muntenia_studio_5mFv4KIutzI_0s-317s.mp4: encoding clip 14/15 (78.800s to 88.800s)
2026-08-16 23:01:27,536 SpawnProcess-15 INFO muntenia_studio_DXZA7qiG7Cc_25s-199s.mp4: encoding clip 8/10 (20.000s to 30.000s)
2026-08-16 23:01:29,397 SpawnProcess-14 INFO muntenia_studio_IkHYMfXa34k_full.mp4: selected 2 clips
2026-08-16 23:01:29,402 SpawnProcess-14 INFO muntenia_studio_IkHYMfXa34k_full.mp4: encoding clip 1/2 (60.600s to 70.600s)
2026-08-16 23:01:30,591 SpawnProcess-4 INFO muntenia_studio_FCgMQ_fIeC0_0s-240s.mp4: encoding clip 6/8 (186.400s to 191.800s)
2026-08-16 23:01:32,562 SpawnProcess-11 INFO muntenia_itw_oIokVVAzA20_full.mp4: encoding clip 3/13 (153.800s to 162.000s)
2026-08-16 23:01:35,431 SpawnProcess-5 INFO muntenia_studio_Afr3IAH3O1o_126s-494s.mp4: selected 15 clips
2026-08-16 23:01:35,439 SpawnProcess-5 INFO muntenia_studio_Afr3IAH3O1o_126s-494s.mp4: encoding clip 1/15 (8.208s to 14.414s)
2026-08-16 23:01:38,315 SpawnProcess-6 INFO muntenia_studio_5mFv4KIutzI_0s-317s.mp4: encoding clip 15/15 (277.400s to 287.400s)
2026-08-16 23:01:39,567 SpawnProcess-2 INFO muntenia_studio_4VwNq-_r784_50s-356s.mp4: encoding clip 6/15 (215.800s to 225.800s)
2026-08-16 23:01:40,870 SpawnProcess-12 INFO muntenia_studio_DuoR9Ao_Eno_full.mp4: encoding clip 3/13 (115.800s to 125.800s)
2026-08-16 23:01:41,401 SpawnProcess-15 INFO muntenia_studio_DXZA7qiG7Cc_25s-199s.mp4: encoding clip 9/10 (30.000s to 40.000s)
2026-08-16 23:01:42,023 SpawnProcess-4 INFO muntenia_studio_FCgMQ_fIeC0_0s-240s.mp4: encoding clip 7/8 (208.200s to 218.200s)
2026-08-16 23:01:45,478 SpawnProcess-14 INFO muntenia_studio_IkHYMfXa34k_full.mp4: encoding clip 2/2 (12.800s to 19.000s)
2026-08-16 23:01:45,753 SpawnProcess-5 INFO muntenia_studio_Afr3IAH3O1o_126s-494s.mp4: encoding clip 2/15 (208.408s to 213.813s)
2026-08-16 23:01:47,366 SpawnProcess-9 INFO muntenia_studio_BrBOE7F6lSM_0s-364s.mp4: selected 15 clips
2026-08-16 23:01:47,381 SpawnProcess-9 INFO muntenia_studio_BrBOE7F6lSM_0s-364s.mp4: encoding clip 1/15 (250.600s to 258.000s)
2026-08-16 23:01:49,216 SpawnProcess-3 INFO muntenia_studio_ByUq0v8GFxg_full.mp4: encoding clip 6/11 (105.800s to 112.400s)
2026-08-16 23:01:50,668 SpawnProcess-6 INFO muntenia_studio_5mFv4KIutzI_0s-317s.mp4: completed
2026-08-16 23:01:50,701 SpawnProcess-6 INFO Loading detection cache: ../videos_detections/muntenia_studio_QxDXAS2v0_k_full/detections.json
2026-08-16 23:01:51,331 SpawnProcess-11 INFO muntenia_itw_oIokVVAzA20_full.mp4: encoding clip 4/13 (57.800s to 66.400s)
2026-08-16 23:01:51,334 SpawnProcess-6 INFO muntenia_studio_QxDXAS2v0_k_full.mp4: duration=109.1s, samples=546, tracks=4
2026-08-16 23:01:54,765 SpawnProcess-15 INFO muntenia_studio_DXZA7qiG7Cc_25s-199s.mp4: encoding clip 10/10 (0.000s to 10.000s)
2026-08-16 23:01:55,041 SpawnProcess-5 INFO muntenia_studio_Afr3IAH3O1o_126s-494s.mp4: encoding clip 3/15 (142.743s to 147.748s)
2026-08-16 23:01:55,295 SpawnProcess-6 INFO muntenia_studio_QxDXAS2v0_k_full.mp4: VAD found 3 speech intervals
2026-08-16 23:01:56,841 SpawnProcess-14 INFO muntenia_studio_IkHYMfXa34k_full.mp4: completed
2026-08-16 23:01:56,847 SpawnProcess-14 INFO Loading detection cache: ../videos_detections/muntenia_studio_TlJeSiAhaQs_160s-470s/detections.json
2026-08-16 23:01:56,867 SpawnProcess-2 INFO muntenia_studio_4VwNq-_r784_50s-356s.mp4: encoding clip 7/15 (25.400s to 35.400s)
2026-08-16 23:01:57,060 SpawnProcess-9 INFO muntenia_studio_BrBOE7F6lSM_0s-364s.mp4: encoding clip 2/15 (263.200s to 273.200s)
2026-08-16 23:01:57,212 SpawnProcess-4 INFO muntenia_studio_FCgMQ_fIeC0_0s-240s.mp4: encoding clip 8/8 (176.400s to 186.400s)
2026-08-16 23:01:57,406 SpawnProcess-14 INFO muntenia_studio_TlJeSiAhaQs_160s-470s.mp4: duration=310.1s, samples=1551, tracks=26
2026-08-16 23:02:04,599 SpawnProcess-5 INFO muntenia_studio_Afr3IAH3O1o_126s-494s.mp4: encoding clip 4/15 (181.181s to 188.588s)
2026-08-16 23:02:05,284 SpawnProcess-14 INFO muntenia_studio_TlJeSiAhaQs_160s-470s.mp4: VAD found 15 speech intervals
2026-08-16 23:02:06,057 SpawnProcess-15 INFO muntenia_studio_DXZA7qiG7Cc_25s-199s.mp4: completed
2026-08-16 23:02:06,087 SpawnProcess-15 INFO Loading detection cache: ../videos_detections/muntenia_studio_U3BaX28PKUY_133s-393s/detections.json
2026-08-16 23:02:06,727 SpawnProcess-15 INFO muntenia_studio_U3BaX28PKUY_133s-393s.mp4: duration=260.2s, samples=1301, tracks=20
2026-08-16 23:02:09,419 SpawnProcess-3 INFO muntenia_studio_ByUq0v8GFxg_full.mp4: encoding clip 7/11 (23.800s to 32.000s)
2026-08-16 23:02:09,593 SpawnProcess-4 INFO muntenia_studio_FCgMQ_fIeC0_0s-240s.mp4: completed
2026-08-16 23:02:09,612 SpawnProcess-4 INFO Loading detection cache: ../videos_detections/muntenia_studio_UXJYmkX3loc_full/detections.json
2026-08-16 23:02:10,291 SpawnProcess-4 INFO muntenia_studio_UXJYmkX3loc_full.mp4: duration=394.7s, samples=1974, tracks=2
2026-08-16 23:02:10,429 SpawnProcess-12 INFO muntenia_studio_DuoR9Ao_Eno_full.mp4: encoding clip 4/13 (79.400s to 86.000s)
2026-08-16 23:02:10,829 SpawnProcess-2 INFO muntenia_studio_4VwNq-_r784_50s-356s.mp4: encoding clip 8/15 (117.200s to 127.200s)
2026-08-16 23:02:12,163 SpawnProcess-9 INFO muntenia_studio_BrBOE7F6lSM_0s-364s.mp4: encoding clip 3/15 (283.200s to 292.000s)
2026-08-16 23:02:12,696 SpawnProcess-15 INFO muntenia_studio_U3BaX28PKUY_133s-393s.mp4: VAD found 40 speech intervals
2026-08-16 23:02:13,912 SpawnProcess-11 INFO muntenia_itw_oIokVVAzA20_full.mp4: encoding clip 5/13 (220.000s to 230.000s)
2026-08-16 23:02:15,908 SpawnProcess-5 INFO muntenia_studio_Afr3IAH3O1o_126s-494s.mp4: encoding clip 5/15 (354.154s to 359.159s)
2026-08-16 23:02:18,796 SpawnProcess-4 INFO muntenia_studio_UXJYmkX3loc_full.mp4: VAD found 33 speech intervals
2026-08-16 23:02:23,245 SpawnProcess-9 INFO muntenia_studio_BrBOE7F6lSM_0s-364s.mp4: encoding clip 4/15 (119.000s to 129.000s)
2026-08-16 23:02:24,871 SpawnProcess-2 INFO muntenia_studio_4VwNq-_r784_50s-356s.mp4: encoding clip 9/15 (97.200s to 107.200s)
2026-08-16 23:02:26,245 SpawnProcess-5 INFO muntenia_studio_Afr3IAH3O1o_126s-494s.mp4: encoding clip 6/15 (196.797s to 206.797s)
2026-08-16 23:02:29,138 SpawnProcess-12 INFO muntenia_studio_DuoR9Ao_Eno_full.mp4: encoding clip 5/13 (9.800s to 16.800s)
2026-08-16 23:02:32,292 SpawnProcess-3 INFO muntenia_studio_ByUq0v8GFxg_full.mp4: encoding clip 8/11 (33.000s to 40.200s)
2026-08-16 23:02:34,475 SpawnProcess-11 INFO muntenia_itw_oIokVVAzA20_full.mp4: encoding clip 6/13 (163.000s to 171.000s)
2026-08-16 23:02:35,108 SpawnProcess-9 INFO muntenia_studio_BrBOE7F6lSM_0s-364s.mp4: encoding clip 5/15 (13.800s to 23.800s)
2026-08-16 23:02:38,055 SpawnProcess-2 INFO muntenia_studio_4VwNq-_r784_50s-356s.mp4: encoding clip 10/15 (157.200s to 167.200s)
2026-08-16 23:02:39,416 SpawnProcess-7 INFO muntenia_studio_FQ92EEvnKPA_148s-499s.mp4: selected 15 clips
2026-08-16 23:02:39,417 SpawnProcess-7 INFO muntenia_studio_FQ92EEvnKPA_148s-499s.mp4: encoding clip 1/15 (65.400s to 71.000s)
2026-08-16 23:02:40,112 SpawnProcess-5 INFO muntenia_studio_Afr3IAH3O1o_126s-494s.mp4: encoding clip 7/15 (250.040s to 260.040s)
2026-08-16 23:02:44,526 SpawnProcess-8 INFO muntenia_studio_FCgMQ_fIeC0_241s-540s.mp4: selected 15 clips
2026-08-16 23:02:44,530 SpawnProcess-8 INFO muntenia_studio_FCgMQ_fIeC0_241s-540s.mp4: encoding clip 1/15 (65.600s to 72.400s)
2026-08-16 23:02:47,285 SpawnProcess-12 INFO muntenia_studio_DuoR9Ao_Eno_full.mp4: encoding clip 6/13 (19.200s to 29.200s)
2026-08-16 23:02:48,043 SpawnProcess-9 INFO muntenia_studio_BrBOE7F6lSM_0s-364s.mp4: encoding clip 6/15 (148.800s to 158.800s)
2026-08-16 23:02:48,396 SpawnProcess-7 INFO muntenia_studio_FQ92EEvnKPA_148s-499s.mp4: encoding clip 2/15 (315.400s to 325.400s)
2026-08-16 23:02:49,232 SpawnProcess-3 INFO muntenia_studio_ByUq0v8GFxg_full.mp4: encoding clip 9/11 (71.800s to 81.800s)
2026-08-16 23:02:53,366 SpawnProcess-11 INFO muntenia_itw_oIokVVAzA20_full.mp4: encoding clip 7/13 (119.800s to 129.800s)
2026-08-16 23:02:54,509 SpawnProcess-5 INFO muntenia_studio_Afr3IAH3O1o_126s-494s.mp4: encoding clip 8/15 (0.200s to 7.207s)
2026-08-16 23:02:54,622 SpawnProcess-8 INFO muntenia_studio_FCgMQ_fIeC0_241s-540s.mp4: encoding clip 2/15 (9.000s to 19.000s)
2026-08-16 23:02:54,712 SpawnProcess-2 INFO muntenia_studio_4VwNq-_r784_50s-356s.mp4: encoding clip 11/15 (35.400s to 45.400s)
2026-08-16 23:03:01,216 SpawnProcess-7 INFO muntenia_studio_FQ92EEvnKPA_148s-499s.mp4: encoding clip 3/15 (189.800s to 199.800s)
2026-08-16 23:03:01,363 SpawnProcess-9 INFO muntenia_studio_BrBOE7F6lSM_0s-364s.mp4: encoding clip 7/15 (85.200s to 93.000s)
2026-08-16 23:03:08,954 SpawnProcess-2 INFO muntenia_studio_4VwNq-_r784_50s-356s.mp4: encoding clip 12/15 (265.800s to 275.800s)
2026-08-16 23:03:09,588 SpawnProcess-5 INFO muntenia_studio_Afr3IAH3O1o_126s-494s.mp4: encoding clip 9/15 (153.754s to 158.759s)
2026-08-16 23:03:10,961 SpawnProcess-8 INFO muntenia_studio_FCgMQ_fIeC0_241s-540s.mp4: encoding clip 3/15 (128.800s to 135.000s)
2026-08-16 23:03:11,517 SpawnProcess-3 INFO muntenia_studio_ByUq0v8GFxg_full.mp4: encoding clip 10/11 (97.800s to 104.200s)
2026-08-16 23:03:11,543 SpawnProcess-12 INFO muntenia_studio_DuoR9Ao_Eno_full.mp4: encoding clip 7/13 (97.000s to 102.000s)
2026-08-16 23:03:12,677 SpawnProcess-9 INFO muntenia_studio_BrBOE7F6lSM_0s-364s.mp4: encoding clip 8/15 (273.200s to 283.200s)
2026-08-16 23:03:14,070 SpawnProcess-7 INFO muntenia_studio_FQ92EEvnKPA_148s-499s.mp4: encoding clip 4/15 (55.400s to 65.400s)
2026-08-16 23:03:18,297 SpawnProcess-5 INFO muntenia_studio_Afr3IAH3O1o_126s-494s.mp4: encoding clip 10/15 (240.040s to 250.040s)
2026-08-16 23:03:19,502 SpawnProcess-11 INFO muntenia_itw_oIokVVAzA20_full.mp4: encoding clip 8/13 (182.200s to 189.600s)
2026-08-16 23:03:20,366 SpawnProcess-8 INFO muntenia_studio_FCgMQ_fIeC0_241s-540s.mp4: encoding clip 4/15 (271.800s to 281.800s)
2026-08-16 23:03:25,572 SpawnProcess-7 INFO muntenia_studio_FQ92EEvnKPA_148s-499s.mp4: encoding clip 5/15 (295.400s to 305.400s)
2026-08-16 23:03:25,827 SpawnProcess-9 INFO muntenia_studio_BrBOE7F6lSM_0s-364s.mp4: encoding clip 9/15 (45.000s to 55.000s)
2026-08-16 23:03:27,604 SpawnProcess-2 INFO muntenia_studio_4VwNq-_r784_50s-356s.mp4: encoding clip 13/15 (195.800s to 205.800s)
2026-08-16 23:03:29,227 SpawnProcess-3 INFO muntenia_studio_ByUq0v8GFxg_full.mp4: encoding clip 11/11 (15.000s to 22.000s)
2026-08-16 23:03:29,844 SpawnProcess-12 INFO muntenia_studio_DuoR9Ao_Eno_full.mp4: encoding clip 8/13 (39.800s to 48.000s)
2026-08-16 23:03:35,458 SpawnProcess-5 INFO muntenia_studio_Afr3IAH3O1o_126s-494s.mp4: encoding clip 11/15 (39.439s to 44.444s)
2026-08-16 23:03:38,096 SpawnProcess-8 INFO muntenia_studio_FCgMQ_fIeC0_241s-540s.mp4: encoding clip 5/15 (29.000s to 39.000s)
2026-08-16 23:03:40,524 SpawnProcess-7 INFO muntenia_studio_FQ92EEvnKPA_148s-499s.mp4: encoding clip 6/15 (78.000s to 88.000s)
2026-08-16 23:03:40,684 SpawnProcess-9 INFO muntenia_studio_BrBOE7F6lSM_0s-364s.mp4: encoding clip 10/15 (105.200s to 112.000s)
2026-08-16 23:03:41,285 SpawnProcess-11 INFO muntenia_itw_oIokVVAzA20_full.mp4: encoding clip 9/13 (99.800s to 109.800s)
2026-08-16 23:03:44,212 SpawnProcess-5 INFO muntenia_studio_Afr3IAH3O1o_126s-494s.mp4: encoding clip 12/15 (15.415s to 21.621s)
2026-08-16 23:03:45,878 SpawnProcess-2 INFO muntenia_studio_4VwNq-_r784_50s-356s.mp4: encoding clip 14/15 (5.400s to 15.400s)
2026-08-16 23:03:50,815 SpawnProcess-10 INFO muntenia_studio_PWyT2eALt0w_full.mp4: selected 4 clips
2026-08-16 23:03:50,819 SpawnProcess-10 INFO muntenia_studio_PWyT2eALt0w_full.mp4: encoding clip 1/4 (119.800s to 129.800s)
2026-08-16 23:03:52,546 SpawnProcess-9 INFO muntenia_studio_BrBOE7F6lSM_0s-364s.mp4: encoding clip 11/15 (95.800s to 102.200s)
2026-08-16 23:03:52,552 SpawnProcess-8 INFO muntenia_studio_FCgMQ_fIeC0_241s-540s.mp4: encoding clip 6/15 (205.200s to 215.200s)
2026-08-16 23:03:53,287 SpawnProcess-7 INFO muntenia_studio_FQ92EEvnKPA_148s-499s.mp4: encoding clip 7/15 (150.000s to 156.600s)
2026-08-16 23:03:54,458 SpawnProcess-12 INFO muntenia_studio_DuoR9Ao_Eno_full.mp4: encoding clip 9/13 (87.800s to 93.400s)
2026-08-16 23:03:56,393 SpawnProcess-3 INFO muntenia_studio_ByUq0v8GFxg_full.mp4: completed
2026-08-16 23:03:56,403 SpawnProcess-3 INFO Loading detection cache: ../videos_detections/muntenia_studio_VEgn4uCR6kQ_full/detections.json
2026-08-16 23:03:56,513 SpawnProcess-6 INFO muntenia_studio_QxDXAS2v0_k_full.mp4: selected 5 clips
2026-08-16 23:03:56,518 SpawnProcess-6 INFO muntenia_studio_QxDXAS2v0_k_full.mp4: encoding clip 1/5 (89.800s to 96.000s)
2026-08-16 23:03:56,960 SpawnProcess-3 INFO muntenia_studio_VEgn4uCR6kQ_full.mp4: duration=326.0s, samples=1631, tracks=306
2026-08-16 23:03:58,012 SpawnProcess-5 INFO muntenia_studio_Afr3IAH3O1o_126s-494s.mp4: encoding clip 13/15 (165.766s to 172.973s)
2026-08-16 23:04:02,441 SpawnProcess-7 INFO muntenia_studio_FQ92EEvnKPA_148s-499s.mp4: encoding clip 8/15 (325.400s to 335.400s)
2026-08-16 23:04:04,867 SpawnProcess-2 INFO muntenia_studio_4VwNq-_r784_50s-356s.mp4: encoding clip 15/15 (67.200s to 77.200s)
2026-08-16 23:04:06,154 SpawnProcess-3 INFO muntenia_studio_VEgn4uCR6kQ_full.mp4: VAD found 21 speech intervals
2026-08-16 23:04:06,760 SpawnProcess-9 INFO muntenia_studio_BrBOE7F6lSM_0s-364s.mp4: encoding clip 12/15 (324.800s to 334.800s)
2026-08-16 23:04:07,815 SpawnProcess-8 INFO muntenia_studio_FCgMQ_fIeC0_241s-540s.mp4: encoding clip 7/15 (256.800s to 266.800s)
2026-08-16 23:04:09,328 SpawnProcess-11 INFO muntenia_itw_oIokVVAzA20_full.mp4: encoding clip 10/13 (84.400s to 94.200s)
2026-08-16 23:04:10,286 SpawnProcess-12 INFO muntenia_studio_DuoR9Ao_Eno_full.mp4: encoding clip 10/13 (125.800s to 132.000s)
2026-08-16 23:04:11,230 SpawnProcess-1 INFO muntenia_studio_7vCd_vqa_yw_853s-1195s.mp4: selected 6 clips
2026-08-16 23:04:11,232 SpawnProcess-1 INFO muntenia_studio_7vCd_vqa_yw_853s-1195s.mp4: encoding clip 1/6 (91.200s to 99.000s)
2026-08-16 23:04:13,107 SpawnProcess-5 INFO muntenia_studio_Afr3IAH3O1o_126s-494s.mp4: encoding clip 14/15 (226.226s to 236.226s)
2026-08-16 23:04:13,436 SpawnProcess-6 INFO muntenia_studio_QxDXAS2v0_k_full.mp4: encoding clip 2/5 (97.000s to 104.000s)
2026-08-16 23:04:13,732 SpawnProcess-7 INFO muntenia_studio_FQ92EEvnKPA_148s-499s.mp4: encoding clip 9/15 (259.600s to 269.600s)
2026-08-16 23:04:14,648 SpawnProcess-10 INFO muntenia_studio_PWyT2eALt0w_full.mp4: encoding clip 2/4 (129.800s to 137.800s)
2026-08-16 23:04:20,954 SpawnProcess-9 INFO muntenia_studio_BrBOE7F6lSM_0s-364s.mp4: encoding clip 13/15 (65.000s to 75.000s)
2026-08-16 23:04:21,049 SpawnProcess-2 INFO muntenia_studio_4VwNq-_r784_50s-356s.mp4: completed
2026-08-16 23:04:21,074 SpawnProcess-2 INFO Loading detection cache: ../videos_detections/muntenia_studio_VQ-rgNcijdw_13s-180s/detections.json
2026-08-16 23:04:21,444 SpawnProcess-2 INFO muntenia_studio_VQ-rgNcijdw_13s-180s.mp4: duration=167.0s, samples=835, tracks=1
2026-08-16 23:04:23,966 SpawnProcess-8 INFO muntenia_studio_FCgMQ_fIeC0_241s-540s.mp4: encoding clip 8/15 (158.800s to 168.800s)
2026-08-16 23:04:25,175 SpawnProcess-1 INFO muntenia_studio_7vCd_vqa_yw_853s-1195s.mp4: encoding clip 2/6 (277.800s to 285.800s)
2026-08-16 23:04:25,890 SpawnProcess-2 INFO muntenia_studio_VQ-rgNcijdw_13s-180s.mp4: VAD found 21 speech intervals
2026-08-16 23:04:29,991 SpawnProcess-12 INFO muntenia_studio_DuoR9Ao_Eno_full.mp4: encoding clip 11/13 (105.800s to 115.800s)
2026-08-16 23:04:30,570 SpawnProcess-7 INFO muntenia_studio_FQ92EEvnKPA_148s-499s.mp4: encoding clip 10/15 (249.600s to 259.600s)
2026-08-16 23:04:32,558 SpawnProcess-6 INFO muntenia_studio_QxDXAS2v0_k_full.mp4: encoding clip 3/5 (54.000s to 64.000s)
2026-08-16 23:04:33,862 SpawnProcess-5 INFO muntenia_studio_Afr3IAH3O1o_126s-494s.mp4: encoding clip 15/15 (106.506s to 111.511s)
2026-08-16 23:04:35,011 SpawnProcess-11 INFO muntenia_itw_oIokVVAzA20_full.mp4: encoding clip 11/13 (203.400s to 209.200s)
2026-08-16 23:04:36,051 SpawnProcess-10 INFO muntenia_studio_PWyT2eALt0w_full.mp4: encoding clip 3/4 (101.800s to 111.800s)
2026-08-16 23:04:37,105 SpawnProcess-9 INFO muntenia_studio_BrBOE7F6lSM_0s-364s.mp4: encoding clip 14/15 (314.000s to 323.600s)
2026-08-16 23:04:37,542 SpawnProcess-1 INFO muntenia_studio_7vCd_vqa_yw_853s-1195s.mp4: encoding clip 3/6 (34.000s to 44.000s)
2026-08-16 23:04:38,932 SpawnProcess-8 INFO muntenia_studio_FCgMQ_fIeC0_241s-540s.mp4: encoding clip 9/15 (19.000s to 29.000s)
2026-08-16 23:04:40,871 SpawnProcess-7 INFO muntenia_studio_FQ92EEvnKPA_148s-499s.mp4: encoding clip 11/15 (199.800s to 209.800s)
2026-08-16 23:04:44,322 SpawnProcess-5 INFO muntenia_studio_Afr3IAH3O1o_126s-494s.mp4: completed
2026-08-16 23:04:44,332 SpawnProcess-5 INFO Loading detection cache: ../videos_detections/muntenia_studio_Y-456XfFHog_0s-600s/detections.json
2026-08-16 23:04:44,978 SpawnProcess-5 INFO muntenia_studio_Y-456XfFHog_0s-600s.mp4: duration=600.0s, samples=3000, tracks=69
2026-08-16 23:04:48,820 SpawnProcess-1 INFO muntenia_studio_7vCd_vqa_yw_853s-1195s.mp4: encoding clip 4/6 (223.800s to 230.400s)
2026-08-16 23:04:52,251 SpawnProcess-6 INFO muntenia_studio_QxDXAS2v0_k_full.mp4: encoding clip 4/5 (79.800s to 89.800s)
2026-08-16 23:04:54,080 SpawnProcess-7 INFO muntenia_studio_FQ92EEvnKPA_148s-499s.mp4: encoding clip 12/15 (25.400s to 35.400s)
2026-08-16 23:04:54,531 SpawnProcess-11 INFO muntenia_itw_oIokVVAzA20_full.mp4: encoding clip 12/13 (193.600s to 199.800s)
2026-08-16 23:04:54,963 SpawnProcess-9 INFO muntenia_studio_BrBOE7F6lSM_0s-364s.mp4: encoding clip 15/15 (55.000s to 65.000s)
2026-08-16 23:04:56,250 SpawnProcess-10 INFO muntenia_studio_PWyT2eALt0w_full.mp4: encoding clip 4/4 (111.800s to 118.000s)
2026-08-16 23:04:56,336 SpawnProcess-8 INFO muntenia_studio_FCgMQ_fIeC0_241s-540s.mp4: encoding clip 10/15 (237.800s to 247.800s)
2026-08-16 23:04:56,860 SpawnProcess-12 INFO muntenia_studio_DuoR9Ao_Eno_full.mp4: encoding clip 12/13 (69.400s to 79.400s)
2026-08-16 23:04:58,505 SpawnProcess-1 INFO muntenia_studio_7vCd_vqa_yw_853s-1195s.mp4: encoding clip 5/6 (200.400s to 205.600s)
2026-08-16 23:05:02,111 SpawnProcess-5 INFO muntenia_studio_Y-456XfFHog_0s-600s.mp4: VAD found 69 speech intervals
2026-08-16 23:05:08,061 SpawnProcess-7 INFO muntenia_studio_FQ92EEvnKPA_148s-499s.mp4: encoding clip 13/15 (239.600s to 249.600s)
2026-08-16 23:05:08,368 SpawnProcess-1 INFO muntenia_studio_7vCd_vqa_yw_853s-1195s.mp4: encoding clip 6/6 (21.600s to 28.600s)
2026-08-16 23:05:10,073 SpawnProcess-9 INFO muntenia_studio_BrBOE7F6lSM_0s-364s.mp4: completed
2026-08-16 23:05:10,087 SpawnProcess-9 INFO Loading detection cache: ../videos_detections/muntenia_studio_Y1d9c6ksSxo_926s-1026s/detections.json
2026-08-16 23:05:10,899 SpawnProcess-9 INFO muntenia_studio_Y1d9c6ksSxo_926s-1026s.mp4: duration=100.1s, samples=501, tracks=6
2026-08-16 23:05:11,274 SpawnProcess-15 INFO muntenia_studio_U3BaX28PKUY_133s-393s.mp4: selected 11 clips
2026-08-16 23:05:11,280 SpawnProcess-15 INFO muntenia_studio_U3BaX28PKUY_133s-393s.mp4: encoding clip 1/11 (128.600s to 134.000s)
2026-08-16 23:05:11,723 SpawnProcess-6 INFO muntenia_studio_QxDXAS2v0_k_full.mp4: encoding clip 5/5 (66.600s to 73.200s)
2026-08-16 23:05:12,017 SpawnProcess-8 INFO muntenia_studio_FCgMQ_fIeC0_241s-540s.mp4: encoding clip 11/15 (50.800s to 60.800s)
2026-08-16 23:05:12,863 SpawnProcess-9 INFO muntenia_studio_Y1d9c6ksSxo_926s-1026s.mp4: VAD found 6 speech intervals
2026-08-16 23:05:13,690 SpawnProcess-14 INFO muntenia_studio_TlJeSiAhaQs_160s-470s.mp4: selected 12 clips
2026-08-16 23:05:13,693 SpawnProcess-14 INFO muntenia_studio_TlJeSiAhaQs_160s-470s.mp4: encoding clip 1/12 (148.800s to 155.200s)
2026-08-16 23:05:13,789 SpawnProcess-10 INFO muntenia_studio_PWyT2eALt0w_full.mp4: completed
2026-08-16 23:05:13,811 SpawnProcess-10 INFO Loading detection cache: ../videos_detections/muntenia_studio__z8UmVSwzTk_0s-365s/detections.json
2026-08-16 23:05:14,013 SpawnProcess-11 INFO muntenia_itw_oIokVVAzA20_full.mp4: encoding clip 13/13 (71.200s to 77.400s)
2026-08-16 23:05:14,432 SpawnProcess-10 INFO muntenia_studio__z8UmVSwzTk_0s-365s.mp4: duration=365.1s, samples=1751, tracks=11
2026-08-16 23:05:18,814 SpawnProcess-1 INFO muntenia_studio_7vCd_vqa_yw_853s-1195s.mp4: completed
2026-08-16 23:05:18,923 SpawnProcess-1 INFO Loading detection cache: ../videos_detections/muntenia_studio_augDR0Ku8ec_0s-175s/detections.json
2026-08-16 23:05:19,722 SpawnProcess-1 INFO muntenia_studio_augDR0Ku8ec_0s-175s.mp4: duration=175.0s, samples=875, tracks=15
2026-08-16 23:05:21,412 SpawnProcess-15 INFO muntenia_studio_U3BaX28PKUY_133s-393s.mp4: encoding clip 2/11 (51.400s to 61.400s)
2026-08-16 23:05:21,440 SpawnProcess-7 INFO muntenia_studio_FQ92EEvnKPA_148s-499s.mp4: encoding clip 14/15 (179.800s to 189.800s)
2026-08-16 23:05:22,578 SpawnProcess-14 INFO muntenia_studio_TlJeSiAhaQs_160s-470s.mp4: encoding clip 2/12 (161.000s to 167.800s)
2026-08-16 23:05:23,278 SpawnProcess-1 INFO muntenia_studio_augDR0Ku8ec_0s-175s.mp4: VAD found 14 speech intervals
2026-08-16 23:05:24,062 SpawnProcess-10 INFO muntenia_studio__z8UmVSwzTk_0s-365s.mp4: VAD found 60 speech intervals
2026-08-16 23:05:25,405 SpawnProcess-6 INFO muntenia_studio_QxDXAS2v0_k_full.mp4: completed
2026-08-16 23:05:25,415 SpawnProcess-6 INFO Loading detection cache: ../videos_detections/muntenia_studio_cMn2JcyOEHU_full/detections.json
2026-08-16 23:05:25,550 SpawnProcess-8 INFO muntenia_studio_FCgMQ_fIeC0_241s-540s.mp4: encoding clip 12/15 (247.800s to 254.400s)
2026-08-16 23:05:25,695 SpawnProcess-12 INFO muntenia_studio_DuoR9Ao_Eno_full.mp4: encoding clip 13/13 (49.800s to 56.000s)
2026-08-16 23:05:26,072 SpawnProcess-6 INFO muntenia_studio_cMn2JcyOEHU_full.mp4: duration=85.9s, samples=430, tracks=3
2026-08-16 23:05:29,157 SpawnProcess-6 INFO muntenia_studio_cMn2JcyOEHU_full.mp4: VAD found 3 speech intervals
2026-08-16 23:05:32,050 SpawnProcess-11 INFO muntenia_itw_oIokVVAzA20_full.mp4: completed
2026-08-16 23:05:32,143 SpawnProcess-11 INFO Loading detection cache: ../videos_detections/muntenia_studio_dWtVjgFWfIo_212s-540s/detections.json
2026-08-16 23:05:32,378 SpawnProcess-14 INFO muntenia_studio_TlJeSiAhaQs_160s-470s.mp4: encoding clip 3/12 (74.800s to 84.800s)
2026-08-16 23:05:32,972 SpawnProcess-11 INFO muntenia_studio_dWtVjgFWfIo_212s-540s.mp4: duration=328.1s, samples=1641, tracks=20
2026-08-16 23:05:34,986 SpawnProcess-15 INFO muntenia_studio_U3BaX28PKUY_133s-393s.mp4: encoding clip 3/11 (26.200s to 36.200s)
2026-08-16 23:05:35,515 SpawnProcess-7 INFO muntenia_studio_FQ92EEvnKPA_148s-499s.mp4: encoding clip 15/15 (305.400s to 315.400s)
2026-08-16 23:05:38,125 SpawnProcess-8 INFO muntenia_studio_FCgMQ_fIeC0_241s-540s.mp4: encoding clip 13/15 (178.800s to 188.000s)
2026-08-16 23:05:40,364 SpawnProcess-12 INFO muntenia_studio_DuoR9Ao_Eno_full.mp4: completed
2026-08-16 23:05:40,380 SpawnProcess-12 INFO Loading detection cache: ../videos_detections/muntenia_studio_fREfs3p1BTs_full/detections.json
2026-08-16 23:05:41,147 SpawnProcess-12 INFO muntenia_studio_fREfs3p1BTs_full.mp4: duration=118.1s, samples=591, tracks=6
2026-08-16 23:05:41,401 SpawnProcess-11 INFO muntenia_studio_dWtVjgFWfIo_212s-540s.mp4: VAD found 43 speech intervals
2026-08-16 23:05:43,518 SpawnProcess-14 INFO muntenia_studio_TlJeSiAhaQs_160s-470s.mp4: encoding clip 4/12 (175.800s to 181.000s)
2026-08-16 23:05:45,391 SpawnProcess-7 INFO muntenia_studio_FQ92EEvnKPA_148s-499s.mp4: completed
2026-08-16 23:05:45,415 SpawnProcess-7 INFO Loading detection cache: ../videos_detections/muntenia_studio_ibqc1lkDc0g_73s-358s/detections.json
2026-08-16 23:05:45,504 SpawnProcess-12 INFO muntenia_studio_fREfs3p1BTs_full.mp4: VAD found 7 speech intervals
2026-08-16 23:05:46,115 SpawnProcess-7 INFO muntenia_studio_ibqc1lkDc0g_73s-358s.mp4: duration=285.0s, samples=1426, tracks=24
2026-08-16 23:05:47,453 SpawnProcess-15 INFO muntenia_studio_U3BaX28PKUY_133s-393s.mp4: encoding clip 4/11 (61.400s to 67.800s)
2026-08-16 23:05:49,774 SpawnProcess-14 INFO muntenia_studio_TlJeSiAhaQs_160s-470s.mp4: encoding clip 5/12 (105.600s to 112.000s)
2026-08-16 23:05:50,716 SpawnProcess-8 INFO muntenia_studio_FCgMQ_fIeC0_241s-540s.mp4: encoding clip 14/15 (215.200s to 225.200s)
2026-08-16 23:05:51,932 SpawnProcess-7 INFO muntenia_studio_ibqc1lkDc0g_73s-358s.mp4: VAD found 58 speech intervals
2026-08-16 23:05:55,607 SpawnProcess-15 INFO muntenia_studio_U3BaX28PKUY_133s-393s.mp4: encoding clip 5/11 (165.800s to 175.200s)
2026-08-16 23:05:57,850 SpawnProcess-14 INFO muntenia_studio_TlJeSiAhaQs_160s-470s.mp4: encoding clip 6/12 (32.800s to 41.400s)
2026-08-16 23:06:04,043 SpawnProcess-8 INFO muntenia_studio_FCgMQ_fIeC0_241s-540s.mp4: encoding clip 15/15 (40.800s to 50.800s)
2026-08-16 23:06:07,846 SpawnProcess-15 INFO muntenia_studio_U3BaX28PKUY_133s-393s.mp4: encoding clip 6/11 (155.800s to 165.800s)
2026-08-16 23:06:08,839 SpawnProcess-14 INFO muntenia_studio_TlJeSiAhaQs_160s-470s.mp4: encoding clip 7/12 (127.600s to 137.600s)
2026-08-16 23:06:09,556 SpawnProcess-16 INFO muntenia_studio_Mp7xZXKE3Cc_0s-399s.mp4: selected 15 clips
2026-08-16 23:06:09,558 SpawnProcess-16 INFO muntenia_studio_Mp7xZXKE3Cc_0s-399s.mp4: encoding clip 1/15 (283.000s to 290.000s)
2026-08-16 23:06:14,514 SpawnProcess-8 INFO muntenia_studio_FCgMQ_fIeC0_241s-540s.mp4: completed
2026-08-16 23:06:14,535 SpawnProcess-8 INFO Loading detection cache: ../videos_detections/muntenia_studio_jI34U6w8a6U_full/detections.json
2026-08-16 23:06:15,017 SpawnProcess-8 INFO muntenia_studio_jI34U6w8a6U_full.mp4: duration=122.6s, samples=613, tracks=13
2026-08-16 23:06:18,317 SpawnProcess-8 INFO muntenia_studio_jI34U6w8a6U_full.mp4: VAD found 17 speech intervals
2026-08-16 23:06:19,225 SpawnProcess-16 INFO muntenia_studio_Mp7xZXKE3Cc_0s-399s.mp4: encoding clip 2/15 (217.800s to 227.800s)
2026-08-16 23:06:22,030 SpawnProcess-9 INFO muntenia_studio_Y1d9c6ksSxo_926s-1026s.mp4: selected 5 clips
2026-08-16 23:06:22,038 SpawnProcess-9 INFO muntenia_studio_Y1d9c6ksSxo_926s-1026s.mp4: encoding clip 1/5 (61.000s to 70.200s)
2026-08-16 23:06:22,726 SpawnProcess-15 INFO muntenia_studio_U3BaX28PKUY_133s-393s.mp4: encoding clip 7/11 (118.600s to 128.600s)
2026-08-16 23:06:22,739 SpawnProcess-14 INFO muntenia_studio_TlJeSiAhaQs_160s-470s.mp4: encoding clip 8/12 (184.800s to 191.600s)
2026-08-16 23:06:29,240 SpawnProcess-2 INFO muntenia_studio_VQ-rgNcijdw_13s-180s.mp4: selected 12 clips
2026-08-16 23:06:29,249 SpawnProcess-2 INFO muntenia_studio_VQ-rgNcijdw_13s-180s.mp4: encoding clip 1/12 (0.000s to 10.000s)
2026-08-16 23:06:30,015 SpawnProcess-16 INFO muntenia_studio_Mp7xZXKE3Cc_0s-399s.mp4: encoding clip 3/15 (120.400s to 130.400s)
2026-08-16 23:06:33,256 SpawnProcess-14 INFO muntenia_studio_TlJeSiAhaQs_160s-470s.mp4: encoding clip 9/12 (138.800s to 148.800s)
2026-08-16 23:06:34,765 SpawnProcess-15 INFO muntenia_studio_U3BaX28PKUY_133s-393s.mp4: encoding clip 8/11 (12.800s to 22.800s)
2026-08-16 23:06:36,989 SpawnProcess-4 INFO muntenia_studio_UXJYmkX3loc_full.mp4: selected 10 clips
2026-08-16 23:06:36,994 SpawnProcess-4 INFO muntenia_studio_UXJYmkX3loc_full.mp4: encoding clip 1/10 (345.600s to 352.600s)
2026-08-16 23:06:37,431 SpawnProcess-9 INFO muntenia_studio_Y1d9c6ksSxo_926s-1026s.mp4: encoding clip 2/5 (76.800s to 86.200s)
2026-08-16 23:06:41,482 SpawnProcess-16 INFO muntenia_studio_Mp7xZXKE3Cc_0s-399s.mp4: encoding clip 4/15 (392.800s to 399.000s)
2026-08-16 23:06:43,926 SpawnProcess-2 INFO muntenia_studio_VQ-rgNcijdw_13s-180s.mp4: encoding clip 2/12 (66.200s to 76.200s)
2026-08-16 23:06:44,551 SpawnProcess-14 INFO muntenia_studio_TlJeSiAhaQs_160s-470s.mp4: encoding clip 10/12 (285.600s to 293.000s)
2026-08-16 23:06:46,331 SpawnProcess-4 INFO muntenia_studio_UXJYmkX3loc_full.mp4: encoding clip 2/10 (146.800s to 156.800s)
2026-08-16 23:06:48,034 SpawnProcess-15 INFO muntenia_studio_U3BaX28PKUY_133s-393s.mp4: encoding clip 9/11 (180.200s to 190.200s)
2026-08-16 23:06:51,066 SpawnProcess-16 INFO muntenia_studio_Mp7xZXKE3Cc_0s-399s.mp4: encoding clip 5/15 (378.800s to 388.000s)
2026-08-16 23:06:52,275 SpawnProcess-6 INFO muntenia_studio_cMn2JcyOEHU_full.mp4: selected 7 clips
2026-08-16 23:06:52,280 SpawnProcess-6 INFO muntenia_studio_cMn2JcyOEHU_full.mp4: encoding clip 1/7 (0.000s to 7.800s)
2026-08-16 23:06:52,443 SpawnProcess-14 INFO muntenia_studio_TlJeSiAhaQs_160s-470s.mp4: encoding clip 11/12 (242.800s to 249.000s)
2026-08-16 23:06:53,062 SpawnProcess-9 INFO muntenia_studio_Y1d9c6ksSxo_926s-1026s.mp4: encoding clip 3/5 (51.000s to 61.000s)
2026-08-16 23:07:00,144 SpawnProcess-4 INFO muntenia_studio_UXJYmkX3loc_full.mp4: encoding clip 3/10 (302.200s to 309.000s)
2026-08-16 23:07:01,380 SpawnProcess-2 INFO muntenia_studio_VQ-rgNcijdw_13s-180s.mp4: encoding clip 3/12 (119.800s to 129.800s)
2026-08-16 23:07:02,750 SpawnProcess-14 INFO muntenia_studio_TlJeSiAhaQs_160s-470s.mp4: encoding clip 12/12 (113.200s to 120.200s)
2026-08-16 23:07:03,532 SpawnProcess-15 INFO muntenia_studio_U3BaX28PKUY_133s-393s.mp4: encoding clip 10/11 (2.800s to 12.800s)
2026-08-16 23:07:05,353 SpawnProcess-16 INFO muntenia_studio_Mp7xZXKE3Cc_0s-399s.mp4: encoding clip 6/15 (240.800s to 250.800s)
2026-08-16 23:07:08,570 SpawnProcess-6 INFO muntenia_studio_cMn2JcyOEHU_full.mp4: encoding clip 2/7 (34.200s to 44.200s)
2026-08-16 23:07:09,448 SpawnProcess-4 INFO muntenia_studio_UXJYmkX3loc_full.mp4: encoding clip 4/10 (136.800s to 146.800s)
2026-08-16 23:07:10,836 SpawnProcess-9 INFO muntenia_studio_Y1d9c6ksSxo_926s-1026s.mp4: encoding clip 4/5 (12.800s to 19.000s)
2026-08-16 23:07:12,529 SpawnProcess-12 INFO muntenia_studio_fREfs3p1BTs_full.mp4: selected 7 clips
2026-08-16 23:07:12,542 SpawnProcess-12 INFO muntenia_studio_fREfs3p1BTs_full.mp4: encoding clip 1/7 (49.400s to 59.400s)
2026-08-16 23:07:13,786 SpawnProcess-14 INFO muntenia_studio_TlJeSiAhaQs_160s-470s.mp4: completed
2026-08-16 23:07:13,800 SpawnProcess-14 INFO Loading detection cache: ../videos_detections/muntenia_studio_j_QOz5ZqDzQ_full/detections.json
2026-08-16 23:07:14,351 SpawnProcess-14 INFO muntenia_studio_j_QOz5ZqDzQ_full.mp4: duration=476.4s, samples=2382, tracks=1
2026-08-16 23:07:16,991 SpawnProcess-16 INFO muntenia_studio_Mp7xZXKE3Cc_0s-399s.mp4: encoding clip 7/15 (230.800s to 240.800s)
2026-08-16 23:07:18,628 SpawnProcess-2 INFO muntenia_studio_VQ-rgNcijdw_13s-180s.mp4: encoding clip 4/12 (96.200s to 106.200s)
2026-08-16 23:07:20,960 SpawnProcess-4 INFO muntenia_studio_UXJYmkX3loc_full.mp4: encoding clip 5/10 (215.800s to 221.600s)
2026-08-16 23:07:21,746 SpawnProcess-15 INFO muntenia_studio_U3BaX28PKUY_133s-393s.mp4: encoding clip 11/11 (194.800s to 201.000s)
2026-08-16 23:07:22,633 SpawnProcess-9 INFO muntenia_studio_Y1d9c6ksSxo_926s-1026s.mp4: encoding clip 5/5 (38.600s to 48.000s)
2026-08-16 23:07:26,483 SpawnProcess-14 INFO muntenia_studio_j_QOz5ZqDzQ_full.mp4: VAD found 26 speech intervals
2026-08-16 23:07:28,391 SpawnProcess-12 INFO muntenia_studio_fREfs3p1BTs_full.mp4: encoding clip 2/7 (39.400s to 49.400s)
2026-08-16 23:07:30,787 SpawnProcess-4 INFO muntenia_studio_UXJYmkX3loc_full.mp4: encoding clip 6/10 (327.600s to 337.600s)
2026-08-16 23:07:31,667 SpawnProcess-15 INFO muntenia_studio_U3BaX28PKUY_133s-393s.mp4: completed
2026-08-16 23:07:31,680 SpawnProcess-15 INFO Loading detection cache: ../videos_detections/muntenia_studio_kjZ5e-lEJTY_157s-634s/detections.json
2026-08-16 23:07:32,013 SpawnProcess-6 INFO muntenia_studio_cMn2JcyOEHU_full.mp4: encoding clip 3/7 (14.200s to 24.200s)
2026-08-16 23:07:32,162 SpawnProcess-15 INFO muntenia_studio_kjZ5e-lEJTY_157s-634s.mp4: duration=477.0s, samples=2386, tracks=15
2026-08-16 23:07:38,153 SpawnProcess-16 INFO muntenia_studio_Mp7xZXKE3Cc_0s-399s.mp4: encoding clip 8/15 (304.800s to 314.800s)
2026-08-16 23:07:38,415 SpawnProcess-2 INFO muntenia_studio_VQ-rgNcijdw_13s-180s.mp4: encoding clip 5/12 (45.800s to 55.000s)
2026-08-16 23:07:39,567 SpawnProcess-9 INFO muntenia_studio_Y1d9c6ksSxo_926s-1026s.mp4: completed
2026-08-16 23:07:39,585 SpawnProcess-9 INFO Loading detection cache: ../videos_detections/muntenia_studio_kjZ5e-lEJTY_28s-130s/detections.json
2026-08-16 23:07:40,227 SpawnProcess-9 INFO muntenia_studio_kjZ5e-lEJTY_28s-130s.mp4: duration=102.0s, samples=511, tracks=5
2026-08-16 23:07:41,574 SpawnProcess-12 INFO muntenia_studio_fREfs3p1BTs_full.mp4: encoding clip 3/7 (59.400s to 69.400s)
2026-08-16 23:07:42,666 SpawnProcess-9 INFO muntenia_studio_kjZ5e-lEJTY_28s-130s.mp4: VAD found 1 speech intervals
2026-08-16 23:07:43,551 SpawnProcess-4 INFO muntenia_studio_UXJYmkX3loc_full.mp4: encoding clip 7/10 (377.800s to 387.800s)
2026-08-16 23:07:47,045 SpawnProcess-15 INFO muntenia_studio_kjZ5e-lEJTY_157s-634s.mp4: VAD found 76 speech intervals
2026-08-16 23:07:50,271 SpawnProcess-3 INFO muntenia_studio_VEgn4uCR6kQ_full.mp4: selected 9 clips
2026-08-16 23:07:50,273 SpawnProcess-3 INFO muntenia_studio_VEgn4uCR6kQ_full.mp4: encoding clip 1/9 (74.800s to 84.800s)
2026-08-16 23:07:50,924 SpawnProcess-16 INFO muntenia_studio_Mp7xZXKE3Cc_0s-399s.mp4: encoding clip 9/15 (161.000s to 171.000s)
2026-08-16 23:07:51,682 SpawnProcess-2 INFO muntenia_studio_VQ-rgNcijdw_13s-180s.mp4: encoding clip 6/12 (15.800s to 22.400s)
2026-08-16 23:07:52,021 SpawnProcess-6 INFO muntenia_studio_cMn2JcyOEHU_full.mp4: encoding clip 4/7 (64.200s to 74.200s)
2026-08-16 23:07:55,881 SpawnProcess-4 INFO muntenia_studio_UXJYmkX3loc_full.mp4: encoding clip 8/10 (310.600s to 320.600s)
2026-08-16 23:07:56,853 SpawnProcess-12 INFO muntenia_studio_fREfs3p1BTs_full.mp4: encoding clip 4/7 (79.400s to 84.800s)
2026-08-16 23:08:03,331 SpawnProcess-13 INFO muntenia_studio_HnkeukG5y2s_475s-1138s.mp4: selected 15 clips
2026-08-16 23:08:03,333 SpawnProcess-13 INFO muntenia_studio_HnkeukG5y2s_475s-1138s.mp4: encoding clip 1/15 (216.800s to 226.800s)
2026-08-16 23:08:04,579 SpawnProcess-2 INFO muntenia_studio_VQ-rgNcijdw_13s-180s.mp4: encoding clip 7/12 (86.200s to 96.200s)
2026-08-16 23:08:05,505 SpawnProcess-3 INFO muntenia_studio_VEgn4uCR6kQ_full.mp4: encoding clip 2/9 (155.800s to 165.800s)
2026-08-16 23:08:06,886 SpawnProcess-12 INFO muntenia_studio_fREfs3p1BTs_full.mp4: encoding clip 5/7 (87.200s to 97.200s)
2026-08-16 23:08:07,549 SpawnProcess-16 INFO muntenia_studio_Mp7xZXKE3Cc_0s-399s.mp4: encoding clip 10/15 (179.200s to 189.000s)
2026-08-16 23:08:09,007 SpawnProcess-4 INFO muntenia_studio_UXJYmkX3loc_full.mp4: encoding clip 9/10 (172.800s to 181.200s)
2026-08-16 23:08:12,533 SpawnProcess-6 INFO muntenia_studio_cMn2JcyOEHU_full.mp4: encoding clip 5/7 (54.200s to 64.200s)
2026-08-16 23:08:16,131 SpawnProcess-13 INFO muntenia_studio_HnkeukG5y2s_475s-1138s.mp4: encoding clip 2/15 (174.800s to 181.000s)
2026-08-16 23:08:19,935 SpawnProcess-3 INFO muntenia_studio_VEgn4uCR6kQ_full.mp4: encoding clip 3/9 (64.800s to 74.800s)
2026-08-16 23:08:20,382 SpawnProcess-4 INFO muntenia_studio_UXJYmkX3loc_full.mp4: encoding clip 10/10 (367.800s to 377.800s)
2026-08-16 23:08:21,410 SpawnProcess-16 INFO muntenia_studio_Mp7xZXKE3Cc_0s-399s.mp4: encoding clip 11/15 (273.000s to 283.000s)
2026-08-16 23:08:22,899 SpawnProcess-2 INFO muntenia_studio_VQ-rgNcijdw_13s-180s.mp4: encoding clip 8/12 (76.200s to 86.200s)
2026-08-16 23:08:23,043 SpawnProcess-12 INFO muntenia_studio_fREfs3p1BTs_full.mp4: encoding clip 6/7 (29.400s to 39.400s)
2026-08-16 23:08:26,171 SpawnProcess-13 INFO muntenia_studio_HnkeukG5y2s_475s-1138s.mp4: encoding clip 3/15 (556.800s to 562.000s)
2026-08-16 23:08:30,882 SpawnProcess-6 INFO muntenia_studio_cMn2JcyOEHU_full.mp4: encoding clip 6/7 (44.200s to 54.200s)
2026-08-16 23:08:30,996 SpawnProcess-4 INFO muntenia_studio_UXJYmkX3loc_full.mp4: completed
2026-08-16 23:08:31,008 SpawnProcess-4 INFO Loading detection cache: ../videos_detections/muntenia_studio_lKSeSG-4bys_83s-325s/detections.json
2026-08-16 23:08:31,473 SpawnProcess-4 INFO muntenia_studio_lKSeSG-4bys_83s-325s.mp4: duration=242.0s, samples=1210, tracks=1
2026-08-16 23:08:35,857 SpawnProcess-16 INFO muntenia_studio_Mp7xZXKE3Cc_0s-399s.mp4: encoding clip 12/15 (342.800s to 352.800s)
2026-08-16 23:08:35,930 SpawnProcess-2 INFO muntenia_studio_VQ-rgNcijdw_13s-180s.mp4: encoding clip 9/12 (153.600s to 163.600s)
2026-08-16 23:08:36,053 SpawnProcess-13 INFO muntenia_studio_HnkeukG5y2s_475s-1138s.mp4: encoding clip 4/15 (0.000s to 10.000s)
2026-08-16 23:08:36,540 SpawnProcess-3 INFO muntenia_studio_VEgn4uCR6kQ_full.mp4: encoding clip 4/9 (84.800s to 92.200s)
2026-08-16 23:08:36,761 SpawnProcess-4 INFO muntenia_studio_lKSeSG-4bys_83s-325s.mp4: VAD found 35 speech intervals
2026-08-16 23:08:42,943 SpawnProcess-12 INFO muntenia_studio_fREfs3p1BTs_full.mp4: encoding clip 7/7 (69.400s to 79.400s)
2026-08-16 23:08:47,270 SpawnProcess-1 INFO muntenia_studio_augDR0Ku8ec_0s-175s.mp4: selected 15 clips
2026-08-16 23:08:47,273 SpawnProcess-1 INFO muntenia_studio_augDR0Ku8ec_0s-175s.mp4: encoding clip 1/15 (97.800s to 107.800s)
2026-08-16 23:08:48,063 SpawnProcess-16 INFO muntenia_studio_Mp7xZXKE3Cc_0s-399s.mp4: encoding clip 13/15 (329.800s to 339.800s)
2026-08-16 23:08:48,958 SpawnProcess-6 INFO muntenia_studio_cMn2JcyOEHU_full.mp4: encoding clip 7/7 (24.200s to 34.200s)
2026-08-16 23:08:52,431 SpawnProcess-3 INFO muntenia_studio_VEgn4uCR6kQ_full.mp4: encoding clip 5/9 (145.800s to 155.800s)
2026-08-16 23:08:55,059 SpawnProcess-2 INFO muntenia_studio_VQ-rgNcijdw_13s-180s.mp4: encoding clip 10/12 (56.200s to 66.200s)
2026-08-16 23:08:55,213 SpawnProcess-13 INFO muntenia_studio_HnkeukG5y2s_475s-1138s.mp4: encoding clip 5/15 (397.600s to 407.600s)
2026-08-16 23:08:55,352 SpawnProcess-12 INFO muntenia_studio_fREfs3p1BTs_full.mp4: completed
2026-08-16 23:08:55,367 SpawnProcess-12 INFO Loading detection cache: ../videos_detections/muntenia_studio_nfOOPbrFNZY_261s-449s/detections.json
2026-08-16 23:08:55,920 SpawnProcess-12 INFO muntenia_studio_nfOOPbrFNZY_261s-449s.mp4: duration=188.1s, samples=941, tracks=21
2026-08-16 23:09:00,682 SpawnProcess-12 INFO muntenia_studio_nfOOPbrFNZY_261s-449s.mp4: VAD found 14 speech intervals
2026-08-16 23:09:03,955 SpawnProcess-8 INFO muntenia_studio_jI34U6w8a6U_full.mp4: selected 10 clips
2026-08-16 23:09:03,964 SpawnProcess-8 INFO muntenia_studio_jI34U6w8a6U_full.mp4: encoding clip 1/10 (69.800s to 78.000s)
2026-08-16 23:09:04,295 SpawnProcess-16 INFO muntenia_studio_Mp7xZXKE3Cc_0s-399s.mp4: encoding clip 14/15 (352.800s to 362.200s)
2026-08-16 23:09:07,148 SpawnProcess-13 INFO muntenia_studio_HnkeukG5y2s_475s-1138s.mp4: encoding clip 6/15 (353.800s to 362.200s)
2026-08-16 23:09:07,148 SpawnProcess-9 INFO muntenia_studio_kjZ5e-lEJTY_28s-130s.mp4: selected 8 clips
2026-08-16 23:09:07,151 SpawnProcess-9 INFO muntenia_studio_kjZ5e-lEJTY_28s-130s.mp4: encoding clip 1/8 (89.400s to 99.400s)
2026-08-16 23:09:08,522 SpawnProcess-1 INFO muntenia_studio_augDR0Ku8ec_0s-175s.mp4: encoding clip 2/15 (21.800s to 28.000s)
2026-08-16 23:09:08,762 SpawnProcess-3 INFO muntenia_studio_VEgn4uCR6kQ_full.mp4: encoding clip 6/9 (211.800s to 221.400s)
2026-08-16 23:09:09,052 SpawnProcess-2 INFO muntenia_studio_VQ-rgNcijdw_13s-180s.mp4: encoding clip 11/12 (141.200s to 147.000s)
2026-08-16 23:09:09,130 SpawnProcess-6 INFO muntenia_studio_cMn2JcyOEHU_full.mp4: completed
2026-08-16 23:09:09,135 SpawnProcess-6 INFO Loading detection cache: ../videos_detections/muntenia_studio_nvaOBxxt0-c_55s-314s/detections.json
2026-08-16 23:09:09,763 SpawnProcess-6 INFO muntenia_studio_nvaOBxxt0-c_55s-314s.mp4: duration=259.0s, samples=1296, tracks=16
2026-08-16 23:09:13,859 SpawnProcess-7 INFO muntenia_studio_ibqc1lkDc0g_73s-358s.mp4: selected 13 clips
2026-08-16 23:09:13,868 SpawnProcess-7 INFO muntenia_studio_ibqc1lkDc0g_73s-358s.mp4: encoding clip 1/13 (72.400s to 82.400s)
2026-08-16 23:09:16,094 SpawnProcess-6 INFO muntenia_studio_nvaOBxxt0-c_55s-314s.mp4: VAD found 32 speech intervals
2026-08-16 23:09:19,203 SpawnProcess-13 INFO muntenia_studio_HnkeukG5y2s_475s-1138s.mp4: encoding clip 7/15 (494.200s to 504.200s)
2026-08-16 23:09:19,309 SpawnProcess-16 INFO muntenia_studio_Mp7xZXKE3Cc_0s-399s.mp4: encoding clip 15/15 (110.400s to 120.400s)
2026-08-16 23:09:19,905 SpawnProcess-1 INFO muntenia_studio_augDR0Ku8ec_0s-175s.mp4: encoding clip 3/15 (11.800s to 21.800s)
2026-08-16 23:09:21,418 SpawnProcess-8 INFO muntenia_studio_jI34U6w8a6U_full.mp4: encoding clip 2/10 (55.800s to 65.800s)
2026-08-16 23:09:22,885 SpawnProcess-9 INFO muntenia_studio_kjZ5e-lEJTY_28s-130s.mp4: encoding clip 2/8 (2.800s to 12.800s)
2026-08-16 23:09:23,738 SpawnProcess-2 INFO muntenia_studio_VQ-rgNcijdw_13s-180s.mp4: encoding clip 12/12 (33.000s to 39.600s)
2026-08-16 23:09:23,977 SpawnProcess-7 INFO muntenia_studio_ibqc1lkDc0g_73s-358s.mp4: encoding clip 2/13 (62.400s to 72.400s)
2026-08-16 23:09:25,561 SpawnProcess-3 INFO muntenia_studio_VEgn4uCR6kQ_full.mp4: encoding clip 7/9 (165.800s to 175.800s)
2026-08-16 23:09:29,044 SpawnProcess-11 INFO muntenia_studio_dWtVjgFWfIo_212s-540s.mp4: selected 10 clips
2026-08-16 23:09:29,050 SpawnProcess-11 INFO muntenia_studio_dWtVjgFWfIo_212s-540s.mp4: encoding clip 1/10 (221.200s to 231.200s)
2026-08-16 23:09:32,874 SpawnProcess-13 INFO muntenia_studio_HnkeukG5y2s_475s-1138s.mp4: encoding clip 8/15 (247.000s to 257.000s)
2026-08-16 23:09:34,976 SpawnProcess-16 INFO muntenia_studio_Mp7xZXKE3Cc_0s-399s.mp4: completed
2026-08-16 23:09:35,014 SpawnProcess-16 INFO Loading detection cache: ../videos_detections/muntenia_studio_pVF3A34uJ-o_full/detections.json
2026-08-16 23:09:35,693 SpawnProcess-16 INFO muntenia_studio_pVF3A34uJ-o_full.mp4: duration=107.0s, samples=536, tracks=1
2026-08-16 23:09:36,922 SpawnProcess-2 INFO muntenia_studio_VQ-rgNcijdw_13s-180s.mp4: completed
2026-08-16 23:09:36,942 SpawnProcess-2 INFO Loading detection cache: ../videos_detections/muntenia_studio_pYm2Qlyvnug_0s-240s/detections.json
2026-08-16 23:09:37,540 SpawnProcess-2 INFO muntenia_studio_pYm2Qlyvnug_0s-240s.mp4: duration=240.0s, samples=1200, tracks=17
2026-08-16 23:09:38,806 SpawnProcess-7 INFO muntenia_studio_ibqc1lkDc0g_73s-358s.mp4: encoding clip 3/13 (27.600s to 32.800s)
2026-08-16 23:09:39,408 SpawnProcess-3 INFO muntenia_studio_VEgn4uCR6kQ_full.mp4: encoding clip 8/9 (135.800s to 145.800s)
2026-08-16 23:09:40,035 SpawnProcess-16 INFO muntenia_studio_pVF3A34uJ-o_full.mp4: VAD found 13 speech intervals
2026-08-16 23:09:41,067 SpawnProcess-11 INFO muntenia_studio_dWtVjgFWfIo_212s-540s.mp4: encoding clip 2/10 (279.800s to 289.800s)
2026-08-16 23:09:41,192 SpawnProcess-9 INFO muntenia_studio_kjZ5e-lEJTY_28s-130s.mp4: encoding clip 3/8 (22.800s to 32.800s)
2026-08-16 23:09:42,257 SpawnProcess-1 INFO muntenia_studio_augDR0Ku8ec_0s-175s.mp4: encoding clip 4/15 (55.800s to 62.000s)
2026-08-16 23:09:42,734 SpawnProcess-2 INFO muntenia_studio_pYm2Qlyvnug_0s-240s.mp4: VAD found 26 speech intervals
2026-08-16 23:09:42,927 SpawnProcess-8 INFO muntenia_studio_jI34U6w8a6U_full.mp4: encoding clip 3/10 (113.800s to 122.400s)
2026-08-16 23:09:44,017 SpawnProcess-13 INFO muntenia_studio_HnkeukG5y2s_475s-1138s.mp4: encoding clip 9/15 (145.800s to 155.800s)
2026-08-16 23:09:44,281 SpawnProcess-10 INFO muntenia_studio__z8UmVSwzTk_0s-365s.mp4: selected 12 clips
2026-08-16 23:09:44,289 SpawnProcess-10 INFO muntenia_studio__z8UmVSwzTk_0s-365s.mp4: encoding clip 1/12 (215.632s to 224.174s)
2026-08-16 23:09:46,385 SpawnProcess-7 INFO muntenia_studio_ibqc1lkDc0g_73s-358s.mp4: encoding clip 4/13 (10.000s to 20.000s)
2026-08-16 23:09:52,926 SpawnProcess-3 INFO muntenia_studio_VEgn4uCR6kQ_full.mp4: encoding clip 9/9 (201.800s to 211.800s)
2026-08-16 23:09:55,009 SpawnProcess-10 INFO muntenia_studio__z8UmVSwzTk_0s-365s.mp4: encoding clip 2/12 (78.412s to 85.494s)
2026-08-16 23:09:55,146 SpawnProcess-1 INFO muntenia_studio_augDR0Ku8ec_0s-175s.mp4: encoding clip 5/15 (155.600s to 164.000s)
2026-08-16 23:09:57,179 SpawnProcess-9 INFO muntenia_studio_kjZ5e-lEJTY_28s-130s.mp4: encoding clip 4/8 (79.400s to 89.400s)
2026-08-16 23:09:58,463 SpawnProcess-11 INFO muntenia_studio_dWtVjgFWfIo_212s-540s.mp4: encoding clip 3/10 (154.800s to 163.000s)
2026-08-16 23:09:59,032 SpawnProcess-7 INFO muntenia_studio_ibqc1lkDc0g_73s-358s.mp4: encoding clip 5/13 (163.800s to 173.800s)
2026-08-16 23:10:01,135 SpawnProcess-13 INFO muntenia_studio_HnkeukG5y2s_475s-1138s.mp4: encoding clip 10/15 (524.200s to 531.000s)
2026-08-16 23:10:04,483 SpawnProcess-10 INFO muntenia_studio__z8UmVSwzTk_0s-365s.mp4: encoding clip 3/12 (164.957s to 174.124s)
2026-08-16 23:10:08,745 SpawnProcess-8 INFO muntenia_studio_jI34U6w8a6U_full.mp4: encoding clip 4/10 (0.200s to 10.200s)
2026-08-16 23:10:08,989 SpawnProcess-3 INFO muntenia_studio_VEgn4uCR6kQ_full.mp4: completed
2026-08-16 23:10:09,002 SpawnProcess-3 INFO Loading detection cache: ../videos_detections/muntenia_studio_pufRsvYuRYw_22s-114s/detections.json
2026-08-16 23:10:09,874 SpawnProcess-3 INFO muntenia_studio_pufRsvYuRYw_22s-114s.mp4: duration=92.0s, samples=460, tracks=6
2026-08-16 23:10:11,142 SpawnProcess-11 INFO muntenia_studio_dWtVjgFWfIo_212s-540s.mp4: encoding clip 4/10 (188.800s to 198.800s)
2026-08-16 23:10:12,238 SpawnProcess-13 INFO muntenia_studio_HnkeukG5y2s_475s-1138s.mp4: encoding clip 11/15 (95.400s to 105.400s)
2026-08-16 23:10:12,804 SpawnProcess-3 INFO muntenia_studio_pufRsvYuRYw_22s-114s.mp4: VAD found 1 speech intervals
2026-08-16 23:10:12,865 SpawnProcess-1 INFO muntenia_studio_augDR0Ku8ec_0s-175s.mp4: encoding clip 6/15 (39.800s to 48.000s)
2026-08-16 23:10:14,067 SpawnProcess-7 INFO muntenia_studio_ibqc1lkDc0g_73s-358s.mp4: encoding clip 6/13 (214.600s to 224.600s)
2026-08-16 23:10:14,305 SpawnProcess-9 INFO muntenia_studio_kjZ5e-lEJTY_28s-130s.mp4: encoding clip 5/8 (42.800s to 52.800s)
2026-08-16 23:10:17,338 SpawnProcess-10 INFO muntenia_studio__z8UmVSwzTk_0s-365s.mp4: encoding clip 4/12 (104.062s to 114.062s)
2026-08-16 23:10:25,644 SpawnProcess-11 INFO muntenia_studio_dWtVjgFWfIo_212s-540s.mp4: encoding clip 5/10 (18.800s to 27.200s)
2026-08-16 23:10:27,464 SpawnProcess-13 INFO muntenia_studio_HnkeukG5y2s_475s-1138s.mp4: encoding clip 12/15 (20.000s to 30.000s)
2026-08-16 23:10:29,376 SpawnProcess-7 INFO muntenia_studio_ibqc1lkDc0g_73s-358s.mp4: encoding clip 7/13 (193.800s to 203.800s)
2026-08-16 23:10:30,564 SpawnProcess-8 INFO muntenia_studio_jI34U6w8a6U_full.mp4: encoding clip 5/10 (19.800s to 28.000s)
2026-08-16 23:10:32,188 SpawnProcess-1 INFO muntenia_studio_augDR0Ku8ec_0s-175s.mp4: encoding clip 7/15 (83.800s to 93.800s)
2026-08-16 23:10:32,811 SpawnProcess-10 INFO muntenia_studio__z8UmVSwzTk_0s-365s.mp4: encoding clip 5/12 (239.614s to 246.487s)
2026-08-16 23:10:33,248 SpawnProcess-9 INFO muntenia_studio_kjZ5e-lEJTY_28s-130s.mp4: encoding clip 6/8 (32.800s to 42.800s)
2026-08-16 23:10:37,572 SpawnProcess-11 INFO muntenia_studio_dWtVjgFWfIo_212s-540s.mp4: encoding clip 6/10 (198.800s to 205.600s)
2026-08-16 23:10:39,865 SpawnProcess-13 INFO muntenia_studio_HnkeukG5y2s_475s-1138s.mp4: encoding clip 13/15 (628.800s to 638.800s)
2026-08-16 23:10:43,845 SpawnProcess-7 INFO muntenia_studio_ibqc1lkDc0g_73s-358s.mp4: encoding clip 8/13 (0.000s to 10.000s)
2026-08-16 23:10:49,016 SpawnProcess-10 INFO muntenia_studio__z8UmVSwzTk_0s-365s.mp4: encoding clip 6/12 (278.195s to 288.195s)
2026-08-16 23:10:52,632 SpawnProcess-8 INFO muntenia_studio_jI34U6w8a6U_full.mp4: encoding clip 6/10 (35.800s to 45.800s)
2026-08-16 23:10:53,053 SpawnProcess-11 INFO muntenia_studio_dWtVjgFWfIo_212s-540s.mp4: encoding clip 7/10 (208.800s to 218.800s)
2026-08-16 23:10:53,198 SpawnProcess-9 INFO muntenia_studio_kjZ5e-lEJTY_28s-130s.mp4: encoding clip 7/8 (12.800s to 22.800s)
2026-08-16 23:10:53,473 SpawnProcess-1 INFO muntenia_studio_augDR0Ku8ec_0s-175s.mp4: encoding clip 8/15 (165.800s to 175.000s)
2026-08-16 23:10:53,546 SpawnProcess-13 INFO muntenia_studio_HnkeukG5y2s_475s-1138s.mp4: encoding clip 14/15 (206.800s to 216.800s)
2026-08-16 23:10:56,836 SpawnProcess-7 INFO muntenia_studio_ibqc1lkDc0g_73s-358s.mp4: encoding clip 9/13 (184.400s to 189.600s)
2026-08-16 23:11:04,136 SpawnProcess-10 INFO muntenia_studio__z8UmVSwzTk_0s-365s.mp4: encoding clip 7/12 (47.756s to 57.756s)
2026-08-16 23:11:05,799 SpawnProcess-7 INFO muntenia_studio_ibqc1lkDc0g_73s-358s.mp4: encoding clip 10/13 (224.600s to 234.000s)
2026-08-16 23:11:11,943 SpawnProcess-4 INFO muntenia_studio_lKSeSG-4bys_83s-325s.mp4: selected 15 clips
2026-08-16 23:11:11,945 SpawnProcess-4 INFO muntenia_studio_lKSeSG-4bys_83s-325s.mp4: encoding clip 1/15 (232.200s to 237.400s)
2026-08-16 23:11:12,569 SpawnProcess-1 INFO muntenia_studio_augDR0Ku8ec_0s-175s.mp4: encoding clip 9/15 (123.800s to 133.800s)
2026-08-16 23:11:13,011 SpawnProcess-11 INFO muntenia_studio_dWtVjgFWfIo_212s-540s.mp4: encoding clip 8/10 (120.200s to 130.200s)
2026-08-16 23:11:14,490 SpawnProcess-9 INFO muntenia_studio_kjZ5e-lEJTY_28s-130s.mp4: encoding clip 8/8 (52.800s to 62.800s)
2026-08-16 23:11:15,140 SpawnProcess-13 INFO muntenia_studio_HnkeukG5y2s_475s-1138s.mp4: encoding clip 15/15 (78.000s to 84.000s)
2026-08-16 23:11:18,858 SpawnProcess-7 INFO muntenia_studio_ibqc1lkDc0g_73s-358s.mp4: encoding clip 11/13 (34.400s to 44.400s)
2026-08-16 23:11:20,414 SpawnProcess-4 INFO muntenia_studio_lKSeSG-4bys_83s-325s.mp4: encoding clip 2/15 (165.400s to 175.200s)
2026-08-16 23:11:21,508 SpawnProcess-10 INFO muntenia_studio__z8UmVSwzTk_0s-365s.mp4: encoding clip 8/12 (125.741s to 135.741s)
2026-08-16 23:11:21,594 SpawnProcess-16 INFO muntenia_studio_pVF3A34uJ-o_full.mp4: selected 7 clips
2026-08-16 23:11:21,598 SpawnProcess-16 INFO muntenia_studio_pVF3A34uJ-o_full.mp4: encoding clip 1/7 (3.400s to 13.400s)
2026-08-16 23:11:24,438 SpawnProcess-8 INFO muntenia_studio_jI34U6w8a6U_full.mp4: encoding clip 7/10 (105.800s to 112.000s)
2026-08-16 23:11:27,326 SpawnProcess-13 INFO muntenia_studio_HnkeukG5y2s_475s-1138s.mp4: completed
2026-08-16 23:11:27,341 SpawnProcess-13 INFO Loading detection cache: ../videos_detections/muntenia_studio_pvAHc4xuLxU_0s-300s/detections.json
2026-08-16 23:11:28,409 SpawnProcess-13 INFO muntenia_studio_pvAHc4xuLxU_0s-300s.mp4: duration=300.0s, samples=1500, tracks=145
2026-08-16 23:11:28,614 SpawnProcess-12 INFO muntenia_studio_nfOOPbrFNZY_261s-449s.mp4: selected 6 clips
2026-08-16 23:11:28,621 SpawnProcess-12 INFO muntenia_studio_nfOOPbrFNZY_261s-449s.mp4: encoding clip 1/6 (141.000s to 151.000s)
2026-08-16 23:11:30,371 SpawnProcess-1 INFO muntenia_studio_augDR0Ku8ec_0s-175s.mp4: encoding clip 10/15 (75.800s to 82.000s)
2026-08-16 23:11:30,836 SpawnProcess-11 INFO muntenia_studio_dWtVjgFWfIo_212s-540s.mp4: encoding clip 9/10 (269.800s to 279.800s)
2026-08-16 23:11:31,396 SpawnProcess-7 INFO muntenia_studio_ibqc1lkDc0g_73s-358s.mp4: encoding clip 12/13 (203.800s to 213.400s)
2026-08-16 23:11:32,985 SpawnProcess-4 INFO muntenia_studio_lKSeSG-4bys_83s-325s.mp4: encoding clip 3/15 (114.600s to 124.600s)
2026-08-16 23:11:35,358 SpawnProcess-9 INFO muntenia_studio_kjZ5e-lEJTY_28s-130s.mp4: completed
2026-08-16 23:11:35,381 SpawnProcess-9 INFO Loading detection cache: ../videos_detections/muntenia_studio_qSCh0YfIM-M_0s-499s/detections.json
2026-08-16 23:11:36,846 SpawnProcess-9 INFO muntenia_studio_qSCh0YfIM-M_0s-499s.mp4: duration=499.0s, samples=2496, tracks=30
2026-08-16 23:11:37,811 SpawnProcess-13 INFO muntenia_studio_pvAHc4xuLxU_0s-300s.mp4: VAD found 23 speech intervals
2026-08-16 23:11:40,441 SpawnProcess-10 INFO muntenia_studio__z8UmVSwzTk_0s-365s.mp4: encoding clip 9/12 (115.741s to 125.741s)
2026-08-16 23:11:40,843 SpawnProcess-7 INFO muntenia_studio_ibqc1lkDc0g_73s-358s.mp4: encoding clip 13/13 (147.400s to 157.400s)
2026-08-16 23:11:43,525 SpawnProcess-12 INFO muntenia_studio_nfOOPbrFNZY_261s-449s.mp4: encoding clip 2/6 (109.000s to 119.000s)
2026-08-16 23:11:43,674 SpawnProcess-16 INFO muntenia_studio_pVF3A34uJ-o_full.mp4: encoding clip 2/7 (96.200s to 106.200s)
2026-08-16 23:11:45,081 SpawnProcess-1 INFO muntenia_studio_augDR0Ku8ec_0s-175s.mp4: encoding clip 11/15 (145.600s to 155.600s)
2026-08-16 23:11:45,404 SpawnProcess-8 INFO muntenia_studio_jI34U6w8a6U_full.mp4: encoding clip 8/10 (95.800s to 105.800s)
2026-08-16 23:11:46,168 SpawnProcess-11 INFO muntenia_studio_dWtVjgFWfIo_212s-540s.mp4: encoding clip 10/10 (130.200s to 138.800s)
2026-08-16 23:11:47,327 SpawnProcess-4 INFO muntenia_studio_lKSeSG-4bys_83s-325s.mp4: encoding clip 4/15 (133.600s to 139.200s)
2026-08-16 23:11:54,328 SpawnProcess-10 INFO muntenia_studio__z8UmVSwzTk_0s-365s.mp4: encoding clip 10/12 (321.571s to 331.571s)
2026-08-16 23:11:54,608 SpawnProcess-4 INFO muntenia_studio_lKSeSG-4bys_83s-325s.mp4: encoding clip 5/15 (126.600s to 132.000s)
2026-08-16 23:11:54,979 SpawnProcess-9 INFO muntenia_studio_qSCh0YfIM-M_0s-499s.mp4: VAD found 70 speech intervals
2026-08-16 23:11:55,020 SpawnProcess-7 INFO muntenia_studio_ibqc1lkDc0g_73s-358s.mp4: completed
2026-08-16 23:11:55,049 SpawnProcess-7 INFO Loading detection cache: ../videos_detections/muntenia_studio_qUaRAN9c3QY_full/detections.json
2026-08-16 23:11:55,698 SpawnProcess-7 INFO muntenia_studio_qUaRAN9c3QY_full.mp4: duration=132.6s, samples=663, tracks=41
2026-08-16 23:11:59,123 SpawnProcess-7 INFO muntenia_studio_qUaRAN9c3QY_full.mp4: VAD found 20 speech intervals
2026-08-16 23:12:00,457 SpawnProcess-16 INFO muntenia_studio_pVF3A34uJ-o_full.mp4: encoding clip 3/7 (13.400s to 23.400s)
2026-08-16 23:12:03,269 SpawnProcess-12 INFO muntenia_studio_nfOOPbrFNZY_261s-449s.mp4: encoding clip 3/6 (99.000s to 109.000s)
2026-08-16 23:12:03,280 SpawnProcess-6 INFO muntenia_studio_nvaOBxxt0-c_55s-314s.mp4: selected 5 clips
2026-08-16 23:12:03,283 SpawnProcess-6 INFO muntenia_studio_nvaOBxxt0-c_55s-314s.mp4: encoding clip 1/5 (86.600s to 95.600s)
2026-08-16 23:12:03,577 SpawnProcess-11 INFO muntenia_studio_dWtVjgFWfIo_212s-540s.mp4: completed
2026-08-16 23:12:03,605 SpawnProcess-11 INFO Loading detection cache: ../videos_detections/muntenia_studio_rM_xk6_pDis_223s-688s/detections.json
2026-08-16 23:12:04,250 SpawnProcess-11 INFO muntenia_studio_rM_xk6_pDis_223s-688s.mp4: duration=465.1s, samples=2326, tracks=38
2026-08-16 23:12:05,696 SpawnProcess-1 INFO muntenia_studio_augDR0Ku8ec_0s-175s.mp4: encoding clip 12/15 (107.800s to 117.800s)
2026-08-16 23:12:06,435 SpawnProcess-8 INFO muntenia_studio_jI34U6w8a6U_full.mp4: encoding clip 9/10 (45.800s to 55.800s)
2026-08-16 23:12:07,888 SpawnProcess-4 INFO muntenia_studio_lKSeSG-4bys_83s-325s.mp4: encoding clip 6/15 (187.200s to 195.400s)
2026-08-16 23:12:12,739 SpawnProcess-10 INFO muntenia_studio__z8UmVSwzTk_0s-365s.mp4: encoding clip 11/12 (174.966s to 183.508s)
2026-08-16 23:12:15,227 SpawnProcess-16 INFO muntenia_studio_pVF3A34uJ-o_full.mp4: encoding clip 4/7 (68.600s to 75.800s)
2026-08-16 23:12:16,223 SpawnProcess-6 INFO muntenia_studio_nvaOBxxt0-c_55s-314s.mp4: encoding clip 2/5 (107.400s to 117.400s)
2026-08-16 23:12:16,389 SpawnProcess-11 INFO muntenia_studio_rM_xk6_pDis_223s-688s.mp4: VAD found 34 speech intervals
2026-08-16 23:12:19,921 SpawnProcess-4 INFO muntenia_studio_lKSeSG-4bys_83s-325s.mp4: encoding clip 7/15 (0.800s to 8.400s)
2026-08-16 23:12:20,725 SpawnProcess-12 INFO muntenia_studio_nfOOPbrFNZY_261s-449s.mp4: encoding clip 4/6 (15.800s to 25.800s)
2026-08-16 23:12:21,944 SpawnProcess-1 INFO muntenia_studio_augDR0Ku8ec_0s-175s.mp4: encoding clip 13/15 (1.800s to 11.800s)
2026-08-16 23:12:26,580 SpawnProcess-16 INFO muntenia_studio_pVF3A34uJ-o_full.mp4: encoding clip 5/7 (86.200s to 96.200s)
2026-08-16 23:12:29,183 SpawnProcess-4 INFO muntenia_studio_lKSeSG-4bys_83s-325s.mp4: encoding clip 8/15 (79.000s to 84.800s)
2026-08-16 23:12:29,951 SpawnProcess-10 INFO muntenia_studio__z8UmVSwzTk_0s-365s.mp4: encoding clip 12/12 (301.134s to 308.633s)
2026-08-16 23:12:30,531 SpawnProcess-6 INFO muntenia_studio_nvaOBxxt0-c_55s-314s.mp4: encoding clip 3/5 (117.400s to 123.200s)
2026-08-16 23:12:32,336 SpawnProcess-14 INFO muntenia_studio_j_QOz5ZqDzQ_full.mp4: selected 15 clips
2026-08-16 23:12:32,338 SpawnProcess-14 INFO muntenia_studio_j_QOz5ZqDzQ_full.mp4: encoding clip 1/15 (299.400s to 309.400s)
2026-08-16 23:12:35,265 SpawnProcess-8 INFO muntenia_studio_jI34U6w8a6U_full.mp4: encoding clip 10/10 (85.800s to 94.000s)
2026-08-16 23:12:38,199 SpawnProcess-4 INFO muntenia_studio_lKSeSG-4bys_83s-325s.mp4: encoding clip 9/15 (46.800s to 56.800s)
2026-08-16 23:12:40,873 SpawnProcess-12 INFO muntenia_studio_nfOOPbrFNZY_261s-449s.mp4: encoding clip 5/6 (5.800s to 15.800s)
2026-08-16 23:12:42,259 SpawnProcess-1 INFO muntenia_studio_augDR0Ku8ec_0s-175s.mp4: encoding clip 14/15 (65.800s to 75.800s)
2026-08-16 23:12:42,832 SpawnProcess-6 INFO muntenia_studio_nvaOBxxt0-c_55s-314s.mp4: encoding clip 4/5 (46.800s to 56.800s)
2026-08-16 23:12:46,204 SpawnProcess-3 INFO muntenia_studio_pufRsvYuRYw_22s-114s.mp4: selected 1 clips
2026-08-16 23:12:46,206 SpawnProcess-3 INFO muntenia_studio_pufRsvYuRYw_22s-114s.mp4: encoding clip 1/1 (0.200s to 8.000s)
2026-08-16 23:12:46,224 SpawnProcess-14 INFO muntenia_studio_j_QOz5ZqDzQ_full.mp4: encoding clip 2/15 (310.800s to 320.800s)
2026-08-16 23:12:47,914 SpawnProcess-16 INFO muntenia_studio_pVF3A34uJ-o_full.mp4: encoding clip 6/7 (48.600s to 57.200s)
2026-08-16 23:12:48,898 SpawnProcess-10 INFO muntenia_studio__z8UmVSwzTk_0s-365s.mp4: completed
2026-08-16 23:12:48,991 SpawnProcess-10 INFO Loading detection cache: ../videos_detections/muntenia_studio_u_uMmiOznFU_64s-310s/detections.json
2026-08-16 23:12:49,474 SpawnProcess-4 INFO muntenia_studio_lKSeSG-4bys_83s-325s.mp4: encoding clip 10/15 (19.800s to 29.800s)
2026-08-16 23:12:50,069 SpawnProcess-10 INFO muntenia_studio_u_uMmiOznFU_64s-310s.mp4: duration=246.0s, samples=1231, tracks=2
2026-08-16 23:12:52,117 SpawnProcess-2 INFO muntenia_studio_pYm2Qlyvnug_0s-240s.mp4: selected 11 clips
2026-08-16 23:12:52,121 SpawnProcess-2 INFO muntenia_studio_pYm2Qlyvnug_0s-240s.mp4: encoding clip 1/11 (167.800s to 177.800s)
2026-08-16 23:12:55,409 SpawnProcess-10 INFO muntenia_studio_u_uMmiOznFU_64s-310s.mp4: VAD found 23 speech intervals
2026-08-16 23:12:57,507 SpawnProcess-8 INFO muntenia_studio_jI34U6w8a6U_full.mp4: completed
2026-08-16 23:12:57,517 SpawnProcess-8 INFO Loading detection cache: ../videos_detections/muntenia_studio_uwRbf9DTSiM_61s-227s/detections.json
2026-08-16 23:12:58,016 SpawnProcess-12 INFO muntenia_studio_nfOOPbrFNZY_261s-449s.mp4: encoding clip 6/6 (122.800s to 132.800s)
2026-08-16 23:12:58,101 SpawnProcess-8 INFO muntenia_studio_uwRbf9DTSiM_61s-227s.mp4: duration=166.1s, samples=831, tracks=12
2026-08-16 23:13:01,376 SpawnProcess-1 INFO muntenia_studio_augDR0Ku8ec_0s-175s.mp4: encoding clip 15/15 (29.800s to 36.000s)
2026-08-16 23:13:01,430 SpawnProcess-15 INFO muntenia_studio_kjZ5e-lEJTY_157s-634s.mp4: selected 15 clips
2026-08-16 23:13:01,433 SpawnProcess-15 INFO muntenia_studio_kjZ5e-lEJTY_157s-634s.mp4: encoding clip 1/15 (326.800s to 334.400s)
2026-08-16 23:13:02,142 SpawnProcess-14 INFO muntenia_studio_j_QOz5ZqDzQ_full.mp4: encoding clip 3/15 (289.400s to 299.400s)
2026-08-16 23:13:02,472 SpawnProcess-6 INFO muntenia_studio_nvaOBxxt0-c_55s-314s.mp4: encoding clip 5/5 (63.000s to 73.000s)
2026-08-16 23:13:02,531 SpawnProcess-16 INFO muntenia_studio_pVF3A34uJ-o_full.mp4: encoding clip 7/7 (38.600s to 48.600s)
2026-08-16 23:13:03,197 SpawnProcess-2 INFO muntenia_studio_pYm2Qlyvnug_0s-240s.mp4: encoding clip 2/11 (106.800s to 116.800s)
2026-08-16 23:13:03,880 SpawnProcess-4 INFO muntenia_studio_lKSeSG-4bys_83s-325s.mp4: encoding clip 11/15 (9.800s to 19.800s)
2026-08-16 23:13:03,986 SpawnProcess-8 INFO muntenia_studio_uwRbf9DTSiM_61s-227s.mp4: VAD found 3 speech intervals
2026-08-16 23:13:08,039 SpawnProcess-3 INFO muntenia_studio_pufRsvYuRYw_22s-114s.mp4: completed
2026-08-16 23:13:08,045 SpawnProcess-3 INFO Loading detection cache: ../videos_detections/muntenia_studio_wMRgQ7xGlOk_752s-876s/detections.json
2026-08-16 23:13:08,786 SpawnProcess-3 INFO muntenia_studio_wMRgQ7xGlOk_752s-876s.mp4: duration=124.1s, samples=620, tracks=11
2026-08-16 23:13:12,396 SpawnProcess-12 INFO muntenia_studio_nfOOPbrFNZY_261s-449s.mp4: completed
2026-08-16 23:13:12,407 SpawnProcess-12 INFO Loading detection cache: ../videos_detections/muntenia_studio_wMijZ2QyDss_145s-729s/detections.json
2026-08-16 23:13:13,408 SpawnProcess-12 INFO muntenia_studio_wMijZ2QyDss_145s-729s.mp4: duration=584.1s, samples=2921, tracks=249
2026-08-16 23:13:13,878 SpawnProcess-3 INFO muntenia_studio_wMRgQ7xGlOk_752s-876s.mp4: VAD found 15 speech intervals
2026-08-16 23:13:14,160 SpawnProcess-15 INFO muntenia_studio_kjZ5e-lEJTY_157s-634s.mp4: encoding clip 2/15 (113.200s to 120.800s)
2026-08-16 23:13:14,589 SpawnProcess-2 INFO muntenia_studio_pYm2Qlyvnug_0s-240s.mp4: encoding clip 3/11 (180.600s to 190.600s)
2026-08-16 23:13:16,040 SpawnProcess-1 INFO muntenia_studio_augDR0Ku8ec_0s-175s.mp4: completed
2026-08-16 23:13:16,046 SpawnProcess-1 INFO Loading detection cache: ../videos_detections/muntenia_studio_x4MdfhgpUj0_0s-494s/detections.json
2026-08-16 23:13:16,234 SpawnProcess-16 INFO muntenia_studio_pVF3A34uJ-o_full.mp4: completed
2026-08-16 23:13:16,242 SpawnProcess-16 INFO Loading detection cache: ../videos_detections/muntenia_studio_yw6-to1ASyk_479s-806s/detections.json
2026-08-16 23:13:16,637 SpawnProcess-1 INFO muntenia_studio_x4MdfhgpUj0_0s-494s.mp4: duration=494.0s, samples=2471, tracks=29
2026-08-16 23:13:16,844 SpawnProcess-16 INFO muntenia_studio_yw6-to1ASyk_479s-806s.mp4: duration=327.1s, samples=1636, tracks=32
2026-08-16 23:13:18,809 SpawnProcess-4 INFO muntenia_studio_lKSeSG-4bys_83s-325s.mp4: encoding clip 12/15 (31.000s to 41.000s)
2026-08-16 23:13:19,213 SpawnProcess-14 INFO muntenia_studio_j_QOz5ZqDzQ_full.mp4: encoding clip 4/15 (423.600s to 433.600s)
2026-08-16 23:13:19,648 SpawnProcess-6 INFO muntenia_studio_nvaOBxxt0-c_55s-314s.mp4: completed
2026-08-16 23:13:19,660 SpawnProcess-6 INFO Loading detection cache: ../videos_detections/rep_moldova_itw_BhQlr38_yJk_full/detections.json
2026-08-16 23:13:20,337 SpawnProcess-6 INFO rep_moldova_itw_BhQlr38_yJk_full.mp4: duration=185.7s, samples=928, tracks=891
2026-08-16 23:13:21,998 SpawnProcess-15 INFO muntenia_studio_kjZ5e-lEJTY_157s-634s.mp4: encoding clip 3/15 (207.800s to 217.800s)
2026-08-16 23:13:23,295 SpawnProcess-16 INFO muntenia_studio_yw6-to1ASyk_479s-806s.mp4: VAD found 47 speech intervals
2026-08-16 23:13:24,650 SpawnProcess-6 INFO rep_moldova_itw_BhQlr38_yJk_full.mp4: VAD found 31 speech intervals
2026-08-16 23:13:24,825 SpawnProcess-2 INFO muntenia_studio_pYm2Qlyvnug_0s-240s.mp4: encoding clip 4/11 (147.800s to 157.800s)
2026-08-16 23:13:25,130 SpawnProcess-12 INFO muntenia_studio_wMijZ2QyDss_145s-729s.mp4: VAD found 84 speech intervals
2026-08-16 23:13:27,149 SpawnProcess-1 INFO muntenia_studio_x4MdfhgpUj0_0s-494s.mp4: VAD found 103 speech intervals
2026-08-16 23:13:28,682 SpawnProcess-4 INFO muntenia_studio_lKSeSG-4bys_83s-325s.mp4: encoding clip 13/15 (100.400s to 110.400s)
2026-08-16 23:13:29,542 SpawnProcess-14 INFO muntenia_studio_j_QOz5ZqDzQ_full.mp4: encoding clip 5/15 (392.800s to 398.200s)
2026-08-16 23:13:31,840 SpawnProcess-15 INFO muntenia_studio_kjZ5e-lEJTY_157s-634s.mp4: encoding clip 4/15 (0.600s to 6.000s)
2026-08-16 23:13:35,582 SpawnProcess-2 INFO muntenia_studio_pYm2Qlyvnug_0s-240s.mp4: encoding clip 5/11 (136.800s to 146.800s)
2026-08-16 23:13:36,666 SpawnProcess-14 INFO muntenia_studio_j_QOz5ZqDzQ_full.mp4: encoding clip 6/15 (134.800s to 140.000s)
2026-08-16 23:13:37,604 SpawnProcess-4 INFO muntenia_studio_lKSeSG-4bys_83s-325s.mp4: encoding clip 14/15 (177.000s to 186.200s)
2026-08-16 23:13:38,311 SpawnProcess-15 INFO muntenia_studio_kjZ5e-lEJTY_157s-634s.mp4: encoding clip 5/15 (430.000s to 435.200s)
2026-08-16 23:13:44,586 SpawnProcess-14 INFO muntenia_studio_j_QOz5ZqDzQ_full.mp4: encoding clip 7/15 (441.400s to 451.400s)
2026-08-16 23:13:45,449 SpawnProcess-15 INFO muntenia_studio_kjZ5e-lEJTY_157s-634s.mp4: encoding clip 6/15 (182.800s to 192.800s)
2026-08-16 23:13:46,588 SpawnProcess-4 INFO muntenia_studio_lKSeSG-4bys_83s-325s.mp4: encoding clip 15/15 (71.800s to 77.600s)
2026-08-16 23:13:46,764 SpawnProcess-2 INFO muntenia_studio_pYm2Qlyvnug_0s-240s.mp4: encoding clip 6/11 (126.800s to 136.800s)
2026-08-16 23:13:53,409 SpawnProcess-4 INFO muntenia_studio_lKSeSG-4bys_83s-325s.mp4: completed
2026-08-16 23:13:53,415 SpawnProcess-4 INFO Loading detection cache: ../videos_detections/rep_moldova_itw_Gv07KK9-QBY_full/detections.json
2026-08-16 23:13:53,861 SpawnProcess-4 INFO rep_moldova_itw_Gv07KK9-QBY_full.mp4: duration=285.1s, samples=1424, tracks=29
2026-08-16 23:13:54,504 SpawnProcess-14 INFO muntenia_studio_j_QOz5ZqDzQ_full.mp4: encoding clip 8/15 (212.600s to 218.800s)
2026-08-16 23:13:57,140 SpawnProcess-15 INFO muntenia_studio_kjZ5e-lEJTY_157s-634s.mp4: encoding clip 7/15 (267.400s to 277.400s)
2026-08-16 23:13:59,245 SpawnProcess-2 INFO muntenia_studio_pYm2Qlyvnug_0s-240s.mp4: encoding clip 7/11 (202.600s to 212.600s)
2026-08-16 23:13:59,548 SpawnProcess-4 INFO rep_moldova_itw_Gv07KK9-QBY_full.mp4: VAD found 34 speech intervals
2026-08-16 23:14:00,688 SpawnProcess-14 INFO muntenia_studio_j_QOz5ZqDzQ_full.mp4: encoding clip 9/15 (370.800s to 380.800s)
2026-08-16 23:14:07,511 SpawnProcess-15 INFO muntenia_studio_kjZ5e-lEJTY_157s-634s.mp4: encoding clip 8/15 (121.800s to 131.800s)
2026-08-16 23:14:10,915 SpawnProcess-2 INFO muntenia_studio_pYm2Qlyvnug_0s-240s.mp4: encoding clip 8/11 (96.800s to 106.800s)
2026-08-16 23:14:11,296 SpawnProcess-14 INFO muntenia_studio_j_QOz5ZqDzQ_full.mp4: encoding clip 10/15 (115.400s to 125.400s)
2026-08-16 23:14:18,601 SpawnProcess-15 INFO muntenia_studio_kjZ5e-lEJTY_157s-634s.mp4: encoding clip 9/15 (157.400s to 167.400s)
2026-08-16 23:14:22,121 SpawnProcess-14 INFO muntenia_studio_j_QOz5ZqDzQ_full.mp4: encoding clip 11/15 (267.400s to 277.200s)
2026-08-16 23:14:24,367 SpawnProcess-2 INFO muntenia_studio_pYm2Qlyvnug_0s-240s.mp4: encoding clip 9/11 (157.800s to 167.800s)
2026-08-16 23:14:27,840 SpawnProcess-7 INFO muntenia_studio_qUaRAN9c3QY_full.mp4: selected 8 clips
2026-08-16 23:14:27,843 SpawnProcess-7 INFO muntenia_studio_qUaRAN9c3QY_full.mp4: encoding clip 1/8 (51.800s to 61.800s)
2026-08-16 23:14:31,057 SpawnProcess-15 INFO muntenia_studio_kjZ5e-lEJTY_157s-634s.mp4: encoding clip 10/15 (466.000s to 476.000s)
2026-08-16 23:14:34,485 SpawnProcess-14 INFO muntenia_studio_j_QOz5ZqDzQ_full.mp4: encoding clip 12/15 (433.600s to 439.800s)
2026-08-16 23:14:36,441 SpawnProcess-2 INFO muntenia_studio_pYm2Qlyvnug_0s-240s.mp4: encoding clip 10/11 (116.800s to 126.800s)
2026-08-16 23:14:42,473 SpawnProcess-14 INFO muntenia_studio_j_QOz5ZqDzQ_full.mp4: encoding clip 13/15 (58.200s to 64.200s)
2026-08-16 23:14:43,474 SpawnProcess-15 INFO muntenia_studio_kjZ5e-lEJTY_157s-634s.mp4: encoding clip 11/15 (456.000s to 466.000s)
2026-08-16 23:14:46,218 SpawnProcess-7 INFO muntenia_studio_qUaRAN9c3QY_full.mp4: encoding clip 2/8 (41.800s to 51.800s)
2026-08-16 23:14:48,779 SpawnProcess-3 INFO muntenia_studio_wMRgQ7xGlOk_752s-876s.mp4: selected 3 clips
2026-08-16 23:14:48,782 SpawnProcess-3 INFO muntenia_studio_wMRgQ7xGlOk_752s-876s.mp4: encoding clip 1/3 (18.819s to 27.027s)
2026-08-16 23:14:50,246 SpawnProcess-14 INFO muntenia_studio_j_QOz5ZqDzQ_full.mp4: encoding clip 14/15 (155.800s to 165.200s)
2026-08-16 23:14:50,273 SpawnProcess-2 INFO muntenia_studio_pYm2Qlyvnug_0s-240s.mp4: encoding clip 11/11 (193.800s to 201.400s)
2026-08-16 23:14:56,388 SpawnProcess-15 INFO muntenia_studio_kjZ5e-lEJTY_157s-634s.mp4: encoding clip 12/15 (354.800s to 361.400s)
2026-08-16 23:15:01,387 SpawnProcess-2 INFO muntenia_studio_pYm2Qlyvnug_0s-240s.mp4: completed
2026-08-16 23:15:01,395 SpawnProcess-2 INFO Loading detection cache: ../videos_detections/rep_moldova_itw_InZS5NXUtfM_0s-360s/detections.json
2026-08-16 23:15:02,165 SpawnProcess-2 INFO rep_moldova_itw_InZS5NXUtfM_0s-360s.mp4: duration=360.0s, samples=1800, tracks=63
2026-08-16 23:15:03,042 SpawnProcess-14 INFO muntenia_studio_j_QOz5ZqDzQ_full.mp4: encoding clip 15/15 (353.800s to 359.600s)
2026-08-16 23:15:04,578 SpawnProcess-3 INFO muntenia_studio_wMRgQ7xGlOk_752s-876s.mp4: encoding clip 2/3 (110.310s to 120.310s)
2026-08-16 23:15:04,816 SpawnProcess-7 INFO muntenia_studio_qUaRAN9c3QY_full.mp4: encoding clip 3/8 (99.800s to 109.800s)
2026-08-16 23:15:06,454 SpawnProcess-15 INFO muntenia_studio_kjZ5e-lEJTY_157s-634s.mp4: encoding clip 13/15 (436.600s to 446.600s)
2026-08-16 23:15:07,667 SpawnProcess-8 INFO muntenia_studio_uwRbf9DTSiM_61s-227s.mp4: selected 8 clips
2026-08-16 23:15:07,669 SpawnProcess-8 INFO muntenia_studio_uwRbf9DTSiM_61s-227s.mp4: encoding clip 1/8 (41.800s to 51.800s)
2026-08-16 23:15:11,980 SpawnProcess-2 INFO rep_moldova_itw_InZS5NXUtfM_0s-360s.mp4: VAD found 43 speech intervals
2026-08-16 23:15:12,616 SpawnProcess-14 INFO muntenia_studio_j_QOz5ZqDzQ_full.mp4: completed
2026-08-16 23:15:12,699 SpawnProcess-14 INFO Loading detection cache: ../videos_detections/rep_moldova_itw_T2Hc8tlOQLA_full/detections.json
2026-08-16 23:15:13,311 SpawnProcess-14 INFO rep_moldova_itw_T2Hc8tlOQLA_full.mp4: duration=242.2s, samples=1210, tracks=39
2026-08-16 23:15:18,868 SpawnProcess-15 INFO muntenia_studio_kjZ5e-lEJTY_157s-634s.mp4: encoding clip 14/15 (227.800s to 237.800s)
2026-08-16 23:15:20,309 SpawnProcess-14 INFO rep_moldova_itw_T2Hc8tlOQLA_full.mp4: VAD found 60 speech intervals
2026-08-16 23:15:20,344 SpawnProcess-3 INFO muntenia_studio_wMRgQ7xGlOk_752s-876s.mp4: encoding clip 3/3 (29.029s to 35.836s)
2026-08-16 23:15:21,469 SpawnProcess-7 INFO muntenia_studio_qUaRAN9c3QY_full.mp4: encoding clip 4/8 (85.800s to 94.000s)
2026-08-16 23:15:24,717 SpawnProcess-8 INFO muntenia_studio_uwRbf9DTSiM_61s-227s.mp4: encoding clip 2/8 (128.800s to 138.800s)
2026-08-16 23:15:31,451 SpawnProcess-15 INFO muntenia_studio_kjZ5e-lEJTY_157s-634s.mp4: encoding clip 15/15 (307.400s to 315.800s)
2026-08-16 23:15:33,387 SpawnProcess-3 INFO muntenia_studio_wMRgQ7xGlOk_752s-876s.mp4: completed
2026-08-16 23:15:33,400 SpawnProcess-3 INFO Loading detection cache: ../videos_detections/rep_moldova_itw_WkcLVGR32NE_full/detections.json
2026-08-16 23:15:34,022 SpawnProcess-3 INFO rep_moldova_itw_WkcLVGR32NE_full.mp4: duration=309.5s, samples=1546, tracks=15
2026-08-16 23:15:39,248 SpawnProcess-7 INFO muntenia_studio_qUaRAN9c3QY_full.mp4: encoding clip 5/8 (61.800s to 71.800s)
2026-08-16 23:15:39,945 SpawnProcess-8 INFO muntenia_studio_uwRbf9DTSiM_61s-227s.mp4: encoding clip 3/8 (95.800s to 105.800s)
2026-08-16 23:15:41,814 SpawnProcess-15 INFO muntenia_studio_kjZ5e-lEJTY_157s-634s.mp4: completed
2026-08-16 23:15:41,832 SpawnProcess-15 INFO Loading detection cache: ../videos_detections/rep_moldova_itw_fI2WU5KIuQY_255s-363s/detections.json
2026-08-16 23:15:42,473 SpawnProcess-15 INFO rep_moldova_itw_fI2WU5KIuQY_255s-363s.mp4: duration=108.0s, samples=541, tracks=13
2026-08-16 23:15:42,917 SpawnProcess-6 INFO rep_moldova_itw_BhQlr38_yJk_full.mp4: selected 7 clips
2026-08-16 23:15:42,923 SpawnProcess-6 INFO rep_moldova_itw_BhQlr38_yJk_full.mp4: encoding clip 1/7 (156.757s to 163.964s)
2026-08-16 23:15:44,180 SpawnProcess-3 INFO rep_moldova_itw_WkcLVGR32NE_full.mp4: VAD found 41 speech intervals
2026-08-16 23:15:45,692 SpawnProcess-15 INFO rep_moldova_itw_fI2WU5KIuQY_255s-363s.mp4: VAD found 10 speech intervals
2026-08-16 23:15:53,533 SpawnProcess-8 INFO muntenia_studio_uwRbf9DTSiM_61s-227s.mp4: encoding clip 4/8 (21.800s to 31.800s)
2026-08-16 23:15:55,491 SpawnProcess-6 INFO rep_moldova_itw_BhQlr38_yJk_full.mp4: encoding clip 2/7 (75.475s to 80.680s)
2026-08-16 23:15:59,273 SpawnProcess-7 INFO muntenia_studio_qUaRAN9c3QY_full.mp4: encoding clip 6/8 (71.800s to 77.800s)
2026-08-16 23:16:04,541 SpawnProcess-13 INFO muntenia_studio_pvAHc4xuLxU_0s-300s.mp4: selected 15 clips
2026-08-16 23:16:04,543 SpawnProcess-13 INFO muntenia_studio_pvAHc4xuLxU_0s-300s.mp4: encoding clip 1/15 (155.600s to 165.600s)
2026-08-16 23:16:05,029 SpawnProcess-6 INFO rep_moldova_itw_BhQlr38_yJk_full.mp4: encoding clip 3/7 (120.711s to 125.926s)
2026-08-16 23:16:08,079 SpawnProcess-8 INFO muntenia_studio_uwRbf9DTSiM_61s-227s.mp4: encoding clip 5/8 (31.800s to 41.800s)
2026-08-16 23:16:13,153 SpawnProcess-7 INFO muntenia_studio_qUaRAN9c3QY_full.mp4: encoding clip 7/8 (109.800s to 119.800s)
2026-08-16 23:16:15,023 SpawnProcess-6 INFO rep_moldova_itw_BhQlr38_yJk_full.mp4: encoding clip 4/7 (83.884s to 93.884s)
2026-08-16 23:16:16,788 SpawnProcess-13 INFO muntenia_studio_pvAHc4xuLxU_0s-300s.mp4: encoding clip 2/15 (279.600s to 288.600s)
2026-08-16 23:16:22,977 SpawnProcess-8 INFO muntenia_studio_uwRbf9DTSiM_61s-227s.mp4: encoding clip 6/8 (8.800s to 18.800s)
2026-08-16 23:16:29,305 SpawnProcess-13 INFO muntenia_studio_pvAHc4xuLxU_0s-300s.mp4: encoding clip 3/15 (80.000s to 87.000s)
2026-08-16 23:16:30,119 SpawnProcess-6 INFO rep_moldova_itw_BhQlr38_yJk_full.mp4: encoding clip 5/7 (50.250s to 57.657s)
2026-08-16 23:16:34,216 SpawnProcess-7 INFO muntenia_studio_qUaRAN9c3QY_full.mp4: encoding clip 8/8 (23.600s to 33.600s)
2026-08-16 23:16:37,687 SpawnProcess-8 INFO muntenia_studio_uwRbf9DTSiM_61s-227s.mp4: encoding clip 7/8 (115.800s to 125.800s)
2026-08-16 23:16:39,678 SpawnProcess-13 INFO muntenia_studio_pvAHc4xuLxU_0s-300s.mp4: encoding clip 4/15 (60.000s to 70.000s)
2026-08-16 23:16:43,346 SpawnProcess-6 INFO rep_moldova_itw_BhQlr38_yJk_full.mp4: encoding clip 6/7 (110.711s to 120.711s)
2026-08-16 23:16:53,895 SpawnProcess-13 INFO muntenia_studio_pvAHc4xuLxU_0s-300s.mp4: encoding clip 5/15 (40.000s to 50.000s)
2026-08-16 23:16:57,267 SpawnProcess-8 INFO muntenia_studio_uwRbf9DTSiM_61s-227s.mp4: encoding clip 8/8 (105.800s to 115.800s)
2026-08-16 23:16:58,228 SpawnProcess-4 INFO rep_moldova_itw_Gv07KK9-QBY_full.mp4: selected 11 clips
2026-08-16 23:16:58,230 SpawnProcess-4 INFO rep_moldova_itw_Gv07KK9-QBY_full.mp4: encoding clip 1/11 (156.156s to 166.156s)
2026-08-16 23:17:01,015 SpawnProcess-7 INFO muntenia_studio_qUaRAN9c3QY_full.mp4: completed
2026-08-16 23:17:01,025 SpawnProcess-7 INFO Loading detection cache: ../videos_detections/rep_moldova_studio_0UdgzOtN0rE_848s-1200s/detections.json
2026-08-16 23:17:01,817 SpawnProcess-7 INFO rep_moldova_studio_0UdgzOtN0rE_848s-1200s.mp4: duration=352.0s, samples=1760, tracks=9
2026-08-16 23:17:03,082 SpawnProcess-6 INFO rep_moldova_itw_BhQlr38_yJk_full.mp4: encoding clip 7/7 (131.932s to 136.937s)
2026-08-16 23:17:04,656 SpawnProcess-15 INFO rep_moldova_itw_fI2WU5KIuQY_255s-363s.mp4: selected 3 clips
2026-08-16 23:17:04,660 SpawnProcess-15 INFO rep_moldova_itw_fI2WU5KIuQY_255s-363s.mp4: encoding clip 1/3 (101.400s to 107.800s)
2026-08-16 23:17:05,077 SpawnProcess-10 INFO muntenia_studio_u_uMmiOznFU_64s-310s.mp4: selected 15 clips
2026-08-16 23:17:05,078 SpawnProcess-10 INFO muntenia_studio_u_uMmiOznFU_64s-310s.mp4: encoding clip 1/15 (173.000s to 183.000s)
2026-08-16 23:17:08,365 SpawnProcess-13 INFO muntenia_studio_pvAHc4xuLxU_0s-300s.mp4: encoding clip 6/15 (109.800s to 119.000s)
2026-08-16 23:17:10,705 SpawnProcess-7 INFO rep_moldova_studio_0UdgzOtN0rE_848s-1200s.mp4: VAD found 56 speech intervals
2026-08-16 23:17:11,340 SpawnProcess-4 INFO rep_moldova_itw_Gv07KK9-QBY_full.mp4: encoding clip 2/11 (87.487s to 97.487s)
2026-08-16 23:17:13,781 SpawnProcess-16 INFO muntenia_studio_yw6-to1ASyk_479s-806s.mp4: selected 8 clips
2026-08-16 23:17:13,795 SpawnProcess-16 INFO muntenia_studio_yw6-to1ASyk_479s-806s.mp4: encoding clip 1/8 (11.400s to 18.000s)
2026-08-16 23:17:13,894 SpawnProcess-6 INFO rep_moldova_itw_BhQlr38_yJk_full.mp4: completed
2026-08-16 23:17:13,907 SpawnProcess-6 INFO Loading detection cache: ../videos_detections/rep_moldova_studio_2WUMgEA8zCM_150s-415s/detections.json
2026-08-16 23:17:14,547 SpawnProcess-6 INFO rep_moldova_studio_2WUMgEA8zCM_150s-415s.mp4: duration=265.1s, samples=1326, tracks=26
2026-08-16 23:17:14,944 SpawnProcess-8 INFO muntenia_studio_uwRbf9DTSiM_61s-227s.mp4: completed
2026-08-16 23:17:14,967 SpawnProcess-8 INFO Loading detection cache: ../videos_detections/rep_moldova_studio_3f4DnN1Pxjw_60s-420s/detections.json
2026-08-16 23:17:15,361 SpawnProcess-15 INFO rep_moldova_itw_fI2WU5KIuQY_255s-363s.mp4: encoding clip 2/3 (91.400s to 101.400s)
2026-08-16 23:17:15,790 SpawnProcess-8 INFO rep_moldova_studio_3f4DnN1Pxjw_60s-420s.mp4: duration=360.0s, samples=1800, tracks=34
2026-08-16 23:17:20,325 SpawnProcess-13 INFO muntenia_studio_pvAHc4xuLxU_0s-300s.mp4: encoding clip 7/15 (294.200s to 300.000s)
2026-08-16 23:17:21,296 SpawnProcess-6 INFO rep_moldova_studio_2WUMgEA8zCM_150s-415s.mp4: VAD found 34 speech intervals
2026-08-16 23:17:22,496 SpawnProcess-10 INFO muntenia_studio_u_uMmiOznFU_64s-310s.mp4: encoding clip 2/15 (153.000s to 163.000s)
2026-08-16 23:17:24,819 SpawnProcess-16 INFO muntenia_studio_yw6-to1ASyk_479s-806s.mp4: encoding clip 2/8 (255.800s to 260.800s)
2026-08-16 23:17:25,765 SpawnProcess-8 INFO rep_moldova_studio_3f4DnN1Pxjw_60s-420s.mp4: VAD found 69 speech intervals
2026-08-16 23:17:25,952 SpawnProcess-9 INFO muntenia_studio_qSCh0YfIM-M_0s-499s.mp4: selected 15 clips
2026-08-16 23:17:25,957 SpawnProcess-9 INFO muntenia_studio_qSCh0YfIM-M_0s-499s.mp4: encoding clip 1/15 (404.800s to 414.800s)
2026-08-16 23:17:26,617 SpawnProcess-4 INFO rep_moldova_itw_Gv07KK9-QBY_full.mp4: encoding clip 3/11 (117.487s to 127.487s)
2026-08-16 23:17:30,193 SpawnProcess-13 INFO muntenia_studio_pvAHc4xuLxU_0s-300s.mp4: encoding clip 8/15 (89.800s to 99.800s)
2026-08-16 23:17:30,456 SpawnProcess-15 INFO rep_moldova_itw_fI2WU5KIuQY_255s-363s.mp4: encoding clip 3/3 (0.200s to 5.200s)
2026-08-16 23:17:35,048 SpawnProcess-16 INFO muntenia_studio_yw6-to1ASyk_479s-806s.mp4: encoding clip 3/8 (314.200s to 324.200s)
2026-08-16 23:17:35,878 SpawnProcess-11 INFO muntenia_studio_rM_xk6_pDis_223s-688s.mp4: selected 15 clips
2026-08-16 23:17:35,882 SpawnProcess-11 INFO muntenia_studio_rM_xk6_pDis_223s-688s.mp4: encoding clip 1/15 (367.800s to 377.800s)
2026-08-16 23:17:36,756 SpawnProcess-10 INFO muntenia_studio_u_uMmiOznFU_64s-310s.mp4: encoding clip 3/15 (10.000s to 20.000s)
2026-08-16 23:17:41,536 SpawnProcess-4 INFO rep_moldova_itw_Gv07KK9-QBY_full.mp4: encoding clip 4/11 (47.848s to 57.848s)
2026-08-16 23:17:41,738 SpawnProcess-15 INFO rep_moldova_itw_fI2WU5KIuQY_255s-363s.mp4: completed
2026-08-16 23:17:41,751 SpawnProcess-15 INFO Loading detection cache: ../videos_detections/rep_moldova_studio_6kATVUeZToI_170s-420s/detections.json
2026-08-16 23:17:41,945 SpawnProcess-9 INFO muntenia_studio_qSCh0YfIM-M_0s-499s.mp4: encoding clip 2/15 (473.200s to 483.200s)
2026-08-16 23:17:42,075 SpawnProcess-13 INFO muntenia_studio_pvAHc4xuLxU_0s-300s.mp4: encoding clip 9/15 (207.600s to 217.200s)
2026-08-16 23:17:42,349 SpawnProcess-15 INFO rep_moldova_studio_6kATVUeZToI_170s-420s.mp4: duration=250.0s, samples=1250, tracks=15
2026-08-16 23:17:49,848 SpawnProcess-16 INFO muntenia_studio_yw6-to1ASyk_479s-806s.mp4: encoding clip 4/8 (267.000s to 272.000s)
2026-08-16 23:17:50,368 SpawnProcess-10 INFO muntenia_studio_u_uMmiOznFU_64s-310s.mp4: encoding clip 4/15 (40.000s to 50.000s)
2026-08-16 23:17:50,802 SpawnProcess-11 INFO muntenia_studio_rM_xk6_pDis_223s-688s.mp4: encoding clip 2/15 (41.200s to 46.800s)
2026-08-16 23:17:51,831 SpawnProcess-15 INFO rep_moldova_studio_6kATVUeZToI_170s-420s.mp4: VAD found 56 speech intervals
2026-08-16 23:17:52,545 SpawnProcess-13 INFO muntenia_studio_pvAHc4xuLxU_0s-300s.mp4: encoding clip 10/15 (122.800s to 132.800s)
2026-08-16 23:17:55,182 SpawnProcess-9 INFO muntenia_studio_qSCh0YfIM-M_0s-499s.mp4: encoding clip 3/15 (463.200s to 473.200s)
2026-08-16 23:17:58,201 SpawnProcess-16 INFO muntenia_studio_yw6-to1ASyk_479s-806s.mp4: encoding clip 5/8 (115.800s to 125.800s)
2026-08-16 23:17:58,922 SpawnProcess-1 INFO muntenia_studio_x4MdfhgpUj0_0s-494s.mp4: selected 6 clips
2026-08-16 23:17:58,933 SpawnProcess-1 INFO muntenia_studio_x4MdfhgpUj0_0s-494s.mp4: encoding clip 1/6 (179.800s to 185.000s)
2026-08-16 23:17:59,069 SpawnProcess-4 INFO rep_moldova_itw_Gv07KK9-QBY_full.mp4: encoding clip 5/11 (225.425s to 235.425s)
2026-08-16 23:17:59,249 SpawnProcess-11 INFO muntenia_studio_rM_xk6_pDis_223s-688s.mp4: encoding clip 3/15 (404.800s to 414.800s)
2026-08-16 23:18:03,844 SpawnProcess-13 INFO muntenia_studio_pvAHc4xuLxU_0s-300s.mp4: encoding clip 11/15 (30.000s to 40.000s)
2026-08-16 23:18:04,018 SpawnProcess-10 INFO muntenia_studio_u_uMmiOznFU_64s-310s.mp4: encoding clip 5/15 (223.400s to 233.400s)
2026-08-16 23:18:09,304 SpawnProcess-1 INFO muntenia_studio_x4MdfhgpUj0_0s-494s.mp4: encoding clip 2/6 (18.800s to 28.800s)
2026-08-16 23:18:12,029 SpawnProcess-9 INFO muntenia_studio_qSCh0YfIM-M_0s-499s.mp4: encoding clip 4/15 (493.600s to 499.200s)
2026-08-16 23:18:13,494 SpawnProcess-4 INFO rep_moldova_itw_Gv07KK9-QBY_full.mp4: encoding clip 6/11 (267.667s to 277.667s)
2026-08-16 23:18:15,419 SpawnProcess-13 INFO muntenia_studio_pvAHc4xuLxU_0s-300s.mp4: encoding clip 12/15 (99.800s to 109.800s)
2026-08-16 23:18:15,447 SpawnProcess-11 INFO muntenia_studio_rM_xk6_pDis_223s-688s.mp4: encoding clip 4/15 (47.600s to 52.800s)
2026-08-16 23:18:17,271 SpawnProcess-16 INFO muntenia_studio_yw6-to1ASyk_479s-806s.mp4: encoding clip 6/8 (23.400s to 33.400s)
2026-08-16 23:18:20,017 SpawnProcess-10 INFO muntenia_studio_u_uMmiOznFU_64s-310s.mp4: encoding clip 6/15 (60.000s to 70.000s)
2026-08-16 23:18:20,979 SpawnProcess-9 INFO muntenia_studio_qSCh0YfIM-M_0s-499s.mp4: encoding clip 5/15 (374.800s to 384.800s)
2026-08-16 23:18:24,313 SpawnProcess-11 INFO muntenia_studio_rM_xk6_pDis_223s-688s.mp4: encoding clip 5/15 (89.800s to 99.800s)
2026-08-16 23:18:24,709 SpawnProcess-1 INFO muntenia_studio_x4MdfhgpUj0_0s-494s.mp4: encoding clip 3/6 (471.400s to 481.400s)
2026-08-16 23:18:29,049 SpawnProcess-16 INFO muntenia_studio_yw6-to1ASyk_479s-806s.mp4: encoding clip 7/8 (223.800s to 232.000s)
2026-08-16 23:18:29,911 SpawnProcess-4 INFO rep_moldova_itw_Gv07KK9-QBY_full.mp4: encoding clip 7/11 (253.053s to 263.053s)
2026-08-16 23:18:31,103 SpawnProcess-13 INFO muntenia_studio_pvAHc4xuLxU_0s-300s.mp4: encoding clip 13/15 (218.200s to 224.000s)
2026-08-16 23:18:33,425 SpawnProcess-10 INFO muntenia_studio_u_uMmiOznFU_64s-310s.mp4: encoding clip 7/15 (132.200s to 142.200s)
2026-08-16 23:18:36,287 SpawnProcess-9 INFO muntenia_studio_qSCh0YfIM-M_0s-499s.mp4: encoding clip 6/15 (324.400s to 334.400s)
2026-08-16 23:18:36,883 SpawnProcess-1 INFO muntenia_studio_x4MdfhgpUj0_0s-494s.mp4: encoding clip 4/6 (237.200s to 243.000s)
2026-08-16 23:18:39,887 SpawnProcess-13 INFO muntenia_studio_pvAHc4xuLxU_0s-300s.mp4: encoding clip 14/15 (50.000s to 60.000s)
2026-08-16 23:18:40,896 SpawnProcess-11 INFO muntenia_studio_rM_xk6_pDis_223s-688s.mp4: encoding clip 6/15 (79.800s to 89.800s)
2026-08-16 23:18:41,636 SpawnProcess-16 INFO muntenia_studio_yw6-to1ASyk_479s-806s.mp4: encoding clip 8/8 (167.400s to 173.000s)
2026-08-16 23:18:43,668 SpawnProcess-4 INFO rep_moldova_itw_Gv07KK9-QBY_full.mp4: encoding clip 8/11 (243.643s to 248.648s)
2026-08-16 23:18:47,105 SpawnProcess-1 INFO muntenia_studio_x4MdfhgpUj0_0s-494s.mp4: encoding clip 5/6 (445.000s to 455.000s)
2026-08-16 23:18:47,870 SpawnProcess-10 INFO muntenia_studio_u_uMmiOznFU_64s-310s.mp4: encoding clip 8/15 (20.000s to 30.000s)
2026-08-16 23:18:51,953 SpawnProcess-9 INFO muntenia_studio_qSCh0YfIM-M_0s-499s.mp4: encoding clip 7/15 (424.200s to 434.200s)
2026-08-16 23:18:53,649 SpawnProcess-16 INFO muntenia_studio_yw6-to1ASyk_479s-806s.mp4: completed
2026-08-16 23:18:53,661 SpawnProcess-16 INFO Loading detection cache: ../videos_detections/rep_moldova_studio_AVe2BKqq8uE_515s-950s/detections.json
2026-08-16 23:18:53,861 SpawnProcess-4 INFO rep_moldova_itw_Gv07KK9-QBY_full.mp4: encoding clip 9/11 (41.842s to 46.847s)
2026-08-16 23:18:54,614 SpawnProcess-16 INFO rep_moldova_studio_AVe2BKqq8uE_515s-950s.mp4: duration=435.0s, samples=2175, tracks=15
2026-08-16 23:18:54,975 SpawnProcess-13 INFO muntenia_studio_pvAHc4xuLxU_0s-300s.mp4: encoding clip 15/15 (142.800s to 152.800s)
2026-08-16 23:18:56,550 SpawnProcess-11 INFO muntenia_studio_rM_xk6_pDis_223s-688s.mp4: encoding clip 7/15 (344.600s to 352.600s)
2026-08-16 23:19:01,171 SpawnProcess-1 INFO muntenia_studio_x4MdfhgpUj0_0s-494s.mp4: encoding clip 6/6 (286.400s to 294.000s)
2026-08-16 23:19:02,852 SpawnProcess-4 INFO rep_moldova_itw_Gv07KK9-QBY_full.mp4: encoding clip 10/11 (97.487s to 107.487s)
2026-08-16 23:19:03,609 SpawnProcess-10 INFO muntenia_studio_u_uMmiOznFU_64s-310s.mp4: encoding clip 9/15 (233.400s to 243.400s)
2026-08-16 23:19:08,009 SpawnProcess-16 INFO rep_moldova_studio_AVe2BKqq8uE_515s-950s.mp4: VAD found 7 speech intervals
2026-08-16 23:19:08,215 SpawnProcess-9 INFO muntenia_studio_qSCh0YfIM-M_0s-499s.mp4: encoding clip 8/15 (384.800s to 394.800s)
2026-08-16 23:19:08,243 SpawnProcess-11 INFO muntenia_studio_rM_xk6_pDis_223s-688s.mp4: encoding clip 8/15 (34.200s to 39.800s)
2026-08-16 23:19:09,567 SpawnProcess-13 INFO muntenia_studio_pvAHc4xuLxU_0s-300s.mp4: completed
2026-08-16 23:19:09,605 SpawnProcess-13 INFO Loading detection cache: ../videos_detections/rep_moldova_studio_FAPEdnmr63w_60s-420s/detections.json
2026-08-16 23:19:10,412 SpawnProcess-13 INFO rep_moldova_studio_FAPEdnmr63w_60s-420s.mp4: duration=360.0s, samples=1800, tracks=27
2026-08-16 23:19:13,505 SpawnProcess-1 INFO muntenia_studio_x4MdfhgpUj0_0s-494s.mp4: completed
2026-08-16 23:19:13,521 SpawnProcess-1 INFO Loading detection cache: ../videos_detections/rep_moldova_studio_FSkO1AwlSgM_960s-1500s/detections.json
2026-08-16 23:19:14,173 SpawnProcess-1 INFO rep_moldova_studio_FSkO1AwlSgM_960s-1500s.mp4: duration=540.0s, samples=2700, tracks=41
2026-08-16 23:19:18,111 SpawnProcess-13 INFO rep_moldova_studio_FAPEdnmr63w_60s-420s.mp4: VAD found 29 speech intervals
2026-08-16 23:19:19,868 SpawnProcess-4 INFO rep_moldova_itw_Gv07KK9-QBY_full.mp4: encoding clip 11/11 (107.487s to 117.487s)
2026-08-16 23:19:20,388 SpawnProcess-11 INFO muntenia_studio_rM_xk6_pDis_223s-688s.mp4: encoding clip 9/15 (394.800s to 404.800s)
2026-08-16 23:19:21,110 SpawnProcess-10 INFO muntenia_studio_u_uMmiOznFU_64s-310s.mp4: encoding clip 10/15 (183.000s to 193.000s)
2026-08-16 23:19:23,636 SpawnProcess-9 INFO muntenia_studio_qSCh0YfIM-M_0s-499s.mp4: encoding clip 9/15 (160.400s to 170.400s)
2026-08-16 23:19:27,402 SpawnProcess-1 INFO rep_moldova_studio_FSkO1AwlSgM_960s-1500s.mp4: VAD found 66 speech intervals
2026-08-16 23:19:34,443 SpawnProcess-4 INFO rep_moldova_itw_Gv07KK9-QBY_full.mp4: completed
2026-08-16 23:19:34,454 SpawnProcess-4 INFO Loading detection cache: ../videos_detections/rep_moldova_studio_F_Cnppr3hFc_342s-600s/detections.json
2026-08-16 23:19:35,449 SpawnProcess-4 INFO rep_moldova_studio_F_Cnppr3hFc_342s-600s.mp4: duration=258.0s, samples=1290, tracks=11
2026-08-16 23:19:41,487 SpawnProcess-10 INFO muntenia_studio_u_uMmiOznFU_64s-310s.mp4: encoding clip 11/15 (110.000s to 120.000s)
2026-08-16 23:19:41,900 SpawnProcess-4 INFO rep_moldova_studio_F_Cnppr3hFc_342s-600s.mp4: VAD found 37 speech intervals
2026-08-16 23:19:42,732 SpawnProcess-11 INFO muntenia_studio_rM_xk6_pDis_223s-688s.mp4: encoding clip 10/15 (116.600s to 126.600s)
2026-08-16 23:19:46,215 SpawnProcess-9 INFO muntenia_studio_qSCh0YfIM-M_0s-499s.mp4: encoding clip 10/15 (121.800s to 126.800s)
2026-08-16 23:19:56,036 SpawnProcess-9 INFO muntenia_studio_qSCh0YfIM-M_0s-499s.mp4: encoding clip 11/15 (351.800s to 361.800s)
2026-08-16 23:19:57,792 SpawnProcess-10 INFO muntenia_studio_u_uMmiOznFU_64s-310s.mp4: encoding clip 12/15 (213.400s to 223.400s)
2026-08-16 23:19:58,065 SpawnProcess-3 INFO rep_moldova_itw_WkcLVGR32NE_full.mp4: selected 15 clips
2026-08-16 23:19:58,073 SpawnProcess-3 INFO rep_moldova_itw_WkcLVGR32NE_full.mp4: encoding clip 1/15 (77.878s to 87.878s)
2026-08-16 23:20:00,886 SpawnProcess-11 INFO muntenia_studio_rM_xk6_pDis_223s-688s.mp4: encoding clip 11/15 (414.800s to 424.800s)
2026-08-16 23:20:11,543 SpawnProcess-10 INFO muntenia_studio_u_uMmiOznFU_64s-310s.mp4: encoding clip 13/15 (70.000s to 80.000s)
2026-08-16 23:20:13,022 SpawnProcess-6 INFO rep_moldova_studio_2WUMgEA8zCM_150s-415s.mp4: selected 10 clips
2026-08-16 23:20:13,029 SpawnProcess-6 INFO rep_moldova_studio_2WUMgEA8zCM_150s-415s.mp4: encoding clip 1/10 (77.200s to 82.200s)
2026-08-16 23:20:14,802 SpawnProcess-9 INFO muntenia_studio_qSCh0YfIM-M_0s-499s.mp4: encoding clip 12/15 (334.400s to 341.000s)
2026-08-16 23:20:15,399 SpawnProcess-12 INFO muntenia_studio_wMijZ2QyDss_145s-729s.mp4: selected 12 clips
2026-08-16 23:20:15,401 SpawnProcess-12 INFO muntenia_studio_wMijZ2QyDss_145s-729s.mp4: encoding clip 1/12 (23.800s to 31.000s)
2026-08-16 23:20:16,179 SpawnProcess-2 INFO rep_moldova_itw_InZS5NXUtfM_0s-360s.mp4: selected 7 clips
2026-08-16 23:20:16,181 SpawnProcess-2 INFO rep_moldova_itw_InZS5NXUtfM_0s-360s.mp4: encoding clip 1/7 (321.000s to 327.000s)
2026-08-16 23:20:17,358 SpawnProcess-3 INFO rep_moldova_itw_WkcLVGR32NE_full.mp4: encoding clip 2/15 (229.229s to 234.234s)
2026-08-16 23:20:17,495 SpawnProcess-11 INFO muntenia_studio_rM_xk6_pDis_223s-688s.mp4: encoding clip 12/15 (65.600s to 75.600s)
2026-08-16 23:20:23,770 SpawnProcess-6 INFO rep_moldova_studio_2WUMgEA8zCM_150s-415s.mp4: encoding clip 2/10 (182.800s to 192.800s)
2026-08-16 23:20:25,181 SpawnProcess-10 INFO muntenia_studio_u_uMmiOznFU_64s-310s.mp4: encoding clip 14/15 (0.000s to 10.000s)
2026-08-16 23:20:28,158 SpawnProcess-2 INFO rep_moldova_itw_InZS5NXUtfM_0s-360s.mp4: encoding clip 2/7 (275.400s to 283.800s)
2026-08-16 23:20:28,325 SpawnProcess-9 INFO muntenia_studio_qSCh0YfIM-M_0s-499s.mp4: encoding clip 13/15 (394.800s to 404.800s)
2026-08-16 23:20:30,954 SpawnProcess-11 INFO muntenia_studio_rM_xk6_pDis_223s-688s.mp4: encoding clip 13/15 (384.800s to 394.800s)
2026-08-16 23:20:31,069 SpawnProcess-12 INFO muntenia_studio_wMijZ2QyDss_145s-729s.mp4: encoding clip 2/12 (84.800s to 91.000s)
2026-08-16 23:20:31,138 SpawnProcess-3 INFO rep_moldova_itw_WkcLVGR32NE_full.mp4: encoding clip 3/15 (214.815s to 221.021s)
2026-08-16 23:20:32,640 SpawnProcess-14 INFO rep_moldova_itw_T2Hc8tlOQLA_full.mp4: selected 9 clips
2026-08-16 23:20:32,649 SpawnProcess-14 INFO rep_moldova_itw_T2Hc8tlOQLA_full.mp4: encoding clip 1/9 (87.688s to 93.694s)
2026-08-16 23:20:39,192 SpawnProcess-6 INFO rep_moldova_studio_2WUMgEA8zCM_150s-415s.mp4: encoding clip 3/10 (196.800s to 206.800s)
2026-08-16 23:20:39,967 SpawnProcess-2 INFO rep_moldova_itw_InZS5NXUtfM_0s-360s.mp4: encoding clip 3/7 (266.600s to 272.400s)
2026-08-16 23:20:40,214 SpawnProcess-10 INFO muntenia_studio_u_uMmiOznFU_64s-310s.mp4: encoding clip 15/15 (142.200s to 152.000s)
2026-08-16 23:20:45,901 SpawnProcess-9 INFO muntenia_studio_qSCh0YfIM-M_0s-499s.mp4: encoding clip 14/15 (170.400s to 177.800s)
2026-08-16 23:20:48,735 SpawnProcess-12 INFO muntenia_studio_wMijZ2QyDss_145s-729s.mp4: encoding clip 3/12 (401.400s to 407.800s)
2026-08-16 23:20:50,558 SpawnProcess-3 INFO rep_moldova_itw_WkcLVGR32NE_full.mp4: encoding clip 4/15 (50.250s to 56.456s)
2026-08-16 23:20:51,628 SpawnProcess-2 INFO rep_moldova_itw_InZS5NXUtfM_0s-360s.mp4: encoding clip 4/7 (223.600s to 232.800s)
2026-08-16 23:20:51,743 SpawnProcess-14 INFO rep_moldova_itw_T2Hc8tlOQLA_full.mp4: encoding clip 2/9 (189.790s to 194.995s)
2026-08-16 23:20:51,798 SpawnProcess-11 INFO muntenia_studio_rM_xk6_pDis_223s-688s.mp4: encoding clip 14/15 (434.200s to 444.200s)
2026-08-16 23:20:54,093 SpawnProcess-10 INFO muntenia_studio_u_uMmiOznFU_64s-310s.mp4: completed
2026-08-16 23:20:54,107 SpawnProcess-10 INFO Loading detection cache: ../videos_detections/rep_moldova_studio_I6j09Iys4Xo_155s-400s/detections.json
2026-08-16 23:20:54,621 SpawnProcess-10 INFO rep_moldova_studio_I6j09Iys4Xo_155s-400s.mp4: duration=245.0s, samples=1225, tracks=43
2026-08-16 23:20:56,672 SpawnProcess-6 INFO rep_moldova_studio_2WUMgEA8zCM_150s-415s.mp4: encoding clip 4/10 (22.200s to 32.200s)
2026-08-16 23:21:00,014 SpawnProcess-9 INFO muntenia_studio_qSCh0YfIM-M_0s-499s.mp4: encoding clip 15/15 (103.800s to 109.800s)
2026-08-16 23:21:00,930 SpawnProcess-12 INFO muntenia_studio_wMijZ2QyDss_145s-729s.mp4: encoding clip 4/12 (63.600s to 69.800s)
2026-08-16 23:21:01,876 SpawnProcess-10 INFO rep_moldova_studio_I6j09Iys4Xo_155s-400s.mp4: VAD found 20 speech intervals
2026-08-16 23:21:02,152 SpawnProcess-3 INFO rep_moldova_itw_WkcLVGR32NE_full.mp4: encoding clip 5/15 (185.986s to 190.991s)
2026-08-16 23:21:08,721 SpawnProcess-2 INFO rep_moldova_itw_InZS5NXUtfM_0s-360s.mp4: encoding clip 5/7 (197.200s to 207.200s)
2026-08-16 23:21:09,864 SpawnProcess-11 INFO muntenia_studio_rM_xk6_pDis_223s-688s.mp4: encoding clip 15/15 (0.000s to 8.600s)
2026-08-16 23:21:10,134 SpawnProcess-9 INFO muntenia_studio_qSCh0YfIM-M_0s-499s.mp4: completed
2026-08-16 23:21:10,141 SpawnProcess-12 INFO muntenia_studio_wMijZ2QyDss_145s-729s.mp4: encoding clip 5/12 (74.800s to 84.800s)
2026-08-16 23:21:10,149 SpawnProcess-9 INFO Loading detection cache: ../videos_detections/rep_moldova_studio_JLcS5GkJ6E4_0s-410s/detections.json
2026-08-16 23:21:10,925 SpawnProcess-9 INFO rep_moldova_studio_JLcS5GkJ6E4_0s-410s.mp4: duration=410.0s, samples=2050, tracks=6
2026-08-16 23:21:12,023 SpawnProcess-6 INFO rep_moldova_studio_2WUMgEA8zCM_150s-415s.mp4: encoding clip 5/10 (217.000s to 227.000s)
2026-08-16 23:21:12,501 SpawnProcess-14 INFO rep_moldova_itw_T2Hc8tlOQLA_full.mp4: encoding clip 3/9 (95.896s to 104.104s)
2026-08-16 23:21:15,061 SpawnProcess-3 INFO rep_moldova_itw_WkcLVGR32NE_full.mp4: encoding clip 6/15 (260.460s to 269.068s)
2026-08-16 23:21:22,912 SpawnProcess-2 INFO rep_moldova_itw_InZS5NXUtfM_0s-360s.mp4: encoding clip 6/7 (333.600s to 340.600s)
2026-08-16 23:21:23,223 SpawnProcess-11 INFO muntenia_studio_rM_xk6_pDis_223s-688s.mp4: completed
2026-08-16 23:21:23,239 SpawnProcess-11 INFO Loading detection cache: ../videos_detections/rep_moldova_studio_KT1NWjLSDLU_160s-530s/detections.json
2026-08-16 23:21:24,083 SpawnProcess-11 INFO rep_moldova_studio_KT1NWjLSDLU_160s-530s.mp4: duration=370.0s, samples=1851, tracks=2
2026-08-16 23:21:24,695 SpawnProcess-9 INFO rep_moldova_studio_JLcS5GkJ6E4_0s-410s.mp4: VAD found 44 speech intervals
2026-08-16 23:21:26,917 SpawnProcess-6 INFO rep_moldova_studio_2WUMgEA8zCM_150s-415s.mp4: encoding clip 6/10 (233.000s to 243.000s)
2026-08-16 23:21:28,216 SpawnProcess-12 INFO muntenia_studio_wMijZ2QyDss_145s-729s.mp4: encoding clip 6/12 (14.800s to 22.800s)
2026-08-16 23:21:30,535 SpawnProcess-3 INFO rep_moldova_itw_WkcLVGR32NE_full.mp4: encoding clip 7/15 (245.235s to 251.051s)
2026-08-16 23:21:32,280 SpawnProcess-11 INFO rep_moldova_studio_KT1NWjLSDLU_160s-530s.mp4: VAD found 93 speech intervals
2026-08-16 23:21:33,369 SpawnProcess-2 INFO rep_moldova_itw_InZS5NXUtfM_0s-360s.mp4: encoding clip 7/7 (252.600s to 258.000s)
2026-08-16 23:21:35,801 SpawnProcess-14 INFO rep_moldova_itw_T2Hc8tlOQLA_full.mp4: encoding clip 4/9 (223.023s to 231.231s)
2026-08-16 23:21:41,594 SpawnProcess-6 INFO rep_moldova_studio_2WUMgEA8zCM_150s-415s.mp4: encoding clip 7/10 (158.800s to 165.000s)
2026-08-16 23:21:42,076 SpawnProcess-12 INFO muntenia_studio_wMijZ2QyDss_145s-729s.mp4: encoding clip 7/12 (92.800s to 102.800s)
2026-08-16 23:21:43,643 SpawnProcess-2 INFO rep_moldova_itw_InZS5NXUtfM_0s-360s.mp4: completed
2026-08-16 23:21:43,661 SpawnProcess-2 INFO Loading detection cache: ../videos_detections/rep_moldova_studio_L4L-2REcGQM_0s-540s/detections.json
2026-08-16 23:21:44,404 SpawnProcess-2 INFO rep_moldova_studio_L4L-2REcGQM_0s-540s.mp4: duration=540.0s, samples=2700, tracks=63
2026-08-16 23:21:44,584 SpawnProcess-3 INFO rep_moldova_itw_WkcLVGR32NE_full.mp4: encoding clip 8/15 (147.547s to 157.547s)
2026-08-16 23:21:53,549 SpawnProcess-6 INFO rep_moldova_studio_2WUMgEA8zCM_150s-415s.mp4: encoding clip 8/10 (89.800s to 99.400s)
2026-08-16 23:21:55,173 SpawnProcess-12 INFO muntenia_studio_wMijZ2QyDss_145s-729s.mp4: encoding clip 8/12 (118.200s to 128.200s)
2026-08-16 23:21:59,290 SpawnProcess-2 INFO rep_moldova_studio_L4L-2REcGQM_0s-540s.mp4: VAD found 116 speech intervals
2026-08-16 23:22:00,866 SpawnProcess-14 INFO rep_moldova_itw_T2Hc8tlOQLA_full.mp4: encoding clip 5/9 (51.852s to 61.852s)
2026-08-16 23:22:02,082 SpawnProcess-3 INFO rep_moldova_itw_WkcLVGR32NE_full.mp4: encoding clip 9/15 (235.235s to 245.235s)
2026-08-16 23:22:05,643 SpawnProcess-6 INFO rep_moldova_studio_2WUMgEA8zCM_150s-415s.mp4: encoding clip 9/10 (172.800s to 180.000s)
2026-08-16 23:22:12,429 SpawnProcess-12 INFO muntenia_studio_wMijZ2QyDss_145s-729s.mp4: encoding clip 9/12 (446.000s to 454.400s)
2026-08-16 23:22:18,995 SpawnProcess-6 INFO rep_moldova_studio_2WUMgEA8zCM_150s-415s.mp4: encoding clip 10/10 (62.400s to 72.400s)
2026-08-16 23:22:19,621 SpawnProcess-3 INFO rep_moldova_itw_WkcLVGR32NE_full.mp4: encoding clip 10/15 (60.460s to 69.669s)
2026-08-16 23:22:26,210 SpawnProcess-14 INFO rep_moldova_itw_T2Hc8tlOQLA_full.mp4: encoding clip 6/9 (195.996s to 204.204s)
2026-08-16 23:22:29,498 SpawnProcess-12 INFO muntenia_studio_wMijZ2QyDss_145s-729s.mp4: encoding clip 10/12 (466.200s to 473.400s)
2026-08-16 23:22:32,585 SpawnProcess-15 INFO rep_moldova_studio_6kATVUeZToI_170s-420s.mp4: selected 10 clips
2026-08-16 23:22:32,587 SpawnProcess-15 INFO rep_moldova_studio_6kATVUeZToI_170s-420s.mp4: encoding clip 1/10 (103.800s to 110.000s)
2026-08-16 23:22:35,325 SpawnProcess-6 INFO rep_moldova_studio_2WUMgEA8zCM_150s-415s.mp4: completed
2026-08-16 23:22:35,345 SpawnProcess-6 INFO Loading detection cache: ../videos_detections/rep_moldova_studio_N0QCeiXX-lE_640s-900s/detections.json
2026-08-16 23:22:36,310 SpawnProcess-6 INFO rep_moldova_studio_N0QCeiXX-lE_640s-900s.mp4: duration=260.0s, samples=1300, tracks=39
2026-08-16 23:22:38,688 SpawnProcess-3 INFO rep_moldova_itw_WkcLVGR32NE_full.mp4: encoding clip 11/15 (98.298s to 103.303s)
2026-08-16 23:22:42,002 SpawnProcess-12 INFO muntenia_studio_wMijZ2QyDss_145s-729s.mp4: encoding clip 11/12 (512.800s to 519.800s)
2026-08-16 23:22:44,233 SpawnProcess-6 INFO rep_moldova_studio_N0QCeiXX-lE_640s-900s.mp4: VAD found 47 speech intervals
2026-08-16 23:22:45,127 SpawnProcess-15 INFO rep_moldova_studio_6kATVUeZToI_170s-420s.mp4: encoding clip 2/10 (24.600s to 30.800s)
2026-08-16 23:22:47,500 SpawnProcess-14 INFO rep_moldova_itw_T2Hc8tlOQLA_full.mp4: encoding clip 7/9 (71.271s to 77.477s)
2026-08-16 23:22:48,034 SpawnProcess-3 INFO rep_moldova_itw_WkcLVGR32NE_full.mp4: encoding clip 12/15 (176.376s to 184.984s)
2026-08-16 23:22:55,913 SpawnProcess-12 INFO muntenia_studio_wMijZ2QyDss_145s-729s.mp4: encoding clip 12/12 (32.800s to 38.800s)
2026-08-16 23:22:57,304 SpawnProcess-15 INFO rep_moldova_studio_6kATVUeZToI_170s-420s.mp4: encoding clip 3/10 (173.000s to 181.800s)
2026-08-16 23:23:03,257 SpawnProcess-14 INFO rep_moldova_itw_T2Hc8tlOQLA_full.mp4: encoding clip 8/9 (206.406s to 213.813s)
2026-08-16 23:23:06,122 SpawnProcess-3 INFO rep_moldova_itw_WkcLVGR32NE_full.mp4: encoding clip 13/15 (106.707s to 112.913s)
2026-08-16 23:23:09,492 SpawnProcess-12 INFO muntenia_studio_wMijZ2QyDss_145s-729s.mp4: completed
2026-08-16 23:23:09,504 SpawnProcess-12 INFO Loading detection cache: ../videos_detections/rep_moldova_studio_OVo7OqmsjbA_full/detections.json
2026-08-16 23:23:10,434 SpawnProcess-12 INFO rep_moldova_studio_OVo7OqmsjbA_full.mp4: duration=224.3s, samples=1121, tracks=59
2026-08-16 23:23:15,376 SpawnProcess-15 INFO rep_moldova_studio_6kATVUeZToI_170s-420s.mp4: encoding clip 4/10 (43.600s to 53.600s)
2026-08-16 23:23:15,444 SpawnProcess-12 INFO rep_moldova_studio_OVo7OqmsjbA_full.mp4: VAD found 27 speech intervals
2026-08-16 23:23:20,880 SpawnProcess-3 INFO rep_moldova_itw_WkcLVGR32NE_full.mp4: encoding clip 14/15 (122.322s to 132.322s)
2026-08-16 23:23:21,974 SpawnProcess-14 INFO rep_moldova_itw_T2Hc8tlOQLA_full.mp4: encoding clip 9/9 (232.032s to 237.838s)
2026-08-16 23:23:32,698 SpawnProcess-7 INFO rep_moldova_studio_0UdgzOtN0rE_848s-1200s.mp4: selected 10 clips
2026-08-16 23:23:32,699 SpawnProcess-7 INFO rep_moldova_studio_0UdgzOtN0rE_848s-1200s.mp4: encoding clip 1/10 (199.800s to 208.000s)
2026-08-16 23:23:34,300 SpawnProcess-15 INFO rep_moldova_studio_6kATVUeZToI_170s-420s.mp4: encoding clip 5/10 (195.200s to 201.600s)
2026-08-16 23:23:37,300 SpawnProcess-3 INFO rep_moldova_itw_WkcLVGR32NE_full.mp4: encoding clip 15/15 (132.322s to 138.138s)
2026-08-16 23:23:39,338 SpawnProcess-14 INFO rep_moldova_itw_T2Hc8tlOQLA_full.mp4: completed
2026-08-16 23:23:39,350 SpawnProcess-14 INFO Loading detection cache: ../videos_detections/rep_moldova_studio_R3tBFVeAh6M_253s-853s/detections.json
2026-08-16 23:23:40,161 SpawnProcess-14 INFO rep_moldova_studio_R3tBFVeAh6M_253s-853s.mp4: duration=600.0s, samples=3000, tracks=68
2026-08-16 23:23:48,064 SpawnProcess-15 INFO rep_moldova_studio_6kATVUeZToI_170s-420s.mp4: encoding clip 6/10 (53.600s to 60.000s)
2026-08-16 23:23:48,931 SpawnProcess-7 INFO rep_moldova_studio_0UdgzOtN0rE_848s-1200s.mp4: encoding clip 2/10 (175.800s to 185.800s)
2026-08-16 23:23:50,275 SpawnProcess-3 INFO rep_moldova_itw_WkcLVGR32NE_full.mp4: completed
2026-08-16 23:23:50,314 SpawnProcess-3 INFO Loading detection cache: ../videos_detections/rep_moldova_studio_R4ch3Cu8FJA_720s-1020s/detections.json
2026-08-16 23:23:50,963 SpawnProcess-3 INFO rep_moldova_studio_R4ch3Cu8FJA_720s-1020s.mp4: duration=300.0s, samples=1500, tracks=2
2026-08-16 23:23:53,162 SpawnProcess-14 INFO rep_moldova_studio_R3tBFVeAh6M_253s-853s.mp4: VAD found 56 speech intervals
2026-08-16 23:23:56,581 SpawnProcess-3 INFO rep_moldova_studio_R4ch3Cu8FJA_720s-1020s.mp4: VAD found 56 speech intervals
2026-08-16 23:24:01,205 SpawnProcess-15 INFO rep_moldova_studio_6kATVUeZToI_170s-420s.mp4: encoding clip 7/10 (122.600s to 130.000s)
2026-08-16 23:24:10,138 SpawnProcess-7 INFO rep_moldova_studio_0UdgzOtN0rE_848s-1200s.mp4: encoding clip 3/10 (121.600s to 131.600s)
2026-08-16 23:24:17,481 SpawnProcess-15 INFO rep_moldova_studio_6kATVUeZToI_170s-420s.mp4: encoding clip 8/10 (159.800s to 168.600s)
2026-08-16 23:24:31,446 SpawnProcess-7 INFO rep_moldova_studio_0UdgzOtN0rE_848s-1200s.mp4: encoding clip 4/10 (0.200s to 10.200s)
2026-08-16 23:24:36,542 SpawnProcess-15 INFO rep_moldova_studio_6kATVUeZToI_170s-420s.mp4: encoding clip 9/10 (94.400s to 103.400s)
2026-08-16 23:24:51,884 SpawnProcess-7 INFO rep_moldova_studio_0UdgzOtN0rE_848s-1200s.mp4: encoding clip 5/10 (271.800s to 281.800s)
2026-08-16 23:24:55,410 SpawnProcess-15 INFO rep_moldova_studio_6kATVUeZToI_170s-420s.mp4: encoding clip 10/10 (62.800s to 68.800s)
2026-08-16 23:25:06,528 SpawnProcess-8 INFO rep_moldova_studio_3f4DnN1Pxjw_60s-420s.mp4: selected 5 clips
2026-08-16 23:25:06,532 SpawnProcess-8 INFO rep_moldova_studio_3f4DnN1Pxjw_60s-420s.mp4: encoding clip 1/5 (140.000s to 150.000s)
2026-08-16 23:25:07,661 SpawnProcess-15 INFO rep_moldova_studio_6kATVUeZToI_170s-420s.mp4: completed
2026-08-16 23:25:07,673 SpawnProcess-15 INFO Loading detection cache: ../videos_detections/rep_moldova_studio__3OLJk5a0dU_100s-410s/detections.json
2026-08-16 23:25:08,205 SpawnProcess-15 INFO rep_moldova_studio__3OLJk5a0dU_100s-410s.mp4: duration=310.0s, samples=1551, tracks=43
2026-08-16 23:25:11,198 SpawnProcess-7 INFO rep_moldova_studio_0UdgzOtN0rE_848s-1200s.mp4: encoding clip 6/10 (255.000s to 260.200s)
2026-08-16 23:25:14,567 SpawnProcess-15 INFO rep_moldova_studio__3OLJk5a0dU_100s-410s.mp4: VAD found 34 speech intervals
2026-08-16 23:25:24,774 SpawnProcess-7 INFO rep_moldova_studio_0UdgzOtN0rE_848s-1200s.mp4: encoding clip 7/10 (10.200s to 16.800s)
2026-08-16 23:25:30,015 SpawnProcess-8 INFO rep_moldova_studio_3f4DnN1Pxjw_60s-420s.mp4: encoding clip 2/5 (117.800s to 124.800s)
2026-08-16 23:25:34,831 SpawnProcess-6 INFO rep_moldova_studio_N0QCeiXX-lE_640s-900s.mp4: selected 7 clips
2026-08-16 23:25:34,836 SpawnProcess-6 INFO rep_moldova_studio_N0QCeiXX-lE_640s-900s.mp4: encoding clip 1/7 (199.600s to 205.800s)
2026-08-16 23:25:39,028 SpawnProcess-7 INFO rep_moldova_studio_0UdgzOtN0rE_848s-1200s.mp4: encoding clip 8/10 (189.800s to 199.800s)
2026-08-16 23:25:40,439 SpawnProcess-4 INFO rep_moldova_studio_F_Cnppr3hFc_342s-600s.mp4: selected 9 clips
2026-08-16 23:25:40,451 SpawnProcess-4 INFO rep_moldova_studio_F_Cnppr3hFc_342s-600s.mp4: encoding clip 1/9 (202.000s to 212.000s)
2026-08-16 23:25:44,478 SpawnProcess-6 INFO rep_moldova_studio_N0QCeiXX-lE_640s-900s.mp4: encoding clip 2/7 (228.800s to 236.800s)
2026-08-16 23:25:50,303 SpawnProcess-8 INFO rep_moldova_studio_3f4DnN1Pxjw_60s-420s.mp4: encoding clip 3/5 (80.400s to 85.800s)
2026-08-16 23:25:54,462 SpawnProcess-13 INFO rep_moldova_studio_FAPEdnmr63w_60s-420s.mp4: selected 0 clips
2026-08-16 23:25:54,463 SpawnProcess-13 INFO rep_moldova_studio_FAPEdnmr63w_60s-420s.mp4: zero-clip diagnostics: {'total_samples': 1752, 'talking_samples': 8, 'longest_run_seconds': 1.6, 'eligible_talking_windows': 0, 'presence_rejected': 0, 'cut_rejected': 0, 'face_rejected': 0, 'speech_rejected': 0}
2026-08-16 23:25:54,463 SpawnProcess-13 INFO rep_moldova_studio_FAPEdnmr63w_60s-420s.mp4: completed
2026-08-16 23:25:54,469 SpawnProcess-13 INFO Loading detection cache: ../videos_detections/rep_moldova_studio_dH3Vz_hv85I_4230s-4907s/detections.json
2026-08-16 23:25:55,057 SpawnProcess-6 INFO rep_moldova_studio_N0QCeiXX-lE_640s-900s.mp4: encoding clip 3/7 (126.800s to 133.800s)
2026-08-16 23:25:55,186 SpawnProcess-13 INFO rep_moldova_studio_dH3Vz_hv85I_4230s-4907s.mp4: duration=677.0s, samples=3385, tracks=103
2026-08-16 23:25:58,815 SpawnProcess-7 INFO rep_moldova_studio_0UdgzOtN0rE_848s-1200s.mp4: encoding clip 9/10 (261.800s to 271.800s)
2026-08-16 23:26:02,876 SpawnProcess-6 INFO rep_moldova_studio_N0QCeiXX-lE_640s-900s.mp4: encoding clip 4/7 (181.800s to 188.400s)
2026-08-16 23:26:07,472 SpawnProcess-8 INFO rep_moldova_studio_3f4DnN1Pxjw_60s-420s.mp4: encoding clip 4/5 (130.000s to 140.000s)
2026-08-16 23:26:08,625 SpawnProcess-4 INFO rep_moldova_studio_F_Cnppr3hFc_342s-600s.mp4: encoding clip 2/9 (212.000s to 222.000s)
2026-08-16 23:26:10,985 SpawnProcess-13 INFO rep_moldova_studio_dH3Vz_hv85I_4230s-4907s.mp4: VAD found 136 speech intervals
2026-08-16 23:26:11,726 SpawnProcess-6 INFO rep_moldova_studio_N0QCeiXX-lE_640s-900s.mp4: encoding clip 5/7 (189.400s to 196.400s)
2026-08-16 23:26:18,529 SpawnProcess-7 INFO rep_moldova_studio_0UdgzOtN0rE_848s-1200s.mp4: encoding clip 10/10 (102.800s to 108.000s)
2026-08-16 23:26:21,403 SpawnProcess-6 INFO rep_moldova_studio_N0QCeiXX-lE_640s-900s.mp4: encoding clip 6/7 (221.600s to 227.200s)
2026-08-16 23:26:28,932 SpawnProcess-6 INFO rep_moldova_studio_N0QCeiXX-lE_640s-900s.mp4: encoding clip 7/7 (76.800s to 84.000s)
2026-08-16 23:26:30,228 SpawnProcess-7 INFO rep_moldova_studio_0UdgzOtN0rE_848s-1200s.mp4: completed
2026-08-16 23:26:30,259 SpawnProcess-7 INFO Loading detection cache: ../videos_detections/rep_moldova_studio_dUexyIZhBRA_196s-600s/detections.json
2026-08-16 23:26:31,281 SpawnProcess-7 INFO rep_moldova_studio_dUexyIZhBRA_196s-600s.mp4: duration=404.0s, samples=2020, tracks=29
2026-08-16 23:26:34,529 SpawnProcess-10 INFO rep_moldova_studio_I6j09Iys4Xo_155s-400s.mp4: selected 9 clips
2026-08-16 23:26:34,533 SpawnProcess-10 INFO rep_moldova_studio_I6j09Iys4Xo_155s-400s.mp4: encoding clip 1/9 (63.800s to 69.600s)
2026-08-16 23:26:37,816 SpawnProcess-8 INFO rep_moldova_studio_3f4DnN1Pxjw_60s-420s.mp4: encoding clip 5/5 (88.800s to 96.200s)
2026-08-16 23:26:38,954 SpawnProcess-6 INFO rep_moldova_studio_N0QCeiXX-lE_640s-900s.mp4: completed
2026-08-16 23:26:38,967 SpawnProcess-6 INFO Loading detection cache: ../videos_detections/rep_moldova_studio_fWy0004OAjQ_150s-460s/detections.json
2026-08-16 23:26:39,984 SpawnProcess-6 INFO rep_moldova_studio_fWy0004OAjQ_150s-460s.mp4: duration=310.0s, samples=1550, tracks=18
2026-08-16 23:26:41,338 SpawnProcess-11 INFO rep_moldova_studio_KT1NWjLSDLU_160s-530s.mp4: selected 15 clips
2026-08-16 23:26:41,345 SpawnProcess-11 INFO rep_moldova_studio_KT1NWjLSDLU_160s-530s.mp4: encoding clip 1/15 (350.800s to 360.800s)
2026-08-16 23:26:42,181 SpawnProcess-7 INFO rep_moldova_studio_dUexyIZhBRA_196s-600s.mp4: VAD found 77 speech intervals
2026-08-16 23:26:43,253 SpawnProcess-4 INFO rep_moldova_studio_F_Cnppr3hFc_342s-600s.mp4: encoding clip 3/9 (53.200s to 59.800s)
2026-08-16 23:26:43,659 SpawnProcess-12 INFO rep_moldova_studio_OVo7OqmsjbA_full.mp4: selected 7 clips
2026-08-16 23:26:43,662 SpawnProcess-12 INFO rep_moldova_studio_OVo7OqmsjbA_full.mp4: encoding clip 1/7 (153.954s to 163.954s)
2026-08-16 23:26:47,464 SpawnProcess-6 INFO rep_moldova_studio_fWy0004OAjQ_150s-460s.mp4: VAD found 57 speech intervals
2026-08-16 23:26:51,884 SpawnProcess-10 INFO rep_moldova_studio_I6j09Iys4Xo_155s-400s.mp4: encoding clip 2/9 (73.600s to 81.800s)
2026-08-16 23:27:02,561 SpawnProcess-12 INFO rep_moldova_studio_OVo7OqmsjbA_full.mp4: encoding clip 2/7 (175.175s to 181.982s)
2026-08-16 23:27:04,479 SpawnProcess-11 INFO rep_moldova_studio_KT1NWjLSDLU_160s-530s.mp4: encoding clip 2/15 (271.200s to 281.200s)
2026-08-16 23:27:06,434 SpawnProcess-8 INFO rep_moldova_studio_3f4DnN1Pxjw_60s-420s.mp4: completed
2026-08-16 23:27:06,442 SpawnProcess-8 INFO Loading detection cache: ../videos_detections/rep_moldova_studio_frBTWyXiPF0_180s-480s/detections.json
2026-08-16 23:27:06,601 SpawnProcess-10 INFO rep_moldova_studio_I6j09Iys4Xo_155s-400s.mp4: encoding clip 3/9 (47.200s to 57.200s)
2026-08-16 23:27:07,105 SpawnProcess-8 INFO rep_moldova_studio_frBTWyXiPF0_180s-480s.mp4: duration=300.0s, samples=1501, tracks=12
2026-08-16 23:27:08,545 SpawnProcess-4 INFO rep_moldova_studio_F_Cnppr3hFc_342s-600s.mp4: encoding clip 4/9 (7.400s to 17.400s)
2026-08-16 23:27:14,291 SpawnProcess-12 INFO rep_moldova_studio_OVo7OqmsjbA_full.mp4: encoding clip 3/7 (182.983s to 192.983s)
2026-08-16 23:27:15,822 SpawnProcess-8 INFO rep_moldova_studio_frBTWyXiPF0_180s-480s.mp4: VAD found 21 speech intervals
2026-08-16 23:27:19,792 SpawnProcess-11 INFO rep_moldova_studio_KT1NWjLSDLU_160s-530s.mp4: encoding clip 3/15 (116.800s to 126.800s)
2026-08-16 23:27:30,815 SpawnProcess-4 INFO rep_moldova_studio_F_Cnppr3hFc_342s-600s.mp4: encoding clip 5/9 (76.200s to 86.200s)
2026-08-16 23:27:31,216 SpawnProcess-10 INFO rep_moldova_studio_I6j09Iys4Xo_155s-400s.mp4: encoding clip 4/9 (167.400s to 176.000s)
2026-08-16 23:27:35,200 SpawnProcess-12 INFO rep_moldova_studio_OVo7OqmsjbA_full.mp4: encoding clip 4/7 (95.886s to 102.703s)
2026-08-16 23:27:37,312 SpawnProcess-11 INFO rep_moldova_studio_KT1NWjLSDLU_160s-530s.mp4: encoding clip 4/15 (218.800s to 227.200s)
2026-08-16 23:27:44,214 SpawnProcess-9 INFO rep_moldova_studio_JLcS5GkJ6E4_0s-410s.mp4: selected 15 clips
2026-08-16 23:27:44,216 SpawnProcess-9 INFO rep_moldova_studio_JLcS5GkJ6E4_0s-410s.mp4: encoding clip 1/15 (403.000s to 408.800s)
2026-08-16 23:27:49,362 SpawnProcess-12 INFO rep_moldova_studio_OVo7OqmsjbA_full.mp4: encoding clip 5/7 (85.886s to 95.886s)
2026-08-16 23:27:54,872 SpawnProcess-10 INFO rep_moldova_studio_I6j09Iys4Xo_155s-400s.mp4: encoding clip 5/9 (91.800s to 101.800s)
2026-08-16 23:27:57,297 SpawnProcess-9 INFO rep_moldova_studio_JLcS5GkJ6E4_0s-410s.mp4: encoding clip 2/15 (360.800s to 366.000s)
2026-08-16 23:27:57,974 SpawnProcess-11 INFO rep_moldova_studio_KT1NWjLSDLU_160s-530s.mp4: encoding clip 5/15 (163.600s to 173.000s)
2026-08-16 23:27:59,050 SpawnProcess-4 INFO rep_moldova_studio_F_Cnppr3hFc_342s-600s.mp4: encoding clip 6/9 (43.200s to 53.200s)
2026-08-16 23:28:06,759 SpawnProcess-9 INFO rep_moldova_studio_JLcS5GkJ6E4_0s-410s.mp4: encoding clip 3/15 (191.800s to 199.200s)
2026-08-16 23:28:07,236 SpawnProcess-16 INFO rep_moldova_studio_AVe2BKqq8uE_515s-950s.mp4: selected 15 clips
2026-08-16 23:28:07,243 SpawnProcess-16 INFO rep_moldova_studio_AVe2BKqq8uE_515s-950s.mp4: encoding clip 1/15 (414.800s to 424.800s)
2026-08-16 23:28:15,532 SpawnProcess-12 INFO rep_moldova_studio_OVo7OqmsjbA_full.mp4: encoding clip 6/7 (192.983s to 202.983s)
2026-08-16 23:28:18,801 SpawnProcess-11 INFO rep_moldova_studio_KT1NWjLSDLU_160s-530s.mp4: encoding clip 6/15 (10.600s to 20.600s)
2026-08-16 23:28:21,930 SpawnProcess-10 INFO rep_moldova_studio_I6j09Iys4Xo_155s-400s.mp4: encoding clip 6/9 (207.800s to 217.800s)
2026-08-16 23:28:22,588 SpawnProcess-9 INFO rep_moldova_studio_JLcS5GkJ6E4_0s-410s.mp4: encoding clip 4/15 (333.200s to 339.600s)
2026-08-16 23:28:26,505 SpawnProcess-4 INFO rep_moldova_studio_F_Cnppr3hFc_342s-600s.mp4: encoding clip 7/9 (141.200s to 150.800s)
2026-08-16 23:28:27,628 SpawnProcess-1 INFO rep_moldova_studio_FSkO1AwlSgM_960s-1500s.mp4: selected 14 clips
2026-08-16 23:28:27,633 SpawnProcess-1 INFO rep_moldova_studio_FSkO1AwlSgM_960s-1500s.mp4: encoding clip 1/14 (391.800s to 401.800s)
2026-08-16 23:28:30,400 SpawnProcess-2 INFO rep_moldova_studio_L4L-2REcGQM_0s-540s.mp4: selected 15 clips
2026-08-16 23:28:30,403 SpawnProcess-2 INFO rep_moldova_studio_L4L-2REcGQM_0s-540s.mp4: encoding clip 1/15 (332.200s to 342.200s)
2026-08-16 23:28:32,209 SpawnProcess-9 INFO rep_moldova_studio_JLcS5GkJ6E4_0s-410s.mp4: encoding clip 5/15 (200.200s to 208.800s)
2026-08-16 23:28:33,243 SpawnProcess-12 INFO rep_moldova_studio_OVo7OqmsjbA_full.mp4: encoding clip 7/7 (163.954s to 173.954s)
2026-08-16 23:28:33,795 SpawnProcess-16 INFO rep_moldova_studio_AVe2BKqq8uE_515s-950s.mp4: encoding clip 2/15 (0.000s to 10.000s)
2026-08-16 23:28:45,532 SpawnProcess-2 INFO rep_moldova_studio_L4L-2REcGQM_0s-540s.mp4: encoding clip 2/15 (535.000s to 540.000s)
2026-08-16 23:28:49,081 SpawnProcess-11 INFO rep_moldova_studio_KT1NWjLSDLU_160s-530s.mp4: encoding clip 7/15 (157.200s to 162.200s)
2026-08-16 23:28:49,611 SpawnProcess-12 INFO rep_moldova_studio_OVo7OqmsjbA_full.mp4: completed
2026-08-16 23:28:49,640 SpawnProcess-12 INFO Loading detection cache: ../videos_detections/rep_moldova_studio_lcYC8GwV5fw_300s-720s/detections.json
2026-08-16 23:28:50,247 SpawnProcess-12 INFO rep_moldova_studio_lcYC8GwV5fw_300s-720s.mp4: duration=420.0s, samples=2100, tracks=26
2026-08-16 23:28:51,196 SpawnProcess-9 INFO rep_moldova_studio_JLcS5GkJ6E4_0s-410s.mp4: encoding clip 6/15 (275.000s to 280.600s)
2026-08-16 23:28:52,778 SpawnProcess-4 INFO rep_moldova_studio_F_Cnppr3hFc_342s-600s.mp4: encoding clip 8/9 (86.200s to 96.200s)
2026-08-16 23:28:53,634 SpawnProcess-1 INFO rep_moldova_studio_FSkO1AwlSgM_960s-1500s.mp4: encoding clip 2/14 (309.200s to 316.400s)
2026-08-16 23:28:55,012 SpawnProcess-2 INFO rep_moldova_studio_L4L-2REcGQM_0s-540s.mp4: encoding clip 3/15 (194.000s to 202.200s)
2026-08-16 23:28:59,208 SpawnProcess-10 INFO rep_moldova_studio_I6j09Iys4Xo_155s-400s.mp4: encoding clip 7/9 (32.200s to 38.000s)
2026-08-16 23:29:00,438 SpawnProcess-12 INFO rep_moldova_studio_lcYC8GwV5fw_300s-720s.mp4: VAD found 67 speech intervals
2026-08-16 23:29:00,844 SpawnProcess-11 INFO rep_moldova_studio_KT1NWjLSDLU_160s-530s.mp4: encoding clip 8/15 (126.800s to 136.800s)
2026-08-16 23:29:01,756 SpawnProcess-9 INFO rep_moldova_studio_JLcS5GkJ6E4_0s-410s.mp4: encoding clip 7/15 (143.800s to 153.800s)
2026-08-16 23:29:06,433 SpawnProcess-2 INFO rep_moldova_studio_L4L-2REcGQM_0s-540s.mp4: encoding clip 4/15 (512.200s to 522.200s)
2026-08-16 23:29:06,768 SpawnProcess-16 INFO rep_moldova_studio_AVe2BKqq8uE_515s-950s.mp4: encoding clip 3/15 (249.600s to 255.800s)
2026-08-16 23:29:13,131 SpawnProcess-1 INFO rep_moldova_studio_FSkO1AwlSgM_960s-1500s.mp4: encoding clip 3/14 (299.200s to 309.200s)
2026-08-16 23:29:15,903 SpawnProcess-5 INFO muntenia_studio_Y-456XfFHog_0s-600s.mp4: selected 15 clips
2026-08-16 23:29:15,905 SpawnProcess-5 INFO muntenia_studio_Y-456XfFHog_0s-600s.mp4: encoding clip 1/15 (290.200s to 297.800s)
2026-08-16 23:29:18,054 SpawnProcess-10 INFO rep_moldova_studio_I6j09Iys4Xo_155s-400s.mp4: encoding clip 8/9 (139.200s to 148.600s)
2026-08-16 23:29:19,414 SpawnProcess-4 INFO rep_moldova_studio_F_Cnppr3hFc_342s-600s.mp4: encoding clip 9/9 (0.400s to 6.000s)
2026-08-16 23:29:19,658 SpawnProcess-11 INFO rep_moldova_studio_KT1NWjLSDLU_160s-530s.mp4: encoding clip 9/15 (231.200s to 241.200s)
2026-08-16 23:29:20,407 SpawnProcess-2 INFO rep_moldova_studio_L4L-2REcGQM_0s-540s.mp4: encoding clip 5/15 (298.200s to 303.200s)
2026-08-16 23:29:22,415 SpawnProcess-9 INFO rep_moldova_studio_JLcS5GkJ6E4_0s-410s.mp4: encoding clip 8/15 (340.600s to 346.800s)
2026-08-16 23:29:26,085 SpawnProcess-16 INFO rep_moldova_studio_AVe2BKqq8uE_515s-950s.mp4: encoding clip 4/15 (376.200s to 386.200s)
2026-08-16 23:29:29,941 SpawnProcess-2 INFO rep_moldova_studio_L4L-2REcGQM_0s-540s.mp4: encoding clip 6/15 (250.600s to 255.800s)
2026-08-16 23:29:33,492 SpawnProcess-1 INFO rep_moldova_studio_FSkO1AwlSgM_960s-1500s.mp4: encoding clip 4/14 (435.800s to 445.800s)
2026-08-16 23:29:34,357 SpawnProcess-4 INFO rep_moldova_studio_F_Cnppr3hFc_342s-600s.mp4: completed
2026-08-16 23:29:34,419 SpawnProcess-4 INFO Loading detection cache: ../videos_detections/rep_moldova_studio_o5i9cc7oe38_90s-420s/detections.json
2026-08-16 23:29:35,272 SpawnProcess-4 INFO rep_moldova_studio_o5i9cc7oe38_90s-420s.mp4: duration=330.1s, samples=1651, tracks=8
2026-08-16 23:29:36,633 SpawnProcess-9 INFO rep_moldova_studio_JLcS5GkJ6E4_0s-410s.mp4: encoding clip 9/15 (265.000s to 274.000s)
2026-08-16 23:29:38,424 SpawnProcess-11 INFO rep_moldova_studio_KT1NWjLSDLU_160s-530s.mp4: encoding clip 10/15 (207.600s to 217.600s)
2026-08-16 23:29:40,087 SpawnProcess-2 INFO rep_moldova_studio_L4L-2REcGQM_0s-540s.mp4: encoding clip 7/15 (404.000s to 413.200s)
2026-08-16 23:29:45,424 SpawnProcess-4 INFO rep_moldova_studio_o5i9cc7oe38_90s-420s.mp4: VAD found 41 speech intervals
2026-08-16 23:29:48,120 SpawnProcess-10 INFO rep_moldova_studio_I6j09Iys4Xo_155s-400s.mp4: encoding clip 9/9 (20.600s to 25.800s)
2026-08-16 23:29:50,653 SpawnProcess-16 INFO rep_moldova_studio_AVe2BKqq8uE_515s-950s.mp4: encoding clip 5/15 (17.800s to 27.600s)
2026-08-16 23:29:55,594 SpawnProcess-2 INFO rep_moldova_studio_L4L-2REcGQM_0s-540s.mp4: encoding clip 8/15 (264.600s to 270.400s)
2026-08-16 23:29:55,617 SpawnProcess-1 INFO rep_moldova_studio_FSkO1AwlSgM_960s-1500s.mp4: encoding clip 5/14 (109.400s to 114.600s)
2026-08-16 23:29:56,126 SpawnProcess-11 INFO rep_moldova_studio_KT1NWjLSDLU_160s-530s.mp4: encoding clip 11/15 (315.600s to 324.000s)
2026-08-16 23:29:56,897 SpawnProcess-9 INFO rep_moldova_studio_JLcS5GkJ6E4_0s-410s.mp4: encoding clip 10/15 (16.600s to 24.000s)
2026-08-16 23:29:58,722 SpawnProcess-5 INFO muntenia_studio_Y-456XfFHog_0s-600s.mp4: encoding clip 2/15 (181.000s to 187.200s)
2026-08-16 23:30:03,277 SpawnProcess-10 INFO rep_moldova_studio_I6j09Iys4Xo_155s-400s.mp4: completed
2026-08-16 23:30:03,294 SpawnProcess-10 INFO Loading detection cache: ../videos_detections/rep_moldova_studio_oF-YSsRJG6k_60s-1200s/detections.json
2026-08-16 23:30:04,192 SpawnProcess-10 INFO rep_moldova_studio_oF-YSsRJG6k_60s-1200s.mp4: duration=1140.0s, samples=5700, tracks=148
2026-08-16 23:30:05,570 SpawnProcess-2 INFO rep_moldova_studio_L4L-2REcGQM_0s-540s.mp4: encoding clip 9/15 (27.400s to 33.600s)
2026-08-16 23:30:07,754 SpawnProcess-9 INFO rep_moldova_studio_JLcS5GkJ6E4_0s-410s.mp4: encoding clip 11/15 (397.000s to 402.000s)
2026-08-16 23:30:08,172 SpawnProcess-16 INFO rep_moldova_studio_AVe2BKqq8uE_515s-950s.mp4: encoding clip 6/15 (386.200s to 395.400s)
2026-08-16 23:30:08,745 SpawnProcess-11 INFO rep_moldova_studio_KT1NWjLSDLU_160s-530s.mp4: encoding clip 12/15 (197.600s to 207.600s)
2026-08-16 23:30:12,697 SpawnProcess-1 INFO rep_moldova_studio_FSkO1AwlSgM_960s-1500s.mp4: encoding clip 6/14 (97.800s to 107.800s)
2026-08-16 23:30:17,047 SpawnProcess-9 INFO rep_moldova_studio_JLcS5GkJ6E4_0s-410s.mp4: encoding clip 12/15 (0.000s to 5.000s)
2026-08-16 23:30:17,331 SpawnProcess-2 INFO rep_moldova_studio_L4L-2REcGQM_0s-540s.mp4: encoding clip 10/15 (236.200s to 245.200s)
2026-08-16 23:30:21,885 SpawnProcess-11 INFO rep_moldova_studio_KT1NWjLSDLU_160s-530s.mp4: encoding clip 13/15 (340.800s to 350.800s)
2026-08-16 23:30:27,144 SpawnProcess-9 INFO rep_moldova_studio_JLcS5GkJ6E4_0s-410s.mp4: encoding clip 13/15 (167.200s to 172.800s)
2026-08-16 23:30:31,038 SpawnProcess-2 INFO rep_moldova_studio_L4L-2REcGQM_0s-540s.mp4: encoding clip 11/15 (154.600s to 162.000s)
2026-08-16 23:30:32,240 SpawnProcess-10 INFO rep_moldova_studio_oF-YSsRJG6k_60s-1200s.mp4: VAD found 126 speech intervals
2026-08-16 23:30:32,349 SpawnProcess-16 INFO rep_moldova_studio_AVe2BKqq8uE_515s-950s.mp4: encoding clip 7/15 (95.400s to 103.800s)
2026-08-16 23:30:34,033 SpawnProcess-5 INFO muntenia_studio_Y-456XfFHog_0s-600s.mp4: encoding clip 3/15 (105.800s to 112.400s)
2026-08-16 23:30:37,779 SpawnProcess-9 INFO rep_moldova_studio_JLcS5GkJ6E4_0s-410s.mp4: encoding clip 14/15 (153.800s to 160.800s)
2026-08-16 23:30:38,279 SpawnProcess-11 INFO rep_moldova_studio_KT1NWjLSDLU_160s-530s.mp4: encoding clip 14/15 (92.800s to 102.800s)
2026-08-16 23:30:40,629 SpawnProcess-2 INFO rep_moldova_studio_L4L-2REcGQM_0s-540s.mp4: encoding clip 12/15 (256.600s to 261.800s)
2026-08-16 23:30:40,750 SpawnProcess-1 INFO rep_moldova_studio_FSkO1AwlSgM_960s-1500s.mp4: encoding clip 7/14 (425.800s to 435.800s)
2026-08-16 23:30:48,599 SpawnProcess-2 INFO rep_moldova_studio_L4L-2REcGQM_0s-540s.mp4: encoding clip 13/15 (130.600s to 135.600s)
2026-08-16 23:30:50,104 SpawnProcess-9 INFO rep_moldova_studio_JLcS5GkJ6E4_0s-410s.mp4: encoding clip 15/15 (310.600s to 316.400s)
2026-08-16 23:30:52,040 SpawnProcess-11 INFO rep_moldova_studio_KT1NWjLSDLU_160s-530s.mp4: encoding clip 15/15 (261.200s to 271.200s)
2026-08-16 23:30:52,146 SpawnProcess-16 INFO rep_moldova_studio_AVe2BKqq8uE_515s-950s.mp4: encoding clip 8/15 (339.600s to 349.600s)
2026-08-16 23:30:55,150 SpawnProcess-2 INFO rep_moldova_studio_L4L-2REcGQM_0s-540s.mp4: encoding clip 14/15 (349.600s to 357.400s)
2026-08-16 23:30:57,927 SpawnProcess-15 INFO rep_moldova_studio__3OLJk5a0dU_100s-410s.mp4: selected 14 clips
2026-08-16 23:30:57,936 SpawnProcess-15 INFO rep_moldova_studio__3OLJk5a0dU_100s-410s.mp4: encoding clip 1/14 (26.400s to 34.000s)
2026-08-16 23:31:02,473 SpawnProcess-9 INFO rep_moldova_studio_JLcS5GkJ6E4_0s-410s.mp4: completed
2026-08-16 23:31:02,493 SpawnProcess-9 INFO Loading detection cache: ../videos_detections/rep_moldova_studio_sQ3QrGvK03E_570s-900s/detections.json
2026-08-16 23:31:03,438 SpawnProcess-9 INFO rep_moldova_studio_sQ3QrGvK03E_570s-900s.mp4: duration=330.0s, samples=1650, tracks=10
2026-08-16 23:31:06,302 SpawnProcess-1 INFO rep_moldova_studio_FSkO1AwlSgM_960s-1500s.mp4: encoding clip 8/14 (181.400s to 191.400s)
2026-08-16 23:31:06,340 SpawnProcess-2 INFO rep_moldova_studio_L4L-2REcGQM_0s-540s.mp4: encoding clip 15/15 (168.200s to 174.000s)
2026-08-16 23:31:09,255 SpawnProcess-11 INFO rep_moldova_studio_KT1NWjLSDLU_160s-530s.mp4: completed
2026-08-16 23:31:09,272 SpawnProcess-11 INFO Loading detection cache: ../videos_detections/rep_moldova_studio_skGutkhWlqw_1690s-2080s/detections.json
2026-08-16 23:31:10,382 SpawnProcess-11 INFO rep_moldova_studio_skGutkhWlqw_1690s-2080s.mp4: duration=390.0s, samples=1950, tracks=42
2026-08-16 23:31:11,774 SpawnProcess-16 INFO rep_moldova_studio_AVe2BKqq8uE_515s-950s.mp4: encoding clip 9/15 (291.400s to 301.400s)
2026-08-16 23:31:13,008 SpawnProcess-5 INFO muntenia_studio_Y-456XfFHog_0s-600s.mp4: encoding clip 4/15 (172.600s to 180.000s)
2026-08-16 23:31:13,175 SpawnProcess-9 INFO rep_moldova_studio_sQ3QrGvK03E_570s-900s.mp4: VAD found 27 speech intervals
2026-08-16 23:31:18,335 SpawnProcess-2 INFO rep_moldova_studio_L4L-2REcGQM_0s-540s.mp4: completed
2026-08-16 23:31:18,391 SpawnProcess-2 INFO Loading detection cache: ../videos_detections/rep_moldova_studio_snmhjJR_SkI_715s-908s/detections.json
2026-08-16 23:31:18,527 SpawnProcess-11 INFO rep_moldova_studio_skGutkhWlqw_1690s-2080s.mp4: VAD found 86 speech intervals
2026-08-16 23:31:19,132 SpawnProcess-2 INFO rep_moldova_studio_snmhjJR_SkI_715s-908s.mp4: duration=193.0s, samples=965, tracks=19
2026-08-16 23:31:20,168 SpawnProcess-15 INFO rep_moldova_studio__3OLJk5a0dU_100s-410s.mp4: encoding clip 2/14 (163.800s to 170.600s)
2026-08-16 23:31:24,548 SpawnProcess-2 INFO rep_moldova_studio_snmhjJR_SkI_715s-908s.mp4: VAD found 30 speech intervals
2026-08-16 23:31:27,765 SpawnProcess-1 INFO rep_moldova_studio_FSkO1AwlSgM_960s-1500s.mp4: encoding clip 9/14 (87.800s to 97.800s)
2026-08-16 23:31:30,810 SpawnProcess-16 INFO rep_moldova_studio_AVe2BKqq8uE_515s-950s.mp4: encoding clip 10/15 (223.800s to 233.800s)
2026-08-16 23:31:39,677 SpawnProcess-15 INFO rep_moldova_studio__3OLJk5a0dU_100s-410s.mp4: encoding clip 3/14 (267.000s to 277.000s)
2026-08-16 23:31:41,895 SpawnProcess-3 INFO rep_moldova_studio_R4ch3Cu8FJA_720s-1020s.mp4: selected 15 clips
2026-08-16 23:31:41,910 SpawnProcess-3 INFO rep_moldova_studio_R4ch3Cu8FJA_720s-1020s.mp4: encoding clip 1/15 (241.000s to 248.000s)
2026-08-16 23:31:47,182 SpawnProcess-1 INFO rep_moldova_studio_FSkO1AwlSgM_960s-1500s.mp4: encoding clip 10/14 (445.800s to 455.800s)
2026-08-16 23:31:50,909 SpawnProcess-16 INFO rep_moldova_studio_AVe2BKqq8uE_515s-950s.mp4: encoding clip 11/15 (277.200s to 285.200s)
2026-08-16 23:31:51,972 SpawnProcess-5 INFO muntenia_studio_Y-456XfFHog_0s-600s.mp4: encoding clip 5/15 (311.200s to 318.400s)
2026-08-16 23:31:56,240 SpawnProcess-3 INFO rep_moldova_studio_R4ch3Cu8FJA_720s-1020s.mp4: encoding clip 2/15 (221.000s to 231.000s)
2026-08-16 23:32:04,044 SpawnProcess-15 INFO rep_moldova_studio__3OLJk5a0dU_100s-410s.mp4: encoding clip 4/14 (51.800s to 61.800s)
2026-08-16 23:32:10,061 SpawnProcess-1 INFO rep_moldova_studio_FSkO1AwlSgM_960s-1500s.mp4: encoding clip 11/14 (509.400s to 515.400s)
2026-08-16 23:32:10,754 SpawnProcess-16 INFO rep_moldova_studio_AVe2BKqq8uE_515s-950s.mp4: encoding clip 12/15 (10.000s to 16.200s)
2026-08-16 23:32:22,679 SpawnProcess-3 INFO rep_moldova_studio_R4ch3Cu8FJA_720s-1020s.mp4: encoding clip 3/15 (69.600s to 79.600s)
2026-08-16 23:32:23,563 SpawnProcess-1 INFO rep_moldova_studio_FSkO1AwlSgM_960s-1500s.mp4: encoding clip 12/14 (0.400s to 8.200s)
2026-08-16 23:32:27,316 SpawnProcess-15 INFO rep_moldova_studio__3OLJk5a0dU_100s-410s.mp4: encoding clip 5/14 (65.800s to 75.800s)
2026-08-16 23:32:29,200 SpawnProcess-16 INFO rep_moldova_studio_AVe2BKqq8uE_515s-950s.mp4: encoding clip 13/15 (104.800s to 114.000s)
2026-08-16 23:32:32,100 SpawnProcess-5 INFO muntenia_studio_Y-456XfFHog_0s-600s.mp4: encoding clip 6/15 (124.000s to 132.000s)
2026-08-16 23:32:41,121 SpawnProcess-1 INFO rep_moldova_studio_FSkO1AwlSgM_960s-1500s.mp4: encoding clip 13/14 (495.200s to 505.200s)
2026-08-16 23:32:48,992 SpawnProcess-15 INFO rep_moldova_studio__3OLJk5a0dU_100s-410s.mp4: encoding clip 6/14 (299.800s to 308.000s)
2026-08-16 23:32:50,697 SpawnProcess-6 INFO rep_moldova_studio_fWy0004OAjQ_150s-460s.mp4: selected 15 clips
2026-08-16 23:32:50,704 SpawnProcess-6 INFO rep_moldova_studio_fWy0004OAjQ_150s-460s.mp4: encoding clip 1/15 (187.800s to 195.000s)
2026-08-16 23:32:51,406 SpawnProcess-16 INFO rep_moldova_studio_AVe2BKqq8uE_515s-950s.mp4: encoding clip 14/15 (164.000s to 173.800s)
2026-08-16 23:32:51,852 SpawnProcess-3 INFO rep_moldova_studio_R4ch3Cu8FJA_720s-1020s.mp4: encoding clip 4/15 (231.000s to 241.000s)
2026-08-16 23:33:02,136 SpawnProcess-1 INFO rep_moldova_studio_FSkO1AwlSgM_960s-1500s.mp4: encoding clip 14/14 (367.200s to 377.000s)
2026-08-16 23:33:06,700 SpawnProcess-15 INFO rep_moldova_studio__3OLJk5a0dU_100s-410s.mp4: encoding clip 7/14 (123.800s to 132.000s)
2026-08-16 23:33:08,405 SpawnProcess-6 INFO rep_moldova_studio_fWy0004OAjQ_150s-460s.mp4: encoding clip 2/15 (177.800s to 184.000s)
2026-08-16 23:33:13,483 SpawnProcess-5 INFO muntenia_studio_Y-456XfFHog_0s-600s.mp4: encoding clip 7/15 (133.000s to 140.400s)
2026-08-16 23:33:22,312 SpawnProcess-6 INFO rep_moldova_studio_fWy0004OAjQ_150s-460s.mp4: encoding clip 3/15 (147.800s to 157.800s)
2026-08-16 23:33:23,529 SpawnProcess-1 INFO rep_moldova_studio_FSkO1AwlSgM_960s-1500s.mp4: completed
2026-08-16 23:33:23,547 SpawnProcess-1 INFO Loading detection cache: ../videos_detections/rep_moldova_studio_yB7lYXxq92k_1765s-2160s/detections.json
2026-08-16 23:33:24,005 SpawnProcess-16 INFO rep_moldova_studio_AVe2BKqq8uE_515s-950s.mp4: encoding clip 15/15 (329.600s to 339.600s)
2026-08-16 23:33:24,324 SpawnProcess-3 INFO rep_moldova_studio_R4ch3Cu8FJA_720s-1020s.mp4: encoding clip 5/15 (92.400s to 102.400s)
2026-08-16 23:33:24,434 SpawnProcess-1 INFO rep_moldova_studio_yB7lYXxq92k_1765s-2160s.mp4: duration=395.0s, samples=1975, tracks=55
2026-08-16 23:33:27,235 SpawnProcess-15 INFO rep_moldova_studio__3OLJk5a0dU_100s-410s.mp4: encoding clip 8/14 (0.600s to 10.200s)
2026-08-16 23:33:32,214 SpawnProcess-1 INFO rep_moldova_studio_yB7lYXxq92k_1765s-2160s.mp4: VAD found 80 speech intervals
2026-08-16 23:33:43,286 SpawnProcess-6 INFO rep_moldova_studio_fWy0004OAjQ_150s-460s.mp4: encoding clip 4/15 (36.000s to 46.000s)
2026-08-16 23:33:48,467 SpawnProcess-15 INFO rep_moldova_studio__3OLJk5a0dU_100s-410s.mp4: encoding clip 9/14 (151.600s to 160.000s)
2026-08-16 23:33:49,867 SpawnProcess-16 INFO rep_moldova_studio_AVe2BKqq8uE_515s-950s.mp4: completed
2026-08-16 23:33:49,881 SpawnProcess-16 INFO Loading detection cache: ../videos_detections/transilvania_itw_-Ia-qL86HZU_full/detections.json
2026-08-16 23:33:50,554 SpawnProcess-16 INFO transilvania_itw_-Ia-qL86HZU_full.mp4: duration=237.9s, samples=1189, tracks=6
2026-08-16 23:33:53,874 SpawnProcess-8 INFO rep_moldova_studio_frBTWyXiPF0_180s-480s.mp4: selected 15 clips
2026-08-16 23:33:53,878 SpawnProcess-8 INFO rep_moldova_studio_frBTWyXiPF0_180s-480s.mp4: encoding clip 1/15 (165.800s to 172.000s)
2026-08-16 23:33:54,524 SpawnProcess-3 INFO rep_moldova_studio_R4ch3Cu8FJA_720s-1020s.mp4: encoding clip 6/15 (59.600s to 69.600s)
2026-08-16 23:33:54,865 SpawnProcess-16 INFO transilvania_itw_-Ia-qL86HZU_full.mp4: VAD found 44 speech intervals
2026-08-16 23:33:54,964 SpawnProcess-5 INFO muntenia_studio_Y-456XfFHog_0s-600s.mp4: encoding clip 8/15 (564.200s to 569.800s)
2026-08-16 23:34:03,312 SpawnProcess-6 INFO rep_moldova_studio_fWy0004OAjQ_150s-460s.mp4: encoding clip 5/15 (79.800s to 89.800s)
2026-08-16 23:34:08,443 SpawnProcess-15 INFO rep_moldova_studio__3OLJk5a0dU_100s-410s.mp4: encoding clip 10/14 (75.800s to 85.800s)
2026-08-16 23:34:12,837 SpawnProcess-8 INFO rep_moldova_studio_frBTWyXiPF0_180s-480s.mp4: encoding clip 2/15 (0.000s to 10.000s)
2026-08-16 23:34:17,739 SpawnProcess-3 INFO rep_moldova_studio_R4ch3Cu8FJA_720s-1020s.mp4: encoding clip 7/15 (181.000s to 191.000s)
2026-08-16 23:34:19,106 SpawnProcess-6 INFO rep_moldova_studio_fWy0004OAjQ_150s-460s.mp4: encoding clip 6/15 (109.000s to 119.000s)
2026-08-16 23:34:30,853 SpawnProcess-15 INFO rep_moldova_studio__3OLJk5a0dU_100s-410s.mp4: encoding clip 11/14 (229.800s to 235.000s)
2026-08-16 23:34:31,747 SpawnProcess-5 INFO muntenia_studio_Y-456XfFHog_0s-600s.mp4: encoding clip 9/15 (274.200s to 284.200s)
2026-08-16 23:34:36,647 SpawnProcess-7 INFO rep_moldova_studio_dUexyIZhBRA_196s-600s.mp4: selected 15 clips
2026-08-16 23:34:36,652 SpawnProcess-7 INFO rep_moldova_studio_dUexyIZhBRA_196s-600s.mp4: encoding clip 1/15 (345.400s to 352.000s)
2026-08-16 23:34:37,676 SpawnProcess-6 INFO rep_moldova_studio_fWy0004OAjQ_150s-460s.mp4: encoding clip 7/15 (252.800s to 262.800s)
2026-08-16 23:34:40,249 SpawnProcess-8 INFO rep_moldova_studio_frBTWyXiPF0_180s-480s.mp4: encoding clip 3/15 (217.800s to 224.800s)
2026-08-16 23:34:43,328 SpawnProcess-15 INFO rep_moldova_studio__3OLJk5a0dU_100s-410s.mp4: encoding clip 12/14 (219.800s to 229.800s)
2026-08-16 23:34:45,886 SpawnProcess-3 INFO rep_moldova_studio_R4ch3Cu8FJA_720s-1020s.mp4: encoding clip 8/15 (259.800s to 269.800s)
2026-08-16 23:34:50,155 SpawnProcess-7 INFO rep_moldova_studio_dUexyIZhBRA_196s-600s.mp4: encoding clip 2/15 (196.400s to 206.200s)
2026-08-16 23:34:56,185 SpawnProcess-6 INFO rep_moldova_studio_fWy0004OAjQ_150s-460s.mp4: encoding clip 8/15 (217.800s to 227.800s)
2026-08-16 23:34:58,921 SpawnProcess-14 INFO rep_moldova_studio_R3tBFVeAh6M_253s-853s.mp4: selected 15 clips
2026-08-16 23:34:58,925 SpawnProcess-14 INFO rep_moldova_studio_R3tBFVeAh6M_253s-853s.mp4: encoding clip 1/15 (467.800s to 474.000s)
2026-08-16 23:35:02,382 SpawnProcess-2 INFO rep_moldova_studio_snmhjJR_SkI_715s-908s.mp4: selected 10 clips
2026-08-16 23:35:02,385 SpawnProcess-2 INFO rep_moldova_studio_snmhjJR_SkI_715s-908s.mp4: encoding clip 1/10 (153.800s to 163.800s)
2026-08-16 23:35:04,519 SpawnProcess-8 INFO rep_moldova_studio_frBTWyXiPF0_180s-480s.mp4: encoding clip 4/15 (109.000s to 114.000s)
2026-08-16 23:35:06,454 SpawnProcess-15 INFO rep_moldova_studio__3OLJk5a0dU_100s-410s.mp4: encoding clip 13/14 (203.800s to 211.200s)
2026-08-16 23:35:12,156 SpawnProcess-7 INFO rep_moldova_studio_dUexyIZhBRA_196s-600s.mp4: encoding clip 3/15 (209.800s to 219.800s)
2026-08-16 23:35:17,321 SpawnProcess-14 INFO rep_moldova_studio_R3tBFVeAh6M_253s-853s.mp4: encoding clip 2/15 (33.800s to 43.800s)
2026-08-16 23:35:19,343 SpawnProcess-5 INFO muntenia_studio_Y-456XfFHog_0s-600s.mp4: encoding clip 10/15 (95.800s to 105.800s)
2026-08-16 23:35:19,602 SpawnProcess-3 INFO rep_moldova_studio_R4ch3Cu8FJA_720s-1020s.mp4: encoding clip 9/15 (0.400s to 10.400s)
2026-08-16 23:35:20,696 SpawnProcess-8 INFO rep_moldova_studio_frBTWyXiPF0_180s-480s.mp4: encoding clip 5/15 (63.200s to 73.200s)
2026-08-16 23:35:20,812 SpawnProcess-13 INFO rep_moldova_studio_dH3Vz_hv85I_4230s-4907s.mp4: selected 15 clips
2026-08-16 23:35:20,823 SpawnProcess-13 INFO rep_moldova_studio_dH3Vz_hv85I_4230s-4907s.mp4: encoding clip 1/15 (252.600s to 258.000s)
2026-08-16 23:35:22,452 SpawnProcess-6 INFO rep_moldova_studio_fWy0004OAjQ_150s-460s.mp4: encoding clip 9/15 (63.800s to 70.000s)
2026-08-16 23:35:27,302 SpawnProcess-15 INFO rep_moldova_studio__3OLJk5a0dU_100s-410s.mp4: encoding clip 14/14 (114.400s to 122.000s)
2026-08-16 23:35:27,668 SpawnProcess-2 INFO rep_moldova_studio_snmhjJR_SkI_715s-908s.mp4: encoding clip 2/10 (0.200s to 10.200s)
2026-08-16 23:35:29,381 SpawnProcess-7 INFO rep_moldova_studio_dUexyIZhBRA_196s-600s.mp4: encoding clip 4/15 (242.400s to 252.400s)
2026-08-16 23:35:30,245 SpawnProcess-13 INFO rep_moldova_studio_dH3Vz_hv85I_4230s-4907s.mp4: encoding clip 2/15 (0.200s to 9.800s)
2026-08-16 23:35:35,194 SpawnProcess-6 INFO rep_moldova_studio_fWy0004OAjQ_150s-460s.mp4: encoding clip 10/15 (7.800s to 17.800s)
2026-08-16 23:35:42,802 SpawnProcess-14 INFO rep_moldova_studio_R3tBFVeAh6M_253s-853s.mp4: encoding clip 3/15 (13.800s to 23.800s)
2026-08-16 23:35:45,028 SpawnProcess-15 INFO rep_moldova_studio__3OLJk5a0dU_100s-410s.mp4: completed
2026-08-16 23:35:45,091 SpawnProcess-15 INFO Loading detection cache: ../videos_detections/transilvania_itw_0cnAl-z9wrM_70s-276s/detections.json
2026-08-16 23:35:46,163 SpawnProcess-15 INFO transilvania_itw_0cnAl-z9wrM_70s-276s.mp4: duration=206.0s, samples=1031, tracks=20
2026-08-16 23:35:47,755 SpawnProcess-13 INFO rep_moldova_studio_dH3Vz_hv85I_4230s-4907s.mp4: encoding clip 3/15 (599.000s to 605.000s)
2026-08-16 23:35:48,662 SpawnProcess-3 INFO rep_moldova_studio_R4ch3Cu8FJA_720s-1020s.mp4: encoding clip 10/15 (137.000s to 142.200s)
2026-08-16 23:35:52,427 SpawnProcess-15 INFO transilvania_itw_0cnAl-z9wrM_70s-276s.mp4: VAD found 11 speech intervals
2026-08-16 23:35:52,437 SpawnProcess-8 INFO rep_moldova_studio_frBTWyXiPF0_180s-480s.mp4: encoding clip 6/15 (139.800s to 149.800s)
2026-08-16 23:35:52,610 SpawnProcess-2 INFO rep_moldova_studio_snmhjJR_SkI_715s-908s.mp4: encoding clip 3/10 (101.800s to 109.200s)
2026-08-16 23:35:54,135 SpawnProcess-7 INFO rep_moldova_studio_dUexyIZhBRA_196s-600s.mp4: encoding clip 5/15 (219.800s to 228.200s)
2026-08-16 23:35:55,747 SpawnProcess-13 INFO rep_moldova_studio_dH3Vz_hv85I_4230s-4907s.mp4: encoding clip 4/15 (501.400s to 508.800s)
2026-08-16 23:35:56,022 SpawnProcess-6 INFO rep_moldova_studio_fWy0004OAjQ_150s-460s.mp4: encoding clip 11/15 (46.000s to 56.000s)
2026-08-16 23:36:05,013 SpawnProcess-14 INFO rep_moldova_studio_R3tBFVeAh6M_253s-853s.mp4: encoding clip 4/15 (475.800s to 485.800s)
2026-08-16 23:36:05,550 SpawnProcess-13 INFO rep_moldova_studio_dH3Vz_hv85I_4230s-4907s.mp4: encoding clip 5/15 (322.600s to 329.200s)
2026-08-16 23:36:07,265 SpawnProcess-3 INFO rep_moldova_studio_R4ch3Cu8FJA_720s-1020s.mp4: encoding clip 11/15 (143.800s to 153.800s)
2026-08-16 23:36:09,358 SpawnProcess-2 INFO rep_moldova_studio_snmhjJR_SkI_715s-908s.mp4: encoding clip 4/10 (163.800s to 173.800s)
2026-08-16 23:36:10,273 SpawnProcess-7 INFO rep_moldova_studio_dUexyIZhBRA_196s-600s.mp4: encoding clip 6/15 (143.800s to 150.000s)
2026-08-16 23:36:14,846 SpawnProcess-6 INFO rep_moldova_studio_fWy0004OAjQ_150s-460s.mp4: encoding clip 12/15 (302.600s to 310.000s)
2026-08-16 23:36:15,883 SpawnProcess-13 INFO rep_moldova_studio_dH3Vz_hv85I_4230s-4907s.mp4: encoding clip 6/15 (112.600s to 118.800s)
2026-08-16 23:36:22,843 SpawnProcess-5 INFO muntenia_studio_Y-456XfFHog_0s-600s.mp4: encoding clip 11/15 (207.400s to 213.400s)
2026-08-16 23:36:24,981 SpawnProcess-7 INFO rep_moldova_studio_dUexyIZhBRA_196s-600s.mp4: encoding clip 7/15 (103.600s to 113.600s)
2026-08-16 23:36:25,275 SpawnProcess-14 INFO rep_moldova_studio_R3tBFVeAh6M_253s-853s.mp4: encoding clip 5/15 (550.400s to 558.000s)
2026-08-16 23:36:26,735 SpawnProcess-8 INFO rep_moldova_studio_frBTWyXiPF0_180s-480s.mp4: encoding clip 7/15 (117.800s to 124.600s)
2026-08-16 23:36:27,568 SpawnProcess-13 INFO rep_moldova_studio_dH3Vz_hv85I_4230s-4907s.mp4: encoding clip 7/15 (532.800s to 538.000s)
2026-08-16 23:36:28,894 SpawnProcess-2 INFO rep_moldova_studio_snmhjJR_SkI_715s-908s.mp4: encoding clip 5/10 (65.200s to 72.000s)
2026-08-16 23:36:31,170 SpawnProcess-6 INFO rep_moldova_studio_fWy0004OAjQ_150s-460s.mp4: encoding clip 13/15 (165.800s to 175.800s)
2026-08-16 23:36:33,396 SpawnProcess-3 INFO rep_moldova_studio_R4ch3Cu8FJA_720s-1020s.mp4: encoding clip 12/15 (10.400s to 18.600s)
2026-08-16 23:36:35,415 SpawnProcess-13 INFO rep_moldova_studio_dH3Vz_hv85I_4230s-4907s.mp4: encoding clip 8/15 (665.200s to 674.400s)
2026-08-16 23:36:43,448 SpawnProcess-14 INFO rep_moldova_studio_R3tBFVeAh6M_253s-853s.mp4: encoding clip 6/15 (165.600s to 175.600s)
2026-08-16 23:36:47,094 SpawnProcess-2 INFO rep_moldova_studio_snmhjJR_SkI_715s-908s.mp4: encoding clip 6/10 (91.800s to 101.800s)
2026-08-16 23:36:47,158 SpawnProcess-7 INFO rep_moldova_studio_dUexyIZhBRA_196s-600s.mp4: encoding clip 8/15 (392.800s to 399.800s)
2026-08-16 23:36:47,970 SpawnProcess-13 INFO rep_moldova_studio_dH3Vz_hv85I_4230s-4907s.mp4: encoding clip 9/15 (435.600s to 441.400s)
2026-08-16 23:36:51,933 SpawnProcess-8 INFO rep_moldova_studio_frBTWyXiPF0_180s-480s.mp4: encoding clip 8/15 (99.000s to 109.000s)
2026-08-16 23:36:54,019 SpawnProcess-6 INFO rep_moldova_studio_fWy0004OAjQ_150s-460s.mp4: encoding clip 14/15 (275.800s to 281.600s)
2026-08-16 23:36:59,905 SpawnProcess-3 INFO rep_moldova_studio_R4ch3Cu8FJA_720s-1020s.mp4: encoding clip 13/15 (271.600s to 278.000s)
2026-08-16 23:37:01,717 SpawnProcess-5 INFO muntenia_studio_Y-456XfFHog_0s-600s.mp4: encoding clip 12/15 (141.400s to 151.400s)
2026-08-16 23:37:05,154 SpawnProcess-13 INFO rep_moldova_studio_dH3Vz_hv85I_4230s-4907s.mp4: encoding clip 10/15 (308.600s to 318.600s)
2026-08-16 23:37:08,940 SpawnProcess-7 INFO rep_moldova_studio_dUexyIZhBRA_196s-600s.mp4: encoding clip 9/15 (1.000s to 7.600s)
2026-08-16 23:37:10,821 SpawnProcess-6 INFO rep_moldova_studio_fWy0004OAjQ_150s-460s.mp4: encoding clip 15/15 (0.000s to 6.400s)
2026-08-16 23:37:13,235 SpawnProcess-14 INFO rep_moldova_studio_R3tBFVeAh6M_253s-853s.mp4: encoding clip 7/15 (5.800s to 12.400s)
2026-08-16 23:37:14,427 SpawnProcess-4 INFO rep_moldova_studio_o5i9cc7oe38_90s-420s.mp4: selected 15 clips
2026-08-16 23:37:14,429 SpawnProcess-4 INFO rep_moldova_studio_o5i9cc7oe38_90s-420s.mp4: encoding clip 1/15 (106.400s to 111.800s)
2026-08-16 23:37:16,120 SpawnProcess-8 INFO rep_moldova_studio_frBTWyXiPF0_180s-480s.mp4: encoding clip 9/15 (41.800s to 51.800s)
2026-08-16 23:37:17,422 SpawnProcess-3 INFO rep_moldova_studio_R4ch3Cu8FJA_720s-1020s.mp4: encoding clip 14/15 (102.400s to 110.000s)
2026-08-16 23:37:19,957 SpawnProcess-2 INFO rep_moldova_studio_snmhjJR_SkI_715s-908s.mp4: encoding clip 7/10 (32.200s to 37.200s)
2026-08-16 23:37:22,984 SpawnProcess-13 INFO rep_moldova_studio_dH3Vz_hv85I_4230s-4907s.mp4: encoding clip 11/15 (514.200s to 521.600s)
2026-08-16 23:37:28,531 SpawnProcess-7 INFO rep_moldova_studio_dUexyIZhBRA_196s-600s.mp4: encoding clip 10/15 (29.800s to 36.000s)
2026-08-16 23:37:29,074 SpawnProcess-6 INFO rep_moldova_studio_fWy0004OAjQ_150s-460s.mp4: completed
2026-08-16 23:37:29,089 SpawnProcess-6 INFO Loading detection cache: ../videos_detections/transilvania_itw_1Dgv2Uy_Ig8_760s-1088s/detections.json
2026-08-16 23:37:30,098 SpawnProcess-6 INFO transilvania_itw_1Dgv2Uy_Ig8_760s-1088s.mp4: duration=328.1s, samples=1641, tracks=31
2026-08-16 23:37:31,231 SpawnProcess-14 INFO rep_moldova_studio_R3tBFVeAh6M_253s-853s.mp4: encoding clip 8/15 (495.800s to 504.000s)
2026-08-16 23:37:33,140 SpawnProcess-2 INFO rep_moldova_studio_snmhjJR_SkI_715s-908s.mp4: encoding clip 8/10 (10.200s to 20.200s)
2026-08-16 23:37:33,620 SpawnProcess-13 INFO rep_moldova_studio_dH3Vz_hv85I_4230s-4907s.mp4: encoding clip 12/15 (545.200s to 553.200s)
2026-08-16 23:37:36,403 SpawnProcess-6 INFO transilvania_itw_1Dgv2Uy_Ig8_760s-1088s.mp4: VAD found 52 speech intervals
2026-08-16 23:37:37,843 SpawnProcess-8 INFO rep_moldova_studio_frBTWyXiPF0_180s-480s.mp4: encoding clip 10/15 (29.000s to 34.000s)
2026-08-16 23:37:39,533 SpawnProcess-4 INFO rep_moldova_studio_o5i9cc7oe38_90s-420s.mp4: encoding clip 2/15 (208.600s to 216.000s)
2026-08-16 23:37:42,253 SpawnProcess-7 INFO rep_moldova_studio_dUexyIZhBRA_196s-600s.mp4: encoding clip 11/15 (255.800s to 265.800s)
2026-08-16 23:37:45,179 SpawnProcess-3 INFO rep_moldova_studio_R4ch3Cu8FJA_720s-1020s.mp4: encoding clip 15/15 (127.000s to 137.000s)
2026-08-16 23:37:46,001 SpawnProcess-16 INFO transilvania_itw_-Ia-qL86HZU_full.mp4: selected 10 clips
2026-08-16 23:37:46,005 SpawnProcess-16 INFO transilvania_itw_-Ia-qL86HZU_full.mp4: encoding clip 1/10 (21.421s to 26.426s)
2026-08-16 23:37:46,127 SpawnProcess-13 INFO rep_moldova_studio_dH3Vz_hv85I_4230s-4907s.mp4: encoding clip 13/15 (403.600s to 412.800s)
2026-08-16 23:37:48,228 SpawnProcess-14 INFO rep_moldova_studio_R3tBFVeAh6M_253s-853s.mp4: encoding clip 9/15 (567.800s to 576.000s)
2026-08-16 23:37:52,658 SpawnProcess-2 INFO rep_moldova_studio_snmhjJR_SkI_715s-908s.mp4: encoding clip 9/10 (173.800s to 183.800s)
2026-08-16 23:37:52,957 SpawnProcess-1 INFO rep_moldova_studio_yB7lYXxq92k_1765s-2160s.mp4: selected 15 clips
2026-08-16 23:37:52,960 SpawnProcess-1 INFO rep_moldova_studio_yB7lYXxq92k_1765s-2160s.mp4: encoding clip 1/15 (210.800s to 217.000s)
2026-08-16 23:37:58,747 SpawnProcess-16 INFO transilvania_itw_-Ia-qL86HZU_full.mp4: encoding clip 2/10 (80.671s to 88.889s)
2026-08-16 23:37:59,180 SpawnProcess-13 INFO rep_moldova_studio_dH3Vz_hv85I_4230s-4907s.mp4: encoding clip 14/15 (642.600s to 651.600s)
2026-08-16 23:37:59,864 SpawnProcess-7 INFO rep_moldova_studio_dUexyIZhBRA_196s-600s.mp4: encoding clip 12/15 (353.800s to 359.800s)
2026-08-16 23:38:00,232 SpawnProcess-8 INFO rep_moldova_studio_frBTWyXiPF0_180s-480s.mp4: encoding clip 11/15 (265.000s to 275.000s)
2026-08-16 23:38:01,328 SpawnProcess-1 INFO rep_moldova_studio_yB7lYXxq92k_1765s-2160s.mp4: encoding clip 2/15 (87.600s to 97.600s)
2026-08-16 23:38:05,503 SpawnProcess-14 INFO rep_moldova_studio_R3tBFVeAh6M_253s-853s.mp4: encoding clip 10/15 (535.800s to 545.800s)
2026-08-16 23:38:05,985 SpawnProcess-4 INFO rep_moldova_studio_o5i9cc7oe38_90s-420s.mp4: encoding clip 3/15 (236.400s to 244.600s)
2026-08-16 23:38:10,972 SpawnProcess-13 INFO rep_moldova_studio_dH3Vz_hv85I_4230s-4907s.mp4: encoding clip 15/15 (169.600s to 179.600s)
2026-08-16 23:38:11,147 SpawnProcess-5 INFO muntenia_studio_Y-456XfFHog_0s-600s.mp4: encoding clip 13/15 (113.600s to 122.400s)
2026-08-16 23:38:11,415 SpawnProcess-2 INFO rep_moldova_studio_snmhjJR_SkI_715s-908s.mp4: encoding clip 10/10 (121.800s to 128.000s)
2026-08-16 23:38:12,757 SpawnProcess-1 INFO rep_moldova_studio_yB7lYXxq92k_1765s-2160s.mp4: encoding clip 3/15 (245.800s to 255.400s)
2026-08-16 23:38:14,410 SpawnProcess-7 INFO rep_moldova_studio_dUexyIZhBRA_196s-600s.mp4: encoding clip 13/15 (61.200s to 68.600s)
2026-08-16 23:38:20,636 SpawnProcess-3 INFO rep_moldova_studio_R4ch3Cu8FJA_720s-1020s.mp4: completed
2026-08-16 23:38:20,670 SpawnProcess-3 INFO Loading detection cache: ../videos_detections/transilvania_itw_1NkDvRq34vs_full/detections.json
2026-08-16 23:38:20,876 SpawnProcess-16 INFO transilvania_itw_-Ia-qL86HZU_full.mp4: encoding clip 3/10 (29.630s to 39.630s)
2026-08-16 23:38:21,131 SpawnProcess-3 INFO transilvania_itw_1NkDvRq34vs_full.mp4: duration=293.0s, samples=1464, tracks=5
2026-08-16 23:38:23,713 SpawnProcess-1 INFO rep_moldova_studio_yB7lYXxq92k_1765s-2160s.mp4: encoding clip 4/15 (269.000s to 278.800s)
2026-08-16 23:38:25,005 SpawnProcess-13 INFO rep_moldova_studio_dH3Vz_hv85I_4230s-4907s.mp4: completed
2026-08-16 23:38:25,027 SpawnProcess-13 INFO Loading detection cache: ../videos_detections/transilvania_itw_1UTGWMoCbKw_0s-171s/detections.json
2026-08-16 23:38:25,487 SpawnProcess-15 INFO transilvania_itw_0cnAl-z9wrM_70s-276s.mp4: selected 9 clips
2026-08-16 23:38:25,488 SpawnProcess-15 INFO transilvania_itw_0cnAl-z9wrM_70s-276s.mp4: encoding clip 1/9 (115.200s to 125.200s)
2026-08-16 23:38:25,679 SpawnProcess-14 INFO rep_moldova_studio_R3tBFVeAh6M_253s-853s.mp4: encoding clip 11/15 (43.800s to 53.800s)
2026-08-16 23:38:26,624 SpawnProcess-2 INFO rep_moldova_studio_snmhjJR_SkI_715s-908s.mp4: completed
2026-08-16 23:38:26,635 SpawnProcess-2 INFO Loading detection cache: ../videos_detections/transilvania_itw_1xSD71sMTB0_408s-875s/detections.json
2026-08-16 23:38:26,701 SpawnProcess-13 INFO transilvania_itw_1UTGWMoCbKw_0s-171s.mp4: duration=171.0s, samples=855, tracks=21
2026-08-16 23:38:27,521 SpawnProcess-2 INFO transilvania_itw_1xSD71sMTB0_408s-875s.mp4: duration=467.0s, samples=2336, tracks=39
2026-08-16 23:38:29,776 SpawnProcess-7 INFO rep_moldova_studio_dUexyIZhBRA_196s-600s.mp4: encoding clip 14/15 (299.000s to 306.000s)
2026-08-16 23:38:30,241 SpawnProcess-4 INFO rep_moldova_studio_o5i9cc7oe38_90s-420s.mp4: encoding clip 4/15 (19.800s to 29.800s)
2026-08-16 23:38:30,909 SpawnProcess-8 INFO rep_moldova_studio_frBTWyXiPF0_180s-480s.mp4: encoding clip 12/15 (254.400s to 264.000s)
2026-08-16 23:38:31,056 SpawnProcess-13 INFO transilvania_itw_1UTGWMoCbKw_0s-171s.mp4: VAD found 44 speech intervals
2026-08-16 23:38:32,676 SpawnProcess-3 INFO transilvania_itw_1NkDvRq34vs_full.mp4: VAD found 39 speech intervals
2026-08-16 23:38:35,042 SpawnProcess-1 INFO rep_moldova_studio_yB7lYXxq92k_1765s-2160s.mp4: encoding clip 5/15 (128.400s to 136.000s)
2026-08-16 23:38:36,068 SpawnProcess-15 INFO transilvania_itw_0cnAl-z9wrM_70s-276s.mp4: encoding clip 2/9 (125.200s to 135.200s)
2026-08-16 23:38:36,832 SpawnProcess-2 INFO transilvania_itw_1xSD71sMTB0_408s-875s.mp4: VAD found 125 speech intervals
2026-08-16 23:38:40,821 SpawnProcess-16 INFO transilvania_itw_-Ia-qL86HZU_full.mp4: encoding clip 4/10 (60.661s to 69.670s)
2026-08-16 23:38:43,347 SpawnProcess-1 INFO rep_moldova_studio_yB7lYXxq92k_1765s-2160s.mp4: encoding clip 6/15 (14.200s to 21.200s)
2026-08-16 23:38:45,394 SpawnProcess-14 INFO rep_moldova_studio_R3tBFVeAh6M_253s-853s.mp4: encoding clip 12/15 (422.400s to 432.400s)
2026-08-16 23:38:46,040 SpawnProcess-7 INFO rep_moldova_studio_dUexyIZhBRA_196s-600s.mp4: encoding clip 15/15 (371.600s to 378.200s)
2026-08-16 23:38:47,341 SpawnProcess-15 INFO transilvania_itw_0cnAl-z9wrM_70s-276s.mp4: encoding clip 3/9 (105.200s to 115.200s)
2026-08-16 23:38:50,993 SpawnProcess-1 INFO rep_moldova_studio_yB7lYXxq92k_1765s-2160s.mp4: encoding clip 7/15 (74.600s to 84.600s)
2026-08-16 23:38:58,618 SpawnProcess-7 INFO rep_moldova_studio_dUexyIZhBRA_196s-600s.mp4: completed
2026-08-16 23:38:58,632 SpawnProcess-7 INFO Loading detection cache: ../videos_detections/transilvania_itw_2glCHsqvy-A_full/detections.json
2026-08-16 23:38:58,675 SpawnProcess-15 INFO transilvania_itw_0cnAl-z9wrM_70s-276s.mp4: encoding clip 4/9 (70.800s to 80.800s)
2026-08-16 23:38:59,195 SpawnProcess-7 INFO transilvania_itw_2glCHsqvy-A_full.mp4: duration=141.9s, samples=710, tracks=18
2026-08-16 23:38:59,796 SpawnProcess-16 INFO transilvania_itw_-Ia-qL86HZU_full.mp4: encoding clip 5/10 (53.453s to 59.259s)
2026-08-16 23:39:01,054 SpawnProcess-1 INFO rep_moldova_studio_yB7lYXxq92k_1765s-2160s.mp4: encoding clip 8/15 (198.400s to 204.400s)
2026-08-16 23:39:01,728 SpawnProcess-7 INFO transilvania_itw_2glCHsqvy-A_full.mp4: VAD found 12 speech intervals
2026-08-16 23:39:04,283 SpawnProcess-8 INFO rep_moldova_studio_frBTWyXiPF0_180s-480s.mp4: encoding clip 13/15 (176.400s to 184.400s)
2026-08-16 23:39:04,443 SpawnProcess-14 INFO rep_moldova_studio_R3tBFVeAh6M_253s-853s.mp4: encoding clip 13/15 (407.600s to 415.600s)
2026-08-16 23:39:06,452 SpawnProcess-9 INFO rep_moldova_studio_sQ3QrGvK03E_570s-900s.mp4: selected 14 clips
2026-08-16 23:39:06,472 SpawnProcess-9 INFO rep_moldova_studio_sQ3QrGvK03E_570s-900s.mp4: encoding clip 1/14 (312.600s to 321.000s)
2026-08-16 23:39:07,047 SpawnProcess-4 INFO rep_moldova_studio_o5i9cc7oe38_90s-420s.mp4: encoding clip 5/15 (81.800s to 90.200s)
2026-08-16 23:39:09,225 SpawnProcess-1 INFO rep_moldova_studio_yB7lYXxq92k_1765s-2160s.mp4: encoding clip 9/15 (224.800s to 234.800s)
2026-08-16 23:39:09,352 SpawnProcess-15 INFO transilvania_itw_0cnAl-z9wrM_70s-276s.mp4: encoding clip 5/9 (0.800s to 10.800s)
2026-08-16 23:39:10,228 SpawnProcess-12 INFO rep_moldova_studio_lcYC8GwV5fw_300s-720s.mp4: selected 15 clips
2026-08-16 23:39:10,240 SpawnProcess-12 INFO rep_moldova_studio_lcYC8GwV5fw_300s-720s.mp4: encoding clip 1/15 (239.200s to 248.000s)
2026-08-16 23:39:11,125 SpawnProcess-5 INFO muntenia_studio_Y-456XfFHog_0s-600s.mp4: encoding clip 14/15 (341.000s to 349.200s)
2026-08-16 23:39:11,560 SpawnProcess-16 INFO transilvania_itw_-Ia-qL86HZU_full.mp4: encoding clip 6/10 (224.424s to 233.032s)
2026-08-16 23:39:17,021 SpawnProcess-14 INFO rep_moldova_studio_R3tBFVeAh6M_253s-853s.mp4: encoding clip 14/15 (511.800s to 518.200s)
2026-08-16 23:39:19,065 SpawnProcess-1 INFO rep_moldova_studio_yB7lYXxq92k_1765s-2160s.mp4: encoding clip 10/15 (23.600s to 31.000s)
2026-08-16 23:39:21,371 SpawnProcess-15 INFO transilvania_itw_0cnAl-z9wrM_70s-276s.mp4: encoding clip 6/9 (175.800s to 184.000s)
2026-08-16 23:39:26,586 SpawnProcess-1 INFO rep_moldova_studio_yB7lYXxq92k_1765s-2160s.mp4: encoding clip 11/15 (44.800s to 51.200s)
2026-08-16 23:39:28,722 SpawnProcess-14 INFO rep_moldova_studio_R3tBFVeAh6M_253s-853s.mp4: encoding clip 15/15 (187.000s to 197.000s)
2026-08-16 23:39:29,485 SpawnProcess-8 INFO rep_moldova_studio_frBTWyXiPF0_180s-480s.mp4: encoding clip 14/15 (73.200s to 83.200s)
2026-08-16 23:39:31,898 SpawnProcess-9 INFO rep_moldova_studio_sQ3QrGvK03E_570s-900s.mp4: encoding clip 2/14 (149.800s to 156.000s)
2026-08-16 23:39:31,946 SpawnProcess-15 INFO transilvania_itw_0cnAl-z9wrM_70s-276s.mp4: encoding clip 7/9 (19.800s to 29.800s)
2026-08-16 23:39:32,185 SpawnProcess-12 INFO rep_moldova_studio_lcYC8GwV5fw_300s-720s.mp4: encoding clip 2/15 (319.800s to 327.200s)
2026-08-16 23:39:32,313 SpawnProcess-16 INFO transilvania_itw_-Ia-qL86HZU_full.mp4: encoding clip 7/10 (205.605s to 215.605s)
2026-08-16 23:39:33,185 SpawnProcess-1 INFO rep_moldova_studio_yB7lYXxq92k_1765s-2160s.mp4: encoding clip 12/15 (138.800s to 146.600s)
2026-08-16 23:39:34,130 SpawnProcess-4 INFO rep_moldova_studio_o5i9cc7oe38_90s-420s.mp4: encoding clip 6/15 (31.600s to 41.600s)
2026-08-16 23:39:40,321 SpawnProcess-11 INFO rep_moldova_studio_skGutkhWlqw_1690s-2080s.mp4: selected 14 clips
2026-08-16 23:39:40,322 SpawnProcess-11 INFO rep_moldova_studio_skGutkhWlqw_1690s-2080s.mp4: encoding clip 1/14 (353.200s to 362.000s)
2026-08-16 23:39:43,056 SpawnProcess-1 INFO rep_moldova_studio_yB7lYXxq92k_1765s-2160s.mp4: encoding clip 13/15 (319.800s to 329.800s)
2026-08-16 23:39:43,506 SpawnProcess-15 INFO transilvania_itw_0cnAl-z9wrM_70s-276s.mp4: encoding clip 8/9 (185.800s to 195.800s)
2026-08-16 23:39:48,651 SpawnProcess-14 INFO rep_moldova_studio_R3tBFVeAh6M_253s-853s.mp4: completed
2026-08-16 23:39:48,692 SpawnProcess-14 INFO Loading detection cache: ../videos_detections/transilvania_itw_3JU34CNb-dk_0s-440s/detections.json
2026-08-16 23:39:49,164 SpawnProcess-16 INFO transilvania_itw_-Ia-qL86HZU_full.mp4: encoding clip 8/10 (215.605s to 222.221s)
2026-08-16 23:39:49,333 SpawnProcess-14 INFO transilvania_itw_3JU34CNb-dk_0s-440s.mp4: duration=440.0s, samples=2200, tracks=7
2026-08-16 23:39:51,156 SpawnProcess-9 INFO rep_moldova_studio_sQ3QrGvK03E_570s-900s.mp4: encoding clip 3/14 (137.800s to 147.800s)
2026-08-16 23:39:53,608 SpawnProcess-12 INFO rep_moldova_studio_lcYC8GwV5fw_300s-720s.mp4: encoding clip 3/15 (151.200s to 156.400s)
2026-08-16 23:39:54,650 SpawnProcess-1 INFO rep_moldova_studio_yB7lYXxq92k_1765s-2160s.mp4: encoding clip 14/15 (238.800s to 244.000s)
2026-08-16 23:39:56,925 SpawnProcess-15 INFO transilvania_itw_0cnAl-z9wrM_70s-276s.mp4: encoding clip 9/9 (60.800s to 70.800s)
2026-08-16 23:39:59,644 SpawnProcess-8 INFO rep_moldova_studio_frBTWyXiPF0_180s-480s.mp4: encoding clip 15/15 (53.200s to 63.200s)
2026-08-16 23:40:00,545 SpawnProcess-14 INFO transilvania_itw_3JU34CNb-dk_0s-440s.mp4: VAD found 15 speech intervals
2026-08-16 23:40:00,724 SpawnProcess-16 INFO transilvania_itw_-Ia-qL86HZU_full.mp4: encoding clip 9/10 (70.671s to 80.671s)
2026-08-16 23:40:01,322 SpawnProcess-11 INFO rep_moldova_studio_skGutkhWlqw_1690s-2080s.mp4: encoding clip 2/14 (132.000s to 139.800s)
2026-08-16 23:40:03,148 SpawnProcess-1 INFO rep_moldova_studio_yB7lYXxq92k_1765s-2160s.mp4: encoding clip 15/15 (340.800s to 347.000s)
2026-08-16 23:40:03,196 SpawnProcess-5 INFO muntenia_studio_Y-456XfFHog_0s-600s.mp4: encoding clip 15/15 (45.400s to 51.200s)
2026-08-16 23:40:03,213 SpawnProcess-4 INFO rep_moldova_studio_o5i9cc7oe38_90s-420s.mp4: encoding clip 7/15 (55.800s to 63.000s)
2026-08-16 23:40:03,302 SpawnProcess-12 INFO rep_moldova_studio_lcYC8GwV5fw_300s-720s.mp4: encoding clip 4/15 (209.800s to 219.800s)
2026-08-16 23:40:09,704 SpawnProcess-15 INFO transilvania_itw_0cnAl-z9wrM_70s-276s.mp4: completed
2026-08-16 23:40:09,717 SpawnProcess-15 INFO Loading detection cache: ../videos_detections/transilvania_itw_4hkblcAxrqk_0s-348s/detections.json
2026-08-16 23:40:10,937 SpawnProcess-15 INFO transilvania_itw_4hkblcAxrqk_0s-348s.mp4: duration=348.0s, samples=1741, tracks=91
2026-08-16 23:40:11,518 SpawnProcess-1 INFO rep_moldova_studio_yB7lYXxq92k_1765s-2160s.mp4: completed
2026-08-16 23:40:11,539 SpawnProcess-1 INFO Loading detection cache: ../videos_detections/transilvania_itw_5Y7Y20X-9zk_1398s-1776s/detections.json
2026-08-16 23:40:12,206 SpawnProcess-1 INFO transilvania_itw_5Y7Y20X-9zk_1398s-1776s.mp4: duration=378.0s, samples=1891, tracks=1
2026-08-16 23:40:16,235 SpawnProcess-16 INFO transilvania_itw_-Ia-qL86HZU_full.mp4: encoding clip 10/10 (39.630s to 49.249s)
2026-08-16 23:40:19,047 SpawnProcess-11 INFO rep_moldova_studio_skGutkhWlqw_1690s-2080s.mp4: encoding clip 3/14 (119.000s to 124.000s)
2026-08-16 23:40:19,311 SpawnProcess-15 INFO transilvania_itw_4hkblcAxrqk_0s-348s.mp4: VAD found 59 speech intervals
2026-08-16 23:40:21,204 SpawnProcess-9 INFO rep_moldova_studio_sQ3QrGvK03E_570s-900s.mp4: encoding clip 4/14 (101.800s to 111.800s)
2026-08-16 23:40:21,715 SpawnProcess-1 INFO transilvania_itw_5Y7Y20X-9zk_1398s-1776s.mp4: VAD found 90 speech intervals
2026-08-16 23:40:21,801 SpawnProcess-4 INFO rep_moldova_studio_o5i9cc7oe38_90s-420s.mp4: encoding clip 8/15 (96.400s to 106.400s)
2026-08-16 23:40:24,744 SpawnProcess-8 INFO rep_moldova_studio_frBTWyXiPF0_180s-480s.mp4: completed
2026-08-16 23:40:24,751 SpawnProcess-8 INFO Loading detection cache: ../videos_detections/transilvania_itw_6VuFc2A7SB8_full/detections.json
2026-08-16 23:40:25,422 SpawnProcess-8 INFO transilvania_itw_6VuFc2A7SB8_full.mp4: duration=205.0s, samples=1024, tracks=459
2026-08-16 23:40:25,642 SpawnProcess-12 INFO rep_moldova_studio_lcYC8GwV5fw_300s-720s.mp4: encoding clip 5/15 (292.200s to 302.200s)
2026-08-16 23:40:30,188 SpawnProcess-16 INFO transilvania_itw_-Ia-qL86HZU_full.mp4: completed
2026-08-16 23:40:30,202 SpawnProcess-16 INFO Loading detection cache: ../videos_detections/transilvania_itw_6oBqSDZmUOA_full/detections.json
2026-08-16 23:40:30,825 SpawnProcess-16 INFO transilvania_itw_6oBqSDZmUOA_full.mp4: duration=313.0s, samples=1566, tracks=1
2026-08-16 23:40:31,236 SpawnProcess-8 INFO transilvania_itw_6VuFc2A7SB8_full.mp4: VAD found 21 speech intervals
2026-08-16 23:40:32,005 SpawnProcess-11 INFO rep_moldova_studio_skGutkhWlqw_1690s-2080s.mp4: encoding clip 4/14 (186.000s to 194.200s)
2026-08-16 23:40:33,553 SpawnProcess-5 INFO muntenia_studio_Y-456XfFHog_0s-600s.mp4: completed
2026-08-16 23:40:33,566 SpawnProcess-5 INFO Loading detection cache: ../videos_detections/transilvania_itw_9EgA4QoK3VY_full/detections.json
2026-08-16 23:40:34,852 SpawnProcess-7 INFO transilvania_itw_2glCHsqvy-A_full.mp4: selected 7 clips
2026-08-16 23:40:34,854 SpawnProcess-7 INFO transilvania_itw_2glCHsqvy-A_full.mp4: encoding clip 1/7 (58.000s to 67.800s)
2026-08-16 23:40:34,857 SpawnProcess-2 INFO transilvania_itw_1xSD71sMTB0_408s-875s.mp4: selected 14 clips
2026-08-16 23:40:34,858 SpawnProcess-2 INFO transilvania_itw_1xSD71sMTB0_408s-875s.mp4: encoding clip 1/14 (453.200s to 463.200s)
2026-08-16 23:40:37,728 SpawnProcess-16 INFO transilvania_itw_6oBqSDZmUOA_full.mp4: VAD found 35 speech intervals
2026-08-16 23:40:38,109 SpawnProcess-2 INFO transilvania_itw_1xSD71sMTB0_408s-875s.mp4: encoding clip 2/14 (388.200s to 395.000s)
2026-08-16 23:40:40,856 SpawnProcess-9 INFO rep_moldova_studio_sQ3QrGvK03E_570s-900s.mp4: encoding clip 5/14 (247.800s to 257.800s)
2026-08-16 23:40:41,390 SpawnProcess-2 INFO transilvania_itw_1xSD71sMTB0_408s-875s.mp4: encoding clip 3/14 (378.200s to 388.200s)
2026-08-16 23:40:42,196 SpawnProcess-13 INFO transilvania_itw_1UTGWMoCbKw_0s-171s.mp4: selected 7 clips
2026-08-16 23:40:42,200 SpawnProcess-13 INFO transilvania_itw_1UTGWMoCbKw_0s-171s.mp4: encoding clip 1/7 (89.890s to 97.297s)
2026-08-16 23:40:42,386 SpawnProcess-4 INFO rep_moldova_studio_o5i9cc7oe38_90s-420s.mp4: encoding clip 9/15 (217.800s to 224.000s)
2026-08-16 23:40:44,580 SpawnProcess-2 INFO transilvania_itw_1xSD71sMTB0_408s-875s.mp4: encoding clip 4/14 (408.000s to 418.000s)
2026-08-16 23:40:44,676 SpawnProcess-5 INFO transilvania_itw_9EgA4QoK3VY_full.mp4: duration=269.0s, samples=1344, tracks=1762
2026-08-16 23:40:44,983 SpawnProcess-7 INFO transilvania_itw_2glCHsqvy-A_full.mp4: encoding clip 2/7 (11.600s to 21.400s)
2026-08-16 23:40:45,104 SpawnProcess-12 INFO rep_moldova_studio_lcYC8GwV5fw_300s-720s.mp4: encoding clip 6/15 (411.800s to 420.000s)
2026-08-16 23:40:46,940 SpawnProcess-11 INFO rep_moldova_studio_skGutkhWlqw_1690s-2080s.mp4: encoding clip 5/14 (28.400s to 36.000s)
2026-08-16 23:40:47,971 SpawnProcess-2 INFO transilvania_itw_1xSD71sMTB0_408s-875s.mp4: encoding clip 5/14 (426.800s to 431.800s)
2026-08-16 23:40:48,027 SpawnProcess-13 INFO transilvania_itw_1UTGWMoCbKw_0s-171s.mp4: encoding clip 2/7 (133.133s to 143.133s)
2026-08-16 23:40:50,400 SpawnProcess-2 INFO transilvania_itw_1xSD71sMTB0_408s-875s.mp4: encoding clip 6/14 (361.800s to 371.800s)
2026-08-16 23:40:50,417 SpawnProcess-5 INFO transilvania_itw_9EgA4QoK3VY_full.mp4: VAD found 2 speech intervals
2026-08-16 23:40:54,260 SpawnProcess-7 INFO transilvania_itw_2glCHsqvy-A_full.mp4: encoding clip 3/7 (24.600s to 30.800s)
2026-08-16 23:40:54,400 SpawnProcess-2 INFO transilvania_itw_1xSD71sMTB0_408s-875s.mp4: encoding clip 7/14 (398.000s to 408.000s)
2026-08-16 23:40:55,831 SpawnProcess-13 INFO transilvania_itw_1UTGWMoCbKw_0s-171s.mp4: encoding clip 3/7 (74.274s to 81.681s)
2026-08-16 23:40:57,143 SpawnProcess-4 INFO rep_moldova_studio_o5i9cc7oe38_90s-420s.mp4: encoding clip 10/15 (10.000s to 16.000s)
2026-08-16 23:40:57,907 SpawnProcess-2 INFO transilvania_itw_1xSD71sMTB0_408s-875s.mp4: encoding clip 8/14 (101.600s to 108.800s)
2026-08-16 23:41:01,193 SpawnProcess-2 INFO transilvania_itw_1xSD71sMTB0_408s-875s.mp4: encoding clip 9/14 (214.000s to 224.000s)
2026-08-16 23:41:01,247 SpawnProcess-9 INFO rep_moldova_studio_sQ3QrGvK03E_570s-900s.mp4: encoding clip 6/14 (49.800s to 59.800s)
2026-08-16 23:41:01,326 SpawnProcess-7 INFO transilvania_itw_2glCHsqvy-A_full.mp4: encoding clip 4/7 (0.000s to 6.200s)
2026-08-16 23:41:01,751 SpawnProcess-12 INFO rep_moldova_studio_lcYC8GwV5fw_300s-720s.mp4: encoding clip 7/15 (229.000s to 239.000s)
2026-08-16 23:41:02,703 SpawnProcess-13 INFO transilvania_itw_1UTGWMoCbKw_0s-171s.mp4: encoding clip 4/7 (119.920s to 127.327s)
2026-08-16 23:41:03,427 SpawnProcess-11 INFO rep_moldova_studio_skGutkhWlqw_1690s-2080s.mp4: encoding clip 6/14 (9.000s to 19.000s)
2026-08-16 23:41:04,314 SpawnProcess-2 INFO transilvania_itw_1xSD71sMTB0_408s-875s.mp4: encoding clip 10/14 (310.800s to 320.800s)
2026-08-16 23:41:07,971 SpawnProcess-7 INFO transilvania_itw_2glCHsqvy-A_full.mp4: encoding clip 5/7 (91.200s to 101.200s)
2026-08-16 23:41:07,999 SpawnProcess-2 INFO transilvania_itw_1xSD71sMTB0_408s-875s.mp4: encoding clip 11/14 (232.200s to 242.200s)
2026-08-16 23:41:10,523 SpawnProcess-13 INFO transilvania_itw_1UTGWMoCbKw_0s-171s.mp4: encoding clip 5/7 (106.306s to 114.714s)
2026-08-16 23:41:11,354 SpawnProcess-4 INFO rep_moldova_studio_o5i9cc7oe38_90s-420s.mp4: encoding clip 11/15 (250.000s to 260.000s)
2026-08-16 23:41:11,500 SpawnProcess-2 INFO transilvania_itw_1xSD71sMTB0_408s-875s.mp4: encoding clip 12/14 (242.200s to 250.000s)
2026-08-16 23:41:14,907 SpawnProcess-2 INFO transilvania_itw_1xSD71sMTB0_408s-875s.mp4: encoding clip 13/14 (192.800s to 202.800s)
2026-08-16 23:41:17,920 SpawnProcess-7 INFO transilvania_itw_2glCHsqvy-A_full.mp4: encoding clip 6/7 (81.200s to 91.200s)
2026-08-16 23:41:18,203 SpawnProcess-6 INFO transilvania_itw_1Dgv2Uy_Ig8_760s-1088s.mp4: selected 15 clips
2026-08-16 23:41:18,210 SpawnProcess-6 INFO transilvania_itw_1Dgv2Uy_Ig8_760s-1088s.mp4: encoding clip 1/15 (84.800s to 94.800s)
2026-08-16 23:41:18,215 SpawnProcess-13 INFO transilvania_itw_1UTGWMoCbKw_0s-171s.mp4: encoding clip 6/7 (143.133s to 151.351s)
2026-08-16 23:41:19,117 SpawnProcess-2 INFO transilvania_itw_1xSD71sMTB0_408s-875s.mp4: encoding clip 14/14 (258.000s to 268.000s)
2026-08-16 23:41:20,753 SpawnProcess-9 INFO rep_moldova_studio_sQ3QrGvK03E_570s-900s.mp4: encoding clip 7/14 (157.800s to 167.800s)
2026-08-16 23:41:22,818 SpawnProcess-2 INFO transilvania_itw_1xSD71sMTB0_408s-875s.mp4: completed
2026-08-16 23:41:22,825 SpawnProcess-2 INFO Loading detection cache: ../videos_detections/transilvania_itw_AIg6JjzPiSI_0s-600s/detections.json
2026-08-16 23:41:23,565 SpawnProcess-2 INFO transilvania_itw_AIg6JjzPiSI_0s-600s.mp4: duration=600.1s, samples=2998, tracks=2
2026-08-16 23:41:23,659 SpawnProcess-12 INFO rep_moldova_studio_lcYC8GwV5fw_300s-720s.mp4: encoding clip 8/15 (119.000s to 124.000s)
2026-08-16 23:41:25,379 SpawnProcess-11 INFO rep_moldova_studio_skGutkhWlqw_1690s-2080s.mp4: encoding clip 7/14 (272.400s to 282.400s)
2026-08-16 23:41:25,895 SpawnProcess-13 INFO transilvania_itw_1UTGWMoCbKw_0s-171s.mp4: encoding clip 7/7 (82.683s to 87.688s)
2026-08-16 23:41:28,981 SpawnProcess-7 INFO transilvania_itw_2glCHsqvy-A_full.mp4: encoding clip 7/7 (122.800s to 132.800s)
2026-08-16 23:41:29,293 SpawnProcess-6 INFO transilvania_itw_1Dgv2Uy_Ig8_760s-1088s.mp4: encoding clip 2/15 (165.800s to 171.400s)
2026-08-16 23:41:30,943 SpawnProcess-13 INFO transilvania_itw_1UTGWMoCbKw_0s-171s.mp4: completed
2026-08-16 23:41:30,977 SpawnProcess-13 INFO Loading detection cache: ../videos_detections/transilvania_itw_Ak1duaxrp60_129s-447s/detections.json
2026-08-16 23:41:31,748 SpawnProcess-13 INFO transilvania_itw_Ak1duaxrp60_129s-447s.mp4: duration=318.1s, samples=1591, tracks=69
2026-08-16 23:41:34,124 SpawnProcess-4 INFO rep_moldova_studio_o5i9cc7oe38_90s-420s.mp4: encoding clip 12/15 (271.800s to 281.800s)
2026-08-16 23:41:34,176 SpawnProcess-12 INFO rep_moldova_studio_lcYC8GwV5fw_300s-720s.mp4: encoding clip 9/15 (355.200s to 365.200s)
2026-08-16 23:41:35,502 SpawnProcess-6 INFO transilvania_itw_1Dgv2Uy_Ig8_760s-1088s.mp4: encoding clip 3/15 (53.000s to 63.000s)
2026-08-16 23:41:36,700 SpawnProcess-2 INFO transilvania_itw_AIg6JjzPiSI_0s-600s.mp4: VAD found 83 speech intervals
2026-08-16 23:41:38,230 SpawnProcess-13 INFO transilvania_itw_Ak1duaxrp60_129s-447s.mp4: VAD found 25 speech intervals
2026-08-16 23:41:38,723 SpawnProcess-9 INFO rep_moldova_studio_sQ3QrGvK03E_570s-900s.mp4: encoding clip 8/14 (35.000s to 42.000s)
2026-08-16 23:41:39,161 SpawnProcess-7 INFO transilvania_itw_2glCHsqvy-A_full.mp4: completed
2026-08-16 23:41:39,171 SpawnProcess-7 INFO Loading detection cache: ../videos_detections/transilvania_itw_BAaEbqM3hpM_full/detections.json
2026-08-16 23:41:39,686 SpawnProcess-7 INFO transilvania_itw_BAaEbqM3hpM_full.mp4: duration=96.6s, samples=483, tracks=6
2026-08-16 23:41:42,024 SpawnProcess-7 INFO transilvania_itw_BAaEbqM3hpM_full.mp4: VAD found 20 speech intervals
2026-08-16 23:41:43,938 SpawnProcess-6 INFO transilvania_itw_1Dgv2Uy_Ig8_760s-1088s.mp4: encoding clip 4/15 (281.800s to 291.800s)
2026-08-16 23:41:45,129 SpawnProcess-11 INFO rep_moldova_studio_skGutkhWlqw_1690s-2080s.mp4: encoding clip 8/14 (197.800s to 207.800s)
2026-08-16 23:41:53,110 SpawnProcess-12 INFO rep_moldova_studio_lcYC8GwV5fw_300s-720s.mp4: encoding clip 10/15 (401.800s to 410.600s)
2026-08-16 23:41:53,158 SpawnProcess-4 INFO rep_moldova_studio_o5i9cc7oe38_90s-420s.mp4: encoding clip 13/15 (194.600s to 202.000s)
2026-08-16 23:41:54,570 SpawnProcess-9 INFO rep_moldova_studio_sQ3QrGvK03E_570s-900s.mp4: encoding clip 9/14 (173.400s to 183.400s)
2026-08-16 23:41:55,174 SpawnProcess-6 INFO transilvania_itw_1Dgv2Uy_Ig8_760s-1088s.mp4: encoding clip 5/15 (191.800s to 201.800s)
2026-08-16 23:42:05,848 SpawnProcess-11 INFO rep_moldova_studio_skGutkhWlqw_1690s-2080s.mp4: encoding clip 9/14 (207.800s to 217.800s)
2026-08-16 23:42:07,999 SpawnProcess-6 INFO transilvania_itw_1Dgv2Uy_Ig8_760s-1088s.mp4: encoding clip 6/15 (248.000s to 258.000s)
2026-08-16 23:42:10,782 SpawnProcess-4 INFO rep_moldova_studio_o5i9cc7oe38_90s-420s.mp4: encoding clip 14/15 (263.800s to 270.800s)
2026-08-16 23:42:11,841 SpawnProcess-12 INFO rep_moldova_studio_lcYC8GwV5fw_300s-720s.mp4: encoding clip 11/15 (97.000s to 107.000s)
2026-08-16 23:42:14,504 SpawnProcess-9 INFO rep_moldova_studio_sQ3QrGvK03E_570s-900s.mp4: encoding clip 10/14 (302.600s to 312.600s)
2026-08-16 23:42:20,207 SpawnProcess-6 INFO transilvania_itw_1Dgv2Uy_Ig8_760s-1088s.mp4: encoding clip 7/15 (258.000s to 268.000s)
2026-08-16 23:42:23,933 SpawnProcess-3 INFO transilvania_itw_1NkDvRq34vs_full.mp4: selected 15 clips
2026-08-16 23:42:23,949 SpawnProcess-3 INFO transilvania_itw_1NkDvRq34vs_full.mp4: encoding clip 1/15 (196.797s to 206.797s)
2026-08-16 23:42:27,002 SpawnProcess-4 INFO rep_moldova_studio_o5i9cc7oe38_90s-420s.mp4: encoding clip 15/15 (317.000s to 327.000s)
2026-08-16 23:42:27,173 SpawnProcess-11 INFO rep_moldova_studio_skGutkhWlqw_1690s-2080s.mp4: encoding clip 10/14 (293.800s to 303.800s)
2026-08-16 23:42:29,790 SpawnProcess-12 INFO rep_moldova_studio_lcYC8GwV5fw_300s-720s.mp4: encoding clip 12/15 (107.000s to 117.000s)
2026-08-16 23:42:31,853 SpawnProcess-6 INFO transilvania_itw_1Dgv2Uy_Ig8_760s-1088s.mp4: encoding clip 8/15 (33.000s to 43.000s)
2026-08-16 23:42:32,614 SpawnProcess-8 INFO transilvania_itw_6VuFc2A7SB8_full.mp4: selected 12 clips
2026-08-16 23:42:32,618 SpawnProcess-8 INFO transilvania_itw_6VuFc2A7SB8_full.mp4: encoding clip 1/12 (193.193s to 200.400s)
2026-08-16 23:42:34,501 SpawnProcess-9 INFO rep_moldova_studio_sQ3QrGvK03E_570s-900s.mp4: encoding clip 11/14 (237.800s to 247.800s)
2026-08-16 23:42:37,540 SpawnProcess-3 INFO transilvania_itw_1NkDvRq34vs_full.mp4: encoding clip 2/15 (98.088s to 104.504s)
2026-08-16 23:42:42,182 SpawnProcess-8 INFO transilvania_itw_6VuFc2A7SB8_full.mp4: encoding clip 2/12 (44.835s to 54.835s)
2026-08-16 23:42:42,655 SpawnProcess-7 INFO transilvania_itw_BAaEbqM3hpM_full.mp4: selected 4 clips
2026-08-16 23:42:42,674 SpawnProcess-7 INFO transilvania_itw_BAaEbqM3hpM_full.mp4: encoding clip 1/4 (0.200s to 6.000s)
2026-08-16 23:42:43,699 SpawnProcess-6 INFO transilvania_itw_1Dgv2Uy_Ig8_760s-1088s.mp4: encoding clip 9/15 (94.800s to 104.800s)
2026-08-16 23:42:47,109 SpawnProcess-11 INFO rep_moldova_studio_skGutkhWlqw_1690s-2080s.mp4: encoding clip 11/14 (303.800s to 313.800s)
2026-08-16 23:42:48,015 SpawnProcess-3 INFO transilvania_itw_1NkDvRq34vs_full.mp4: encoding clip 3/15 (158.749s to 168.569s)
2026-08-16 23:42:48,917 SpawnProcess-4 INFO rep_moldova_studio_o5i9cc7oe38_90s-420s.mp4: completed
2026-08-16 23:42:48,930 SpawnProcess-4 INFO Loading detection cache: ../videos_detections/transilvania_itw_BXkMEhe31XY_0s-300s/detections.json
2026-08-16 23:42:49,512 SpawnProcess-4 INFO transilvania_itw_BXkMEhe31XY_0s-300s.mp4: duration=300.1s, samples=1499, tracks=4
2026-08-16 23:42:49,864 SpawnProcess-12 INFO rep_moldova_studio_lcYC8GwV5fw_300s-720s.mp4: encoding clip 13/15 (31.000s to 40.400s)
2026-08-16 23:42:51,304 SpawnProcess-7 INFO transilvania_itw_BAaEbqM3hpM_full.mp4: encoding clip 2/4 (66.800s to 76.800s)
2026-08-16 23:42:52,369 SpawnProcess-8 INFO transilvania_itw_6VuFc2A7SB8_full.mp4: encoding clip 3/12 (132.733s to 142.733s)
2026-08-16 23:42:53,757 SpawnProcess-9 INFO rep_moldova_studio_sQ3QrGvK03E_570s-900s.mp4: encoding clip 12/14 (0.000s to 10.000s)
2026-08-16 23:42:54,950 SpawnProcess-4 INFO transilvania_itw_BXkMEhe31XY_0s-300s.mp4: VAD found 39 speech intervals
2026-08-16 23:42:56,482 SpawnProcess-6 INFO transilvania_itw_1Dgv2Uy_Ig8_760s-1088s.mp4: encoding clip 10/15 (291.800s to 301.800s)
2026-08-16 23:43:00,974 SpawnProcess-3 INFO transilvania_itw_1NkDvRq34vs_full.mp4: encoding clip 4/15 (19.019s to 24.024s)
2026-08-16 23:43:02,302 SpawnProcess-8 INFO transilvania_itw_6VuFc2A7SB8_full.mp4: encoding clip 4/12 (108.709s to 118.709s)
2026-08-16 23:43:04,633 SpawnProcess-7 INFO transilvania_itw_BAaEbqM3hpM_full.mp4: encoding clip 3/4 (12.800s to 22.800s)
2026-08-16 23:43:08,186 SpawnProcess-12 INFO rep_moldova_studio_lcYC8GwV5fw_300s-720s.mp4: encoding clip 14/15 (249.800s to 259.800s)
2026-08-16 23:43:08,290 SpawnProcess-11 INFO rep_moldova_studio_skGutkhWlqw_1690s-2080s.mp4: encoding clip 12/14 (103.800s to 113.800s)
2026-08-16 23:43:09,038 SpawnProcess-6 INFO transilvania_itw_1Dgv2Uy_Ig8_760s-1088s.mp4: encoding clip 11/15 (43.000s to 53.000s)
2026-08-16 23:43:09,436 SpawnProcess-3 INFO transilvania_itw_1NkDvRq34vs_full.mp4: encoding clip 5/15 (206.797s to 214.014s)
2026-08-16 23:43:11,681 SpawnProcess-8 INFO transilvania_itw_6VuFc2A7SB8_full.mp4: encoding clip 5/12 (155.756s to 162.162s)
2026-08-16 23:43:15,057 SpawnProcess-9 INFO rep_moldova_studio_sQ3QrGvK03E_570s-900s.mp4: encoding clip 13/14 (111.800s to 118.000s)
2026-08-16 23:43:19,111 SpawnProcess-8 INFO transilvania_itw_6VuFc2A7SB8_full.mp4: encoding clip 6/12 (175.375s to 185.375s)
2026-08-16 23:43:19,307 SpawnProcess-7 INFO transilvania_itw_BAaEbqM3hpM_full.mp4: encoding clip 4/4 (36.800s to 42.800s)
2026-08-16 23:43:19,511 SpawnProcess-3 INFO transilvania_itw_1NkDvRq34vs_full.mp4: encoding clip 6/15 (25.626s to 35.626s)
2026-08-16 23:43:22,248 SpawnProcess-6 INFO transilvania_itw_1Dgv2Uy_Ig8_760s-1088s.mp4: encoding clip 12/15 (23.000s to 33.000s)
2026-08-16 23:43:27,795 SpawnProcess-8 INFO transilvania_itw_6VuFc2A7SB8_full.mp4: encoding clip 7/12 (163.163s to 169.369s)
2026-08-16 23:43:28,174 SpawnProcess-12 INFO rep_moldova_studio_lcYC8GwV5fw_300s-720s.mp4: encoding clip 15/15 (174.600s to 181.000s)
2026-08-16 23:43:28,482 SpawnProcess-11 INFO rep_moldova_studio_skGutkhWlqw_1690s-2080s.mp4: encoding clip 13/14 (157.800s to 167.800s)
2026-08-16 23:43:29,369 SpawnProcess-7 INFO transilvania_itw_BAaEbqM3hpM_full.mp4: completed
2026-08-16 23:43:29,375 SpawnProcess-7 INFO Loading detection cache: ../videos_detections/transilvania_itw_DQa2uPC7N1A_full/detections.json
2026-08-16 23:43:29,979 SpawnProcess-7 INFO transilvania_itw_DQa2uPC7N1A_full.mp4: duration=115.8s, samples=556, tracks=3
2026-08-16 23:43:30,419 SpawnProcess-9 INFO rep_moldova_studio_sQ3QrGvK03E_570s-900s.mp4: encoding clip 14/14 (323.000s to 330.000s)
2026-08-16 23:43:32,737 SpawnProcess-7 INFO transilvania_itw_DQa2uPC7N1A_full.mp4: VAD found 19 speech intervals
2026-08-16 23:43:34,184 SpawnProcess-3 INFO transilvania_itw_1NkDvRq34vs_full.mp4: encoding clip 7/15 (88.088s to 98.088s)
2026-08-16 23:43:34,439 SpawnProcess-8 INFO transilvania_itw_6VuFc2A7SB8_full.mp4: encoding clip 8/12 (185.375s to 192.192s)
2026-08-16 23:43:35,777 SpawnProcess-6 INFO transilvania_itw_1Dgv2Uy_Ig8_760s-1088s.mp4: encoding clip 13/15 (321.800s to 327.400s)
2026-08-16 23:43:42,624 SpawnProcess-8 INFO transilvania_itw_6VuFc2A7SB8_full.mp4: encoding clip 9/12 (34.835s to 44.835s)
2026-08-16 23:43:42,688 SpawnProcess-12 INFO rep_moldova_studio_lcYC8GwV5fw_300s-720s.mp4: completed
2026-08-16 23:43:42,708 SpawnProcess-12 INFO Loading detection cache: ../videos_detections/transilvania_itw_Dg8mZb62zj8_full/detections.json
2026-08-16 23:43:43,560 SpawnProcess-12 INFO transilvania_itw_Dg8mZb62zj8_full.mp4: duration=142.5s, samples=712, tracks=5
2026-08-16 23:43:45,520 SpawnProcess-6 INFO transilvania_itw_1Dgv2Uy_Ig8_760s-1088s.mp4: encoding clip 14/15 (228.000s to 238.000s)
2026-08-16 23:43:45,538 SpawnProcess-9 INFO rep_moldova_studio_sQ3QrGvK03E_570s-900s.mp4: completed
2026-08-16 23:43:45,549 SpawnProcess-9 INFO Loading detection cache: ../videos_detections/transilvania_itw_EVr0CzpDfvY_full/detections.json
2026-08-16 23:43:45,754 SpawnProcess-3 INFO transilvania_itw_1NkDvRq34vs_full.mp4: encoding clip 8/15 (271.872s to 281.872s)
2026-08-16 23:43:46,102 SpawnProcess-9 INFO transilvania_itw_EVr0CzpDfvY_full.mp4: duration=355.0s, samples=1775, tracks=3
2026-08-16 23:43:46,111 SpawnProcess-12 INFO transilvania_itw_Dg8mZb62zj8_full.mp4: VAD found 20 speech intervals
2026-08-16 23:43:47,714 SpawnProcess-11 INFO rep_moldova_studio_skGutkhWlqw_1690s-2080s.mp4: encoding clip 14/14 (37.000s to 45.200s)
2026-08-16 23:43:49,775 SpawnProcess-8 INFO transilvania_itw_6VuFc2A7SB8_full.mp4: encoding clip 10/12 (92.292s to 97.697s)
2026-08-16 23:43:53,058 SpawnProcess-9 INFO transilvania_itw_EVr0CzpDfvY_full.mp4: VAD found 71 speech intervals
2026-08-16 23:43:55,785 SpawnProcess-8 INFO transilvania_itw_6VuFc2A7SB8_full.mp4: encoding clip 11/12 (80.881s to 90.881s)
2026-08-16 23:43:58,017 SpawnProcess-6 INFO transilvania_itw_1Dgv2Uy_Ig8_760s-1088s.mp4: encoding clip 15/15 (311.800s to 321.800s)
2026-08-16 23:43:58,031 SpawnProcess-3 INFO transilvania_itw_1NkDvRq34vs_full.mp4: encoding clip 9/15 (182.783s to 192.783s)
2026-08-16 23:44:01,233 SpawnProcess-11 INFO rep_moldova_studio_skGutkhWlqw_1690s-2080s.mp4: completed
2026-08-16 23:44:01,252 SpawnProcess-11 INFO Loading detection cache: ../videos_detections/transilvania_itw_JN5XTTn2uUo_0s-200s/detections.json
2026-08-16 23:44:01,687 SpawnProcess-11 INFO transilvania_itw_JN5XTTn2uUo_0s-200s.mp4: duration=200.1s, samples=1000, tracks=1
2026-08-16 23:44:03,393 SpawnProcess-8 INFO transilvania_itw_6VuFc2A7SB8_full.mp4: encoding clip 12/12 (56.456s to 66.456s)
2026-08-16 23:44:06,339 SpawnProcess-11 INFO transilvania_itw_JN5XTTn2uUo_0s-200s.mp4: VAD found 22 speech intervals
2026-08-16 23:44:09,518 SpawnProcess-3 INFO transilvania_itw_1NkDvRq34vs_full.mp4: encoding clip 10/15 (113.914s to 123.914s)
2026-08-16 23:44:11,269 SpawnProcess-6 INFO transilvania_itw_1Dgv2Uy_Ig8_760s-1088s.mp4: completed
2026-08-16 23:44:11,292 SpawnProcess-6 INFO Loading detection cache: ../videos_detections/transilvania_itw_KyCwGL0aMQg_full/detections.json
2026-08-16 23:44:11,805 SpawnProcess-8 INFO transilvania_itw_6VuFc2A7SB8_full.mp4: completed
2026-08-16 23:44:11,826 SpawnProcess-8 INFO Loading detection cache: ../videos_detections/transilvania_itw_LV31NAzf3WY_full/detections.json
2026-08-16 23:44:12,061 SpawnProcess-6 INFO transilvania_itw_KyCwGL0aMQg_full.mp4: duration=104.0s, samples=499, tracks=4
2026-08-16 23:44:12,546 SpawnProcess-8 INFO transilvania_itw_LV31NAzf3WY_full.mp4: duration=143.3s, samples=717, tracks=1
2026-08-16 23:44:14,747 SpawnProcess-6 INFO transilvania_itw_KyCwGL0aMQg_full.mp4: VAD found 23 speech intervals
2026-08-16 23:44:15,916 SpawnProcess-8 INFO transilvania_itw_LV31NAzf3WY_full.mp4: VAD found 3 speech intervals
2026-08-16 23:44:19,629 SpawnProcess-1 INFO transilvania_itw_5Y7Y20X-9zk_1398s-1776s.mp4: selected 15 clips
2026-08-16 23:44:19,634 SpawnProcess-1 INFO transilvania_itw_5Y7Y20X-9zk_1398s-1776s.mp4: encoding clip 1/15 (102.800s to 112.800s)
2026-08-16 23:44:21,066 SpawnProcess-3 INFO transilvania_itw_1NkDvRq34vs_full.mp4: encoding clip 11/15 (45.626s to 51.652s)
2026-08-16 23:44:29,998 SpawnProcess-3 INFO transilvania_itw_1NkDvRq34vs_full.mp4: encoding clip 12/15 (245.445s to 251.251s)
2026-08-16 23:44:30,837 SpawnProcess-1 INFO transilvania_itw_5Y7Y20X-9zk_1398s-1776s.mp4: encoding clip 2/15 (347.200s to 357.200s)
2026-08-16 23:44:39,209 SpawnProcess-3 INFO transilvania_itw_1NkDvRq34vs_full.mp4: encoding clip 13/15 (35.626s to 45.626s)
2026-08-16 23:44:43,744 SpawnProcess-1 INFO transilvania_itw_5Y7Y20X-9zk_1398s-1776s.mp4: encoding clip 3/15 (170.600s to 180.600s)
2026-08-16 23:44:47,043 SpawnProcess-7 INFO transilvania_itw_DQa2uPC7N1A_full.mp4: selected 5 clips
2026-08-16 23:44:47,048 SpawnProcess-7 INFO transilvania_itw_DQa2uPC7N1A_full.mp4: encoding clip 1/5 (46.922s to 56.922s)
2026-08-16 23:44:53,282 SpawnProcess-15 INFO transilvania_itw_4hkblcAxrqk_0s-348s.mp4: selected 14 clips
2026-08-16 23:44:53,305 SpawnProcess-15 INFO transilvania_itw_4hkblcAxrqk_0s-348s.mp4: encoding clip 1/14 (232.800s to 238.000s)
2026-08-16 23:44:54,291 SpawnProcess-3 INFO transilvania_itw_1NkDvRq34vs_full.mp4: encoding clip 14/15 (281.872s to 287.688s)
2026-08-16 23:44:56,028 SpawnProcess-1 INFO transilvania_itw_5Y7Y20X-9zk_1398s-1776s.mp4: encoding clip 4/15 (160.600s to 170.600s)
2026-08-16 23:44:57,819 SpawnProcess-7 INFO transilvania_itw_DQa2uPC7N1A_full.mp4: encoding clip 2/5 (66.525s to 76.525s)
2026-08-16 23:45:02,219 SpawnProcess-15 INFO transilvania_itw_4hkblcAxrqk_0s-348s.mp4: encoding clip 2/14 (222.800s to 232.800s)
2026-08-16 23:45:03,614 SpawnProcess-3 INFO transilvania_itw_1NkDvRq34vs_full.mp4: encoding clip 15/15 (148.749s to 158.749s)
2026-08-16 23:45:05,800 SpawnProcess-13 INFO transilvania_itw_Ak1duaxrp60_129s-447s.mp4: selected 15 clips
2026-08-16 23:45:05,802 SpawnProcess-13 INFO transilvania_itw_Ak1duaxrp60_129s-447s.mp4: encoding clip 1/15 (283.000s to 293.000s)
2026-08-16 23:45:08,368 SpawnProcess-1 INFO transilvania_itw_5Y7Y20X-9zk_1398s-1776s.mp4: encoding clip 5/15 (327.200s to 337.200s)
2026-08-16 23:45:09,331 SpawnProcess-7 INFO transilvania_itw_DQa2uPC7N1A_full.mp4: encoding clip 3/5 (80.288s to 89.664s)
2026-08-16 23:45:16,149 SpawnProcess-15 INFO transilvania_itw_4hkblcAxrqk_0s-348s.mp4: encoding clip 3/14 (98.800s to 108.800s)
2026-08-16 23:45:19,288 SpawnProcess-3 INFO transilvania_itw_1NkDvRq34vs_full.mp4: completed
2026-08-16 23:45:19,297 SpawnProcess-3 INFO Loading detection cache: ../videos_detections/transilvania_itw_NPuzmiLlRho_90s-606s/detections.json
2026-08-16 23:45:19,584 SpawnProcess-13 INFO transilvania_itw_Ak1duaxrp60_129s-447s.mp4: encoding clip 2/15 (215.800s to 225.800s)
2026-08-16 23:45:19,880 SpawnProcess-3 INFO transilvania_itw_NPuzmiLlRho_90s-606s.mp4: duration=516.2s, samples=2581, tracks=106
2026-08-16 23:45:22,102 SpawnProcess-7 INFO transilvania_itw_DQa2uPC7N1A_full.mp4: encoding clip 4/5 (90.716s to 96.130s)
2026-08-16 23:45:22,258 SpawnProcess-6 INFO transilvania_itw_KyCwGL0aMQg_full.mp4: selected 4 clips
2026-08-16 23:45:22,263 SpawnProcess-6 INFO transilvania_itw_KyCwGL0aMQg_full.mp4: encoding clip 1/4 (50.676s to 58.175s)
2026-08-16 23:45:23,444 SpawnProcess-1 INFO transilvania_itw_5Y7Y20X-9zk_1398s-1776s.mp4: encoding clip 6/15 (180.600s to 190.600s)
2026-08-16 23:45:25,079 SpawnProcess-12 INFO transilvania_itw_Dg8mZb62zj8_full.mp4: selected 6 clips
2026-08-16 23:45:25,080 SpawnProcess-12 INFO transilvania_itw_Dg8mZb62zj8_full.mp4: encoding clip 1/6 (30.220s to 40.220s)
2026-08-16 23:45:30,041 SpawnProcess-15 INFO transilvania_itw_4hkblcAxrqk_0s-348s.mp4: encoding clip 4/14 (133.800s to 143.800s)
2026-08-16 23:45:31,304 SpawnProcess-3 INFO transilvania_itw_NPuzmiLlRho_90s-606s.mp4: VAD found 67 speech intervals
2026-08-16 23:45:32,058 SpawnProcess-7 INFO transilvania_itw_DQa2uPC7N1A_full.mp4: encoding clip 5/5 (36.703s to 42.325s)
2026-08-16 23:45:32,834 SpawnProcess-13 INFO transilvania_itw_Ak1duaxrp60_129s-447s.mp4: encoding clip 3/15 (293.000s to 303.000s)
2026-08-16 23:45:33,655 SpawnProcess-6 INFO transilvania_itw_KyCwGL0aMQg_full.mp4: encoding clip 2/4 (59.226s to 66.725s)
2026-08-16 23:45:35,746 SpawnProcess-1 INFO transilvania_itw_5Y7Y20X-9zk_1398s-1776s.mp4: encoding clip 7/15 (337.200s to 347.200s)
2026-08-16 23:45:41,152 SpawnProcess-7 INFO transilvania_itw_DQa2uPC7N1A_full.mp4: completed
2026-08-16 23:45:41,159 SpawnProcess-7 INFO Loading detection cache: ../videos_detections/transilvania_itw_RxelCFAPPCA_full/detections.json
2026-08-16 23:45:41,160 SpawnProcess-12 INFO transilvania_itw_Dg8mZb62zj8_full.mp4: encoding clip 2/6 (64.665s to 72.873s)
2026-08-16 23:45:41,796 SpawnProcess-7 INFO transilvania_itw_RxelCFAPPCA_full.mp4: duration=245.3s, samples=1226, tracks=5
2026-08-16 23:45:42,867 SpawnProcess-15 INFO transilvania_itw_4hkblcAxrqk_0s-348s.mp4: encoding clip 5/14 (80.400s to 90.400s)
2026-08-16 23:45:44,395 SpawnProcess-6 INFO transilvania_itw_KyCwGL0aMQg_full.mp4: encoding clip 3/4 (68.610s to 78.403s)
2026-08-16 23:45:46,822 SpawnProcess-7 INFO transilvania_itw_RxelCFAPPCA_full.mp4: VAD found 33 speech intervals
2026-08-16 23:45:47,243 SpawnProcess-13 INFO transilvania_itw_Ak1duaxrp60_129s-447s.mp4: encoding clip 4/15 (82.200s to 88.200s)
2026-08-16 23:45:48,760 SpawnProcess-1 INFO transilvania_itw_5Y7Y20X-9zk_1398s-1776s.mp4: encoding clip 8/15 (132.800s to 139.200s)
2026-08-16 23:45:50,491 SpawnProcess-11 INFO transilvania_itw_JN5XTTn2uUo_0s-200s.mp4: selected 13 clips
2026-08-16 23:45:50,493 SpawnProcess-11 INFO transilvania_itw_JN5XTTn2uUo_0s-200s.mp4: encoding clip 1/13 (170.370s to 175.375s)
2026-08-16 23:45:55,173 SpawnProcess-15 INFO transilvania_itw_4hkblcAxrqk_0s-348s.mp4: encoding clip 6/14 (70.400s to 80.400s)
2026-08-16 23:45:55,261 SpawnProcess-12 INFO transilvania_itw_Dg8mZb62zj8_full.mp4: encoding clip 3/6 (46.446s to 55.255s)
2026-08-16 23:45:55,969 SpawnProcess-13 INFO transilvania_itw_Ak1duaxrp60_129s-447s.mp4: encoding clip 5/15 (20.000s to 30.000s)
2026-08-16 23:45:56,558 SpawnProcess-6 INFO transilvania_itw_KyCwGL0aMQg_full.mp4: encoding clip 4/4 (25.025s to 35.025s)
2026-08-16 23:45:58,283 SpawnProcess-1 INFO transilvania_itw_5Y7Y20X-9zk_1398s-1776s.mp4: encoding clip 9/15 (54.800s to 59.800s)
2026-08-16 23:45:58,940 SpawnProcess-11 INFO transilvania_itw_JN5XTTn2uUo_0s-200s.mp4: encoding clip 2/13 (147.127s to 152.552s)
2026-08-16 23:46:05,088 SpawnProcess-16 INFO transilvania_itw_6oBqSDZmUOA_full.mp4: selected 2 clips
2026-08-16 23:46:05,093 SpawnProcess-16 INFO transilvania_itw_6oBqSDZmUOA_full.mp4: encoding clip 1/2 (131.600s to 137.800s)
2026-08-16 23:46:06,042 SpawnProcess-11 INFO transilvania_itw_JN5XTTn2uUo_0s-200s.mp4: encoding clip 3/13 (160.761s to 169.570s)
2026-08-16 23:46:06,916 SpawnProcess-1 INFO transilvania_itw_5Y7Y20X-9zk_1398s-1776s.mp4: encoding clip 10/15 (70.000s to 80.000s)
2026-08-16 23:46:08,792 SpawnProcess-12 INFO transilvania_itw_Dg8mZb62zj8_full.mp4: encoding clip 4/6 (85.085s to 92.893s)
2026-08-16 23:46:08,861 SpawnProcess-15 INFO transilvania_itw_4hkblcAxrqk_0s-348s.mp4: encoding clip 7/14 (175.800s to 185.800s)
2026-08-16 23:46:10,513 SpawnProcess-6 INFO transilvania_itw_KyCwGL0aMQg_full.mp4: completed
2026-08-16 23:46:10,524 SpawnProcess-6 INFO Loading detection cache: ../videos_detections/transilvania_itw_SbWbA9wjiA4_750s-1180s/detections.json
2026-08-16 23:46:10,664 SpawnProcess-13 INFO transilvania_itw_Ak1duaxrp60_129s-447s.mp4: encoding clip 6/15 (117.400s to 122.400s)
2026-08-16 23:46:11,223 SpawnProcess-6 INFO transilvania_itw_SbWbA9wjiA4_750s-1180s.mp4: duration=430.1s, samples=2151, tracks=38
2026-08-16 23:46:13,609 SpawnProcess-11 INFO transilvania_itw_JN5XTTn2uUo_0s-200s.mp4: encoding clip 4/13 (73.073s to 83.073s)
2026-08-16 23:46:18,788 SpawnProcess-13 INFO transilvania_itw_Ak1duaxrp60_129s-447s.mp4: encoding clip 7/15 (10.000s to 20.000s)
2026-08-16 23:46:19,145 SpawnProcess-16 INFO transilvania_itw_6oBqSDZmUOA_full.mp4: encoding clip 2/2 (296.200s to 306.200s)
2026-08-16 23:46:19,854 SpawnProcess-1 INFO transilvania_itw_5Y7Y20X-9zk_1398s-1776s.mp4: encoding clip 11/15 (29.200s to 39.200s)
2026-08-16 23:46:21,062 SpawnProcess-12 INFO transilvania_itw_Dg8mZb62zj8_full.mp4: encoding clip 5/6 (77.277s to 84.284s)
2026-08-16 23:46:21,189 SpawnProcess-6 INFO transilvania_itw_SbWbA9wjiA4_750s-1180s.mp4: VAD found 28 speech intervals
2026-08-16 23:46:21,588 SpawnProcess-15 INFO transilvania_itw_4hkblcAxrqk_0s-348s.mp4: encoding clip 8/14 (108.800s to 118.400s)
2026-08-16 23:46:22,238 SpawnProcess-11 INFO transilvania_itw_JN5XTTn2uUo_0s-200s.mp4: encoding clip 5/13 (93.073s to 98.498s)
2026-08-16 23:46:28,892 SpawnProcess-11 INFO transilvania_itw_JN5XTTn2uUo_0s-200s.mp4: encoding clip 6/13 (127.127s to 137.127s)
2026-08-16 23:46:30,638 SpawnProcess-12 INFO transilvania_itw_Dg8mZb62zj8_full.mp4: encoding clip 6/6 (20.220s to 30.220s)
2026-08-16 23:46:30,781 SpawnProcess-13 INFO transilvania_itw_Ak1duaxrp60_129s-447s.mp4: encoding clip 8/15 (0.000s to 10.000s)
2026-08-16 23:46:32,453 SpawnProcess-1 INFO transilvania_itw_5Y7Y20X-9zk_1398s-1776s.mp4: encoding clip 12/15 (112.800s to 122.800s)
2026-08-16 23:46:33,419 SpawnProcess-15 INFO transilvania_itw_4hkblcAxrqk_0s-348s.mp4: encoding clip 9/14 (143.800s to 153.800s)
2026-08-16 23:46:37,965 SpawnProcess-11 INFO transilvania_itw_JN5XTTn2uUo_0s-200s.mp4: encoding clip 7/13 (153.553s to 158.558s)
2026-08-16 23:46:40,770 SpawnProcess-16 INFO transilvania_itw_6oBqSDZmUOA_full.mp4: completed
2026-08-16 23:46:40,789 SpawnProcess-16 INFO Loading detection cache: ../videos_detections/transilvania_itw_UeteerBMj34_full/detections.json
2026-08-16 23:46:41,439 SpawnProcess-16 INFO transilvania_itw_UeteerBMj34_full.mp4: duration=135.3s, samples=677, tracks=15
2026-08-16 23:46:43,747 SpawnProcess-13 INFO transilvania_itw_Ak1duaxrp60_129s-447s.mp4: encoding clip 9/15 (273.000s to 283.000s)
2026-08-16 23:46:43,882 SpawnProcess-16 INFO transilvania_itw_UeteerBMj34_full.mp4: VAD found 17 speech intervals
2026-08-16 23:46:44,280 SpawnProcess-1 INFO transilvania_itw_5Y7Y20X-9zk_1398s-1776s.mp4: encoding clip 13/15 (150.600s to 160.600s)
2026-08-16 23:46:44,438 SpawnProcess-11 INFO transilvania_itw_JN5XTTn2uUo_0s-200s.mp4: encoding clip 8/13 (83.073s to 93.073s)
2026-08-16 23:46:45,277 SpawnProcess-15 INFO transilvania_itw_4hkblcAxrqk_0s-348s.mp4: encoding clip 10/14 (212.800s to 221.800s)
2026-08-16 23:46:46,938 SpawnProcess-4 INFO transilvania_itw_BXkMEhe31XY_0s-300s.mp4: selected 15 clips
2026-08-16 23:46:46,942 SpawnProcess-4 INFO transilvania_itw_BXkMEhe31XY_0s-300s.mp4: encoding clip 1/15 (173.553s to 180.380s)
2026-08-16 23:46:47,934 SpawnProcess-12 INFO transilvania_itw_Dg8mZb62zj8_full.mp4: completed
2026-08-16 23:46:47,945 SpawnProcess-12 INFO Loading detection cache: ../videos_detections/transilvania_itw_WPCx6pLwulQ_full/detections.json
2026-08-16 23:46:48,718 SpawnProcess-12 INFO transilvania_itw_WPCx6pLwulQ_full.mp4: duration=279.9s, samples=1400, tracks=4
2026-08-16 23:46:52,353 SpawnProcess-11 INFO transilvania_itw_JN5XTTn2uUo_0s-200s.mp4: encoding clip 9/13 (114.715s to 124.715s)
2026-08-16 23:46:54,347 SpawnProcess-13 INFO transilvania_itw_Ak1duaxrp60_129s-447s.mp4: encoding clip 10/15 (235.800s to 245.800s)
2026-08-16 23:46:55,865 SpawnProcess-1 INFO transilvania_itw_5Y7Y20X-9zk_1398s-1776s.mp4: encoding clip 14/15 (367.200s to 377.200s)
2026-08-16 23:46:57,745 SpawnProcess-15 INFO transilvania_itw_4hkblcAxrqk_0s-348s.mp4: encoding clip 11/14 (153.800s to 163.800s)
2026-08-16 23:46:57,842 SpawnProcess-12 INFO transilvania_itw_WPCx6pLwulQ_full.mp4: VAD found 19 speech intervals
2026-08-16 23:46:58,271 SpawnProcess-8 INFO transilvania_itw_LV31NAzf3WY_full.mp4: selected 7 clips
2026-08-16 23:46:58,279 SpawnProcess-8 INFO transilvania_itw_LV31NAzf3WY_full.mp4: encoding clip 1/7 (131.800s to 138.000s)
2026-08-16 23:46:58,991 SpawnProcess-4 INFO transilvania_itw_BXkMEhe31XY_0s-300s.mp4: encoding clip 2/15 (200.400s to 210.400s)
2026-08-16 23:47:00,084 SpawnProcess-11 INFO transilvania_itw_JN5XTTn2uUo_0s-200s.mp4: encoding clip 10/13 (99.499s to 109.499s)
2026-08-16 23:47:05,927 SpawnProcess-13 INFO transilvania_itw_Ak1duaxrp60_129s-447s.mp4: encoding clip 11/15 (245.800s to 255.800s)
2026-08-16 23:47:07,858 SpawnProcess-1 INFO transilvania_itw_5Y7Y20X-9zk_1398s-1776s.mp4: encoding clip 15/15 (357.200s to 367.200s)
2026-08-16 23:47:09,427 SpawnProcess-15 INFO transilvania_itw_4hkblcAxrqk_0s-348s.mp4: encoding clip 12/14 (165.800s to 175.800s)
2026-08-16 23:47:10,313 SpawnProcess-11 INFO transilvania_itw_JN5XTTn2uUo_0s-200s.mp4: encoding clip 11/13 (176.376s to 186.376s)
2026-08-16 23:47:13,430 SpawnProcess-4 INFO transilvania_itw_BXkMEhe31XY_0s-300s.mp4: encoding clip 3/15 (181.181s to 191.181s)
2026-08-16 23:47:13,817 SpawnProcess-8 INFO transilvania_itw_LV31NAzf3WY_full.mp4: encoding clip 2/7 (121.800s to 131.800s)
2026-08-16 23:47:17,756 SpawnProcess-13 INFO transilvania_itw_Ak1duaxrp60_129s-447s.mp4: encoding clip 12/15 (313.000s to 318.200s)
2026-08-16 23:47:18,492 SpawnProcess-11 INFO transilvania_itw_JN5XTTn2uUo_0s-200s.mp4: encoding clip 12/13 (137.127s to 147.127s)
2026-08-16 23:47:21,499 SpawnProcess-15 INFO transilvania_itw_4hkblcAxrqk_0s-348s.mp4: encoding clip 13/14 (90.400s to 97.800s)
2026-08-16 23:47:21,713 SpawnProcess-1 INFO transilvania_itw_5Y7Y20X-9zk_1398s-1776s.mp4: completed
2026-08-16 23:47:21,722 SpawnProcess-1 INFO Loading detection cache: ../videos_detections/transilvania_itw_fh8JHfpj2I8_0s-420s/detections.json
2026-08-16 23:47:22,473 SpawnProcess-1 INFO transilvania_itw_fh8JHfpj2I8_0s-420s.mp4: duration=420.0s, samples=2101, tracks=1
2026-08-16 23:47:25,363 SpawnProcess-13 INFO transilvania_itw_Ak1duaxrp60_129s-447s.mp4: encoding clip 13/15 (225.800s to 235.800s)
2026-08-16 23:47:27,777 SpawnProcess-11 INFO transilvania_itw_JN5XTTn2uUo_0s-200s.mp4: encoding clip 13/13 (186.376s to 196.376s)
2026-08-16 23:47:29,590 SpawnProcess-4 INFO transilvania_itw_BXkMEhe31XY_0s-300s.mp4: encoding clip 4/15 (272.472s to 282.472s)
2026-08-16 23:47:31,845 SpawnProcess-1 INFO transilvania_itw_fh8JHfpj2I8_0s-420s.mp4: VAD found 45 speech intervals
2026-08-16 23:47:32,163 SpawnProcess-15 INFO transilvania_itw_4hkblcAxrqk_0s-348s.mp4: encoding clip 14/14 (123.800s to 133.800s)
2026-08-16 23:47:33,475 SpawnProcess-8 INFO transilvania_itw_LV31NAzf3WY_full.mp4: encoding clip 3/7 (111.800s to 121.800s)
2026-08-16 23:47:37,343 SpawnProcess-11 INFO transilvania_itw_JN5XTTn2uUo_0s-200s.mp4: completed
2026-08-16 23:47:37,354 SpawnProcess-11 INFO Loading detection cache: ../videos_detections/transilvania_itw_jdLmQ0hUpHY_0s-540s/detections.json
2026-08-16 23:47:38,246 SpawnProcess-11 INFO transilvania_itw_jdLmQ0hUpHY_0s-540s.mp4: duration=540.0s, samples=2701, tracks=1
2026-08-16 23:47:38,838 SpawnProcess-13 INFO transilvania_itw_Ak1duaxrp60_129s-447s.mp4: encoding clip 14/15 (62.800s to 69.800s)
2026-08-16 23:47:43,511 SpawnProcess-4 INFO transilvania_itw_BXkMEhe31XY_0s-300s.mp4: encoding clip 5/15 (225.425s to 235.425s)
2026-08-16 23:47:43,836 SpawnProcess-15 INFO transilvania_itw_4hkblcAxrqk_0s-348s.mp4: completed
2026-08-16 23:47:43,877 SpawnProcess-15 INFO Loading detection cache: ../videos_detections/transilvania_itw_nIIclCwYacg_full/detections.json
2026-08-16 23:47:44,399 SpawnProcess-15 INFO transilvania_itw_nIIclCwYacg_full.mp4: duration=302.8s, samples=1515, tracks=9
2026-08-16 23:47:47,274 SpawnProcess-13 INFO transilvania_itw_Ak1duaxrp60_129s-447s.mp4: encoding clip 15/15 (101.200s to 111.200s)
2026-08-16 23:47:50,112 SpawnProcess-15 INFO transilvania_itw_nIIclCwYacg_full.mp4: VAD found 56 speech intervals
2026-08-16 23:47:51,475 SpawnProcess-11 INFO transilvania_itw_jdLmQ0hUpHY_0s-540s.mp4: VAD found 174 speech intervals
2026-08-16 23:47:53,286 SpawnProcess-8 INFO transilvania_itw_LV31NAzf3WY_full.mp4: encoding clip 4/7 (69.800s to 76.000s)
2026-08-16 23:47:56,979 SpawnProcess-4 INFO transilvania_itw_BXkMEhe31XY_0s-300s.mp4: encoding clip 6/15 (145.936s to 151.351s)
2026-08-16 23:47:58,697 SpawnProcess-13 INFO transilvania_itw_Ak1duaxrp60_129s-447s.mp4: completed
2026-08-16 23:47:58,707 SpawnProcess-13 INFO Loading detection cache: ../videos_detections/transilvania_itw_nNTK44egXZY_0s-255s/detections.json
2026-08-16 23:47:59,628 SpawnProcess-13 INFO transilvania_itw_nNTK44egXZY_0s-255s.mp4: duration=255.1s, samples=1275, tracks=2
2026-08-16 23:48:04,195 SpawnProcess-4 INFO transilvania_itw_BXkMEhe31XY_0s-300s.mp4: encoding clip 7/15 (39.620s to 49.620s)
2026-08-16 23:48:05,196 SpawnProcess-16 INFO transilvania_itw_UeteerBMj34_full.mp4: selected 0 clips
2026-08-16 23:48:05,200 SpawnProcess-16 INFO transilvania_itw_UeteerBMj34_full.mp4: zero-clip diagnostics: {'total_samples': 756, 'talking_samples': 240, 'longest_run_seconds': 10.8, 'eligible_talking_windows': 5, 'presence_rejected': 0, 'cut_rejected': 0, 'face_rejected': 5, 'speech_rejected': 0}
2026-08-16 23:48:05,203 SpawnProcess-16 INFO transilvania_itw_UeteerBMj34_full.mp4: completed
2026-08-16 23:48:05,207 SpawnProcess-16 INFO Loading detection cache: ../videos_detections/transilvania_itw_ngBLDdqZ6U8_0s-406s/detections.json
2026-08-16 23:48:05,244 SpawnProcess-13 INFO transilvania_itw_nNTK44egXZY_0s-255s.mp4: VAD found 56 speech intervals
2026-08-16 23:48:05,862 SpawnProcess-16 INFO transilvania_itw_ngBLDdqZ6U8_0s-406s.mp4: duration=406.0s, samples=2031, tracks=1
2026-08-16 23:48:07,908 SpawnProcess-8 INFO transilvania_itw_LV31NAzf3WY_full.mp4: encoding clip 5/7 (86.600s to 96.600s)
2026-08-16 23:48:14,162 SpawnProcess-16 INFO transilvania_itw_ngBLDdqZ6U8_0s-406s.mp4: VAD found 62 speech intervals
2026-08-16 23:48:16,743 SpawnProcess-4 INFO transilvania_itw_BXkMEhe31XY_0s-300s.mp4: encoding clip 8/15 (70.671s to 80.671s)
2026-08-16 23:48:27,388 SpawnProcess-8 INFO transilvania_itw_LV31NAzf3WY_full.mp4: encoding clip 6/7 (96.600s to 104.600s)
2026-08-16 23:48:31,490 SpawnProcess-4 INFO transilvania_itw_BXkMEhe31XY_0s-300s.mp4: encoding clip 9/15 (241.842s to 251.842s)
2026-08-16 23:48:35,794 SpawnProcess-7 INFO transilvania_itw_RxelCFAPPCA_full.mp4: selected 15 clips
2026-08-16 23:48:35,798 SpawnProcess-7 INFO transilvania_itw_RxelCFAPPCA_full.mp4: encoding clip 1/15 (186.987s to 196.987s)
2026-08-16 23:48:42,805 SpawnProcess-9 INFO transilvania_itw_EVr0CzpDfvY_full.mp4: selected 15 clips
2026-08-16 23:48:42,812 SpawnProcess-9 INFO transilvania_itw_EVr0CzpDfvY_full.mp4: encoding clip 1/15 (279.000s to 284.000s)
2026-08-16 23:48:45,278 SpawnProcess-8 INFO transilvania_itw_LV31NAzf3WY_full.mp4: encoding clip 7/7 (59.800s to 69.800s)
2026-08-16 23:48:47,843 SpawnProcess-4 INFO transilvania_itw_BXkMEhe31XY_0s-300s.mp4: encoding clip 10/15 (19.620s to 29.620s)
2026-08-16 23:48:48,757 SpawnProcess-7 INFO transilvania_itw_RxelCFAPPCA_full.mp4: encoding clip 2/15 (59.449s to 68.468s)
2026-08-16 23:48:50,618 SpawnProcess-9 INFO transilvania_itw_EVr0CzpDfvY_full.mp4: encoding clip 2/15 (104.000s to 114.000s)
2026-08-16 23:49:01,018 SpawnProcess-7 INFO transilvania_itw_RxelCFAPPCA_full.mp4: encoding clip 3/15 (181.181s to 186.186s)
2026-08-16 23:49:04,122 SpawnProcess-4 INFO transilvania_itw_BXkMEhe31XY_0s-300s.mp4: encoding clip 11/15 (59.620s to 69.620s)
2026-08-16 23:49:04,623 SpawnProcess-9 INFO transilvania_itw_EVr0CzpDfvY_full.mp4: encoding clip 3/15 (234.000s to 244.000s)
2026-08-16 23:49:06,944 SpawnProcess-8 INFO transilvania_itw_LV31NAzf3WY_full.mp4: completed
2026-08-16 23:49:06,953 SpawnProcess-8 INFO Loading detection cache: ../videos_detections/transilvania_itw_nvfa6KCpbWY_full/detections.json
2026-08-16 23:49:07,624 SpawnProcess-8 INFO transilvania_itw_nvfa6KCpbWY_full.mp4: duration=341.4s, samples=1707, tracks=1
2026-08-16 23:49:08,537 SpawnProcess-7 INFO transilvania_itw_RxelCFAPPCA_full.mp4: encoding clip 4/15 (91.091s to 101.091s)
2026-08-16 23:49:17,491 SpawnProcess-8 INFO transilvania_itw_nvfa6KCpbWY_full.mp4: VAD found 99 speech intervals
2026-08-16 23:49:17,681 SpawnProcess-9 INFO transilvania_itw_EVr0CzpDfvY_full.mp4: encoding clip 4/15 (114.000s to 124.000s)
2026-08-16 23:49:17,917 SpawnProcess-4 INFO transilvania_itw_BXkMEhe31XY_0s-300s.mp4: encoding clip 12/15 (103.493s to 113.493s)
2026-08-16 23:49:23,226 SpawnProcess-7 INFO transilvania_itw_RxelCFAPPCA_full.mp4: encoding clip 5/15 (152.352s to 158.358s)
2026-08-16 23:49:26,184 SpawnProcess-2 INFO transilvania_itw_AIg6JjzPiSI_0s-600s.mp4: selected 15 clips
2026-08-16 23:49:26,186 SpawnProcess-2 INFO transilvania_itw_AIg6JjzPiSI_0s-600s.mp4: encoding clip 1/15 (298.899s to 306.306s)
2026-08-16 23:49:33,641 SpawnProcess-7 INFO transilvania_itw_RxelCFAPPCA_full.mp4: encoding clip 6/15 (21.421s to 30.230s)
2026-08-16 23:49:33,862 SpawnProcess-9 INFO transilvania_itw_EVr0CzpDfvY_full.mp4: encoding clip 5/15 (323.200s to 333.200s)
2026-08-16 23:49:33,863 SpawnProcess-4 INFO transilvania_itw_BXkMEhe31XY_0s-300s.mp4: encoding clip 13/15 (210.400s to 220.400s)
2026-08-16 23:49:38,039 SpawnProcess-2 INFO transilvania_itw_AIg6JjzPiSI_0s-600s.mp4: encoding clip 2/15 (502.702s to 512.702s)
2026-08-16 23:49:46,767 SpawnProcess-7 INFO transilvania_itw_RxelCFAPPCA_full.mp4: encoding clip 7/15 (114.304s to 124.304s)
2026-08-16 23:49:48,739 SpawnProcess-4 INFO transilvania_itw_BXkMEhe31XY_0s-300s.mp4: encoding clip 14/15 (282.472s to 292.472s)
2026-08-16 23:49:49,489 SpawnProcess-9 INFO transilvania_itw_EVr0CzpDfvY_full.mp4: encoding clip 6/15 (244.000s to 250.400s)
2026-08-16 23:49:54,486 SpawnProcess-2 INFO transilvania_itw_AIg6JjzPiSI_0s-600s.mp4: encoding clip 3/15 (539.939s to 547.346s)
2026-08-16 23:50:01,095 SpawnProcess-7 INFO transilvania_itw_RxelCFAPPCA_full.mp4: encoding clip 8/15 (224.424s to 233.032s)
2026-08-16 23:50:01,106 SpawnProcess-9 INFO transilvania_itw_EVr0CzpDfvY_full.mp4: encoding clip 7/15 (81.800s to 87.000s)
2026-08-16 23:50:05,082 SpawnProcess-4 INFO transilvania_itw_BXkMEhe31XY_0s-300s.mp4: encoding clip 15/15 (29.620s to 39.620s)
2026-08-16 23:50:05,201 SpawnProcess-2 INFO transilvania_itw_AIg6JjzPiSI_0s-600s.mp4: encoding clip 4/15 (50.651s to 60.651s)
2026-08-16 23:50:05,284 SpawnProcess-5 INFO transilvania_itw_9EgA4QoK3VY_full.mp4: selected 15 clips
2026-08-16 23:50:05,287 SpawnProcess-5 INFO transilvania_itw_9EgA4QoK3VY_full.mp4: encoding clip 1/15 (62.653s to 68.469s)
2026-08-16 23:50:10,753 SpawnProcess-9 INFO transilvania_itw_EVr0CzpDfvY_full.mp4: encoding clip 8/15 (179.800s to 189.800s)
2026-08-16 23:50:13,631 SpawnProcess-5 INFO transilvania_itw_9EgA4QoK3VY_full.mp4: encoding clip 2/15 (196.797s to 203.003s)
2026-08-16 23:50:14,237 SpawnProcess-7 INFO transilvania_itw_RxelCFAPPCA_full.mp4: encoding clip 9/15 (104.304s to 114.304s)
2026-08-16 23:50:15,498 SpawnProcess-12 INFO transilvania_itw_WPCx6pLwulQ_full.mp4: selected 0 clips
2026-08-16 23:50:15,499 SpawnProcess-12 INFO transilvania_itw_WPCx6pLwulQ_full.mp4: zero-clip diagnostics: {'total_samples': 1403, 'talking_samples': 25, 'longest_run_seconds': 1.4, 'eligible_talking_windows': 0, 'presence_rejected': 0, 'cut_rejected': 0, 'face_rejected': 0, 'speech_rejected': 0}
2026-08-16 23:50:15,505 SpawnProcess-12 INFO transilvania_itw_WPCx6pLwulQ_full.mp4: completed
2026-08-16 23:50:15,531 SpawnProcess-12 INFO Loading detection cache: ../videos_detections/transilvania_itw_oPED5dEh9XQ_full/detections.json
2026-08-16 23:50:16,831 SpawnProcess-12 INFO transilvania_itw_oPED5dEh9XQ_full.mp4: duration=192.4s, samples=961, tracks=7
2026-08-16 23:50:20,105 SpawnProcess-2 INFO transilvania_itw_AIg6JjzPiSI_0s-600s.mp4: encoding clip 5/15 (346.947s to 356.947s)
2026-08-16 23:50:20,891 SpawnProcess-4 INFO transilvania_itw_BXkMEhe31XY_0s-300s.mp4: completed
2026-08-16 23:50:20,902 SpawnProcess-4 INFO Loading detection cache: ../videos_detections/transilvania_itw_pXJ9_Z1K4PA_full/detections.json
2026-08-16 23:50:21,657 SpawnProcess-4 INFO transilvania_itw_pXJ9_Z1K4PA_full.mp4: duration=127.5s, samples=637, tracks=5
2026-08-16 23:50:21,900 SpawnProcess-12 INFO transilvania_itw_oPED5dEh9XQ_full.mp4: VAD found 8 speech intervals
2026-08-16 23:50:22,732 SpawnProcess-5 INFO transilvania_itw_9EgA4QoK3VY_full.mp4: encoding clip 3/15 (52.653s to 62.653s)
2026-08-16 23:50:24,368 SpawnProcess-4 INFO transilvania_itw_pXJ9_Z1K4PA_full.mp4: VAD found 16 speech intervals
2026-08-16 23:50:25,235 SpawnProcess-9 INFO transilvania_itw_EVr0CzpDfvY_full.mp4: encoding clip 9/15 (333.200s to 343.200s)
2026-08-16 23:50:28,062 SpawnProcess-7 INFO transilvania_itw_RxelCFAPPCA_full.mp4: encoding clip 10/15 (143.944s to 151.351s)
2026-08-16 23:50:32,302 SpawnProcess-5 INFO transilvania_itw_9EgA4QoK3VY_full.mp4: encoding clip 4/15 (261.661s to 269.068s)
2026-08-16 23:50:33,121 SpawnProcess-2 INFO transilvania_itw_AIg6JjzPiSI_0s-600s.mp4: encoding clip 6/15 (428.228s to 438.228s)
2026-08-16 23:50:36,995 SpawnProcess-6 INFO transilvania_itw_SbWbA9wjiA4_750s-1180s.mp4: selected 15 clips
2026-08-16 23:50:37,000 SpawnProcess-6 INFO transilvania_itw_SbWbA9wjiA4_750s-1180s.mp4: encoding clip 1/15 (236.000s to 242.800s)
2026-08-16 23:50:38,727 SpawnProcess-7 INFO transilvania_itw_RxelCFAPPCA_full.mp4: encoding clip 11/15 (214.815s to 221.021s)
2026-08-16 23:50:40,398 SpawnProcess-9 INFO transilvania_itw_EVr0CzpDfvY_full.mp4: encoding clip 10/15 (88.200s to 98.200s)
2026-08-16 23:50:40,865 SpawnProcess-5 INFO transilvania_itw_9EgA4QoK3VY_full.mp4: encoding clip 5/15 (184.785s to 191.592s)
2026-08-16 23:50:41,376 SpawnProcess-1 INFO transilvania_itw_fh8JHfpj2I8_0s-420s.mp4: selected 15 clips
2026-08-16 23:50:41,381 SpawnProcess-1 INFO transilvania_itw_fh8JHfpj2I8_0s-420s.mp4: encoding clip 1/15 (119.800s to 129.800s)
2026-08-16 23:50:48,102 SpawnProcess-6 INFO transilvania_itw_SbWbA9wjiA4_750s-1180s.mp4: encoding clip 2/15 (124.800s to 134.800s)
2026-08-16 23:50:49,154 SpawnProcess-1 INFO transilvania_itw_fh8JHfpj2I8_0s-420s.mp4: encoding clip 2/15 (205.000s to 215.000s)
2026-08-16 23:50:49,310 SpawnProcess-5 INFO transilvania_itw_9EgA4QoK3VY_full.mp4: encoding clip 6/15 (243.033s to 253.033s)
2026-08-16 23:50:50,092 SpawnProcess-7 INFO transilvania_itw_RxelCFAPPCA_full.mp4: encoding clip 12/15 (169.169s to 179.169s)
2026-08-16 23:50:52,271 SpawnProcess-13 INFO transilvania_itw_nNTK44egXZY_0s-255s.mp4: selected 9 clips
2026-08-16 23:50:52,275 SpawnProcess-13 INFO transilvania_itw_nNTK44egXZY_0s-255s.mp4: encoding clip 1/9 (74.274s to 84.274s)
2026-08-16 23:50:52,365 SpawnProcess-2 INFO transilvania_itw_AIg6JjzPiSI_0s-600s.mp4: encoding clip 7/15 (183.583s to 189.789s)
2026-08-16 23:50:55,601 SpawnProcess-9 INFO transilvania_itw_EVr0CzpDfvY_full.mp4: encoding clip 11/15 (224.000s to 234.000s)
2026-08-16 23:50:56,088 SpawnProcess-1 INFO transilvania_itw_fh8JHfpj2I8_0s-420s.mp4: encoding clip 3/15 (129.800s to 139.800s)
2026-08-16 23:51:00,283 SpawnProcess-5 INFO transilvania_itw_9EgA4QoK3VY_full.mp4: encoding clip 7/15 (164.364s to 174.364s)
2026-08-16 23:51:02,860 SpawnProcess-1 INFO transilvania_itw_fh8JHfpj2I8_0s-420s.mp4: encoding clip 4/15 (301.000s to 311.000s)
2026-08-16 23:51:04,481 SpawnProcess-6 INFO transilvania_itw_SbWbA9wjiA4_750s-1180s.mp4: encoding clip 3/15 (400.600s to 410.600s)
2026-08-16 23:51:04,502 SpawnProcess-7 INFO transilvania_itw_RxelCFAPPCA_full.mp4: encoding clip 13/15 (41.842s to 48.448s)
2026-08-16 23:51:05,869 SpawnProcess-2 INFO transilvania_itw_AIg6JjzPiSI_0s-600s.mp4: encoding clip 8/15 (358.758s to 367.567s)
2026-08-16 23:51:08,802 SpawnProcess-1 INFO transilvania_itw_fh8JHfpj2I8_0s-420s.mp4: encoding clip 5/15 (175.000s to 185.000s)
2026-08-16 23:51:09,946 SpawnProcess-13 INFO transilvania_itw_nNTK44egXZY_0s-255s.mp4: encoding clip 2/9 (181.181s to 191.181s)
2026-08-16 23:51:15,006 SpawnProcess-1 INFO transilvania_itw_fh8JHfpj2I8_0s-420s.mp4: encoding clip 6/15 (227.400s to 237.400s)
2026-08-16 23:51:15,201 SpawnProcess-7 INFO transilvania_itw_RxelCFAPPCA_full.mp4: encoding clip 14/15 (49.449s to 59.449s)
2026-08-16 23:51:15,544 SpawnProcess-5 INFO transilvania_itw_9EgA4QoK3VY_full.mp4: encoding clip 8/15 (207.607s to 217.607s)
2026-08-16 23:51:17,112 SpawnProcess-9 INFO transilvania_itw_EVr0CzpDfvY_full.mp4: encoding clip 12/15 (48.400s to 58.400s)
2026-08-16 23:51:18,085 SpawnProcess-6 INFO transilvania_itw_SbWbA9wjiA4_750s-1180s.mp4: encoding clip 4/15 (368.800s to 377.600s)
2026-08-16 23:51:19,621 SpawnProcess-3 INFO transilvania_itw_NPuzmiLlRho_90s-606s.mp4: selected 15 clips
2026-08-16 23:51:19,626 SpawnProcess-3 INFO transilvania_itw_NPuzmiLlRho_90s-606s.mp4: encoding clip 1/15 (112.800s to 118.000s)
2026-08-16 23:51:20,588 SpawnProcess-1 INFO transilvania_itw_fh8JHfpj2I8_0s-420s.mp4: encoding clip 7/15 (195.000s to 205.000s)
2026-08-16 23:51:24,022 SpawnProcess-13 INFO transilvania_itw_nNTK44egXZY_0s-255s.mp4: encoding clip 3/9 (56.857s to 66.857s)
2026-08-16 23:51:24,735 SpawnProcess-2 INFO transilvania_itw_AIg6JjzPiSI_0s-600s.mp4: encoding clip 9/15 (289.679s to 297.897s)
2026-08-16 23:51:25,315 SpawnProcess-5 INFO transilvania_itw_9EgA4QoK3VY_full.mp4: encoding clip 9/15 (135.535s to 145.345s)
2026-08-16 23:51:26,814 SpawnProcess-1 INFO transilvania_itw_fh8JHfpj2I8_0s-420s.mp4: encoding clip 8/15 (185.000s to 195.000s)
2026-08-16 23:51:28,813 SpawnProcess-3 INFO transilvania_itw_NPuzmiLlRho_90s-606s.mp4: encoding clip 2/15 (250.800s to 260.800s)
2026-08-16 23:51:29,293 SpawnProcess-6 INFO transilvania_itw_SbWbA9wjiA4_750s-1180s.mp4: encoding clip 5/15 (328.800s to 338.800s)
2026-08-16 23:51:33,833 SpawnProcess-7 INFO transilvania_itw_RxelCFAPPCA_full.mp4: encoding clip 15/15 (208.809s to 213.814s)
2026-08-16 23:51:34,132 SpawnProcess-1 INFO transilvania_itw_fh8JHfpj2I8_0s-420s.mp4: encoding clip 9/15 (263.800s to 273.600s)
2026-08-16 23:51:34,977 SpawnProcess-5 INFO transilvania_itw_9EgA4QoK3VY_full.mp4: encoding clip 10/15 (217.607s to 227.607s)
2026-08-16 23:51:36,556 SpawnProcess-9 INFO transilvania_itw_EVr0CzpDfvY_full.mp4: encoding clip 13/15 (124.000s to 132.200s)
2026-08-16 23:51:39,775 SpawnProcess-13 INFO transilvania_itw_nNTK44egXZY_0s-255s.mp4: encoding clip 4/9 (223.223s to 231.031s)
2026-08-16 23:51:42,438 SpawnProcess-2 INFO transilvania_itw_AIg6JjzPiSI_0s-600s.mp4: encoding clip 10/15 (417.397s to 427.227s)
2026-08-16 23:51:43,661 SpawnProcess-7 INFO transilvania_itw_RxelCFAPPCA_full.mp4: completed
2026-08-16 23:51:43,681 SpawnProcess-7 INFO Loading detection cache: ../videos_detections/transilvania_itw_s0UAMugeynI_full/detections.json
2026-08-16 23:51:43,687 SpawnProcess-6 INFO transilvania_itw_SbWbA9wjiA4_750s-1180s.mp4: encoding clip 6/15 (155.200s to 164.800s)
2026-08-16 23:51:43,969 SpawnProcess-1 INFO transilvania_itw_fh8JHfpj2I8_0s-420s.mp4: encoding clip 10/15 (139.800s to 145.200s)
2026-08-16 23:51:44,778 SpawnProcess-7 INFO transilvania_itw_s0UAMugeynI_full.mp4: duration=150.4s, samples=752, tracks=13
2026-08-16 23:51:47,983 SpawnProcess-3 INFO transilvania_itw_NPuzmiLlRho_90s-606s.mp4: encoding clip 3/15 (0.000s to 10.000s)
2026-08-16 23:51:48,237 SpawnProcess-5 INFO transilvania_itw_9EgA4QoK3VY_full.mp4: encoding clip 11/15 (125.926s to 134.534s)
2026-08-16 23:51:48,262 SpawnProcess-1 INFO transilvania_itw_fh8JHfpj2I8_0s-420s.mp4: encoding clip 11/15 (314.200s to 321.600s)
2026-08-16 23:51:48,350 SpawnProcess-15 INFO transilvania_itw_nIIclCwYacg_full.mp4: selected 14 clips
2026-08-16 23:51:48,362 SpawnProcess-15 INFO transilvania_itw_nIIclCwYacg_full.mp4: encoding clip 1/14 (265.000s to 270.000s)
2026-08-16 23:51:48,592 SpawnProcess-7 INFO transilvania_itw_s0UAMugeynI_full.mp4: VAD found 7 speech intervals
2026-08-16 23:51:50,389 SpawnProcess-13 INFO transilvania_itw_nNTK44egXZY_0s-255s.mp4: encoding clip 5/9 (66.857s to 73.273s)
2026-08-16 23:51:52,547 SpawnProcess-9 INFO transilvania_itw_EVr0CzpDfvY_full.mp4: encoding clip 14/15 (209.800s to 219.200s)
2026-08-16 23:51:55,244 SpawnProcess-1 INFO transilvania_itw_fh8JHfpj2I8_0s-420s.mp4: encoding clip 12/15 (146.200s to 152.400s)
2026-08-16 23:51:55,280 SpawnProcess-6 INFO transilvania_itw_SbWbA9wjiA4_750s-1180s.mp4: encoding clip 7/15 (390.600s to 400.600s)
2026-08-16 23:51:59,074 SpawnProcess-15 INFO transilvania_itw_nIIclCwYacg_full.mp4: encoding clip 2/14 (164.800s to 174.800s)
2026-08-16 23:51:59,445 SpawnProcess-1 INFO transilvania_itw_fh8JHfpj2I8_0s-420s.mp4: encoding clip 13/15 (339.400s to 345.600s)
2026-08-16 23:52:00,943 SpawnProcess-2 INFO transilvania_itw_AIg6JjzPiSI_0s-600s.mp4: encoding clip 11/15 (0.400s to 7.207s)
2026-08-16 23:52:01,269 SpawnProcess-13 INFO transilvania_itw_nNTK44egXZY_0s-255s.mp4: encoding clip 6/9 (207.607s to 216.215s)
2026-08-16 23:52:02,929 SpawnProcess-5 INFO transilvania_itw_9EgA4QoK3VY_full.mp4: encoding clip 12/15 (174.364s to 183.783s)
2026-08-16 23:52:04,410 SpawnProcess-1 INFO transilvania_itw_fh8JHfpj2I8_0s-420s.mp4: encoding clip 14/15 (274.600s to 284.600s)
2026-08-16 23:52:04,640 SpawnProcess-3 INFO transilvania_itw_NPuzmiLlRho_90s-606s.mp4: encoding clip 4/15 (102.800s to 112.800s)
2026-08-16 23:52:07,613 SpawnProcess-6 INFO transilvania_itw_SbWbA9wjiA4_750s-1180s.mp4: encoding clip 8/15 (420.600s to 430.200s)
2026-08-16 23:52:11,423 SpawnProcess-9 INFO transilvania_itw_EVr0CzpDfvY_full.mp4: encoding clip 15/15 (252.800s to 257.800s)
2026-08-16 23:52:12,214 SpawnProcess-1 INFO transilvania_itw_fh8JHfpj2I8_0s-420s.mp4: encoding clip 15/15 (153.400s to 163.400s)
2026-08-16 23:52:13,978 SpawnProcess-2 INFO transilvania_itw_AIg6JjzPiSI_0s-600s.mp4: encoding clip 12/15 (78.679s to 85.285s)
2026-08-16 23:52:14,349 SpawnProcess-5 INFO transilvania_itw_9EgA4QoK3VY_full.mp4: encoding clip 13/15 (71.672s to 81.672s)
2026-08-16 23:52:14,921 SpawnProcess-15 INFO transilvania_itw_nIIclCwYacg_full.mp4: encoding clip 3/14 (148.600s to 158.600s)
2026-08-16 23:52:15,248 SpawnProcess-13 INFO transilvania_itw_nNTK44egXZY_0s-255s.mp4: encoding clip 7/9 (104.705s to 114.114s)
2026-08-16 23:52:17,775 SpawnProcess-1 INFO transilvania_itw_fh8JHfpj2I8_0s-420s.mp4: completed
2026-08-16 23:52:17,787 SpawnProcess-1 INFO Loading detection cache: ../videos_detections/transilvania_itw_sLKXBRxosSU_1168s-1612s/detections.json
2026-08-16 23:52:18,398 SpawnProcess-1 INFO transilvania_itw_sLKXBRxosSU_1168s-1612s.mp4: duration=444.1s, samples=2221, tracks=2
2026-08-16 23:52:19,456 SpawnProcess-6 INFO transilvania_itw_SbWbA9wjiA4_750s-1180s.mp4: encoding clip 9/15 (282.600s to 292.600s)
2026-08-16 23:52:21,112 SpawnProcess-9 INFO transilvania_itw_EVr0CzpDfvY_full.mp4: completed
2026-08-16 23:52:21,122 SpawnProcess-9 INFO Loading detection cache: ../videos_detections/transilvania_itw_ssJhMM1x1OM_60s-300s/detections.json
2026-08-16 23:52:21,840 SpawnProcess-9 INFO transilvania_itw_ssJhMM1x1OM_60s-300s.mp4: duration=240.0s, samples=1201, tracks=1
2026-08-16 23:52:22,611 SpawnProcess-5 INFO transilvania_itw_9EgA4QoK3VY_full.mp4: encoding clip 14/15 (8.809s to 16.617s)
2026-08-16 23:52:22,979 SpawnProcess-3 INFO transilvania_itw_NPuzmiLlRho_90s-606s.mp4: encoding clip 5/15 (20.600s to 30.600s)
2026-08-16 23:52:25,532 SpawnProcess-2 INFO transilvania_itw_AIg6JjzPiSI_0s-600s.mp4: encoding clip 13/15 (368.368s to 378.368s)
2026-08-16 23:52:28,645 SpawnProcess-13 INFO transilvania_itw_nNTK44egXZY_0s-255s.mp4: encoding clip 8/9 (87.287s to 97.287s)
2026-08-16 23:52:28,862 SpawnProcess-1 INFO transilvania_itw_sLKXBRxosSU_1168s-1612s.mp4: VAD found 74 speech intervals
2026-08-16 23:52:30,152 SpawnProcess-4 INFO transilvania_itw_pXJ9_Z1K4PA_full.mp4: selected 7 clips
2026-08-16 23:52:30,153 SpawnProcess-4 INFO transilvania_itw_pXJ9_Z1K4PA_full.mp4: encoding clip 1/7 (28.428s to 38.428s)
2026-08-16 23:52:32,931 SpawnProcess-9 INFO transilvania_itw_ssJhMM1x1OM_60s-300s.mp4: VAD found 46 speech intervals
2026-08-16 23:52:33,993 SpawnProcess-15 INFO transilvania_itw_nIIclCwYacg_full.mp4: encoding clip 4/14 (119.200s to 126.000s)
2026-08-16 23:52:34,000 SpawnProcess-6 INFO transilvania_itw_SbWbA9wjiA4_750s-1180s.mp4: encoding clip 10/15 (145.200s to 155.200s)
2026-08-16 23:52:36,077 SpawnProcess-5 INFO transilvania_itw_9EgA4QoK3VY_full.mp4: encoding clip 15/15 (81.672s to 91.672s)
2026-08-16 23:52:36,419 SpawnProcess-3 INFO transilvania_itw_NPuzmiLlRho_90s-606s.mp4: encoding clip 6/15 (318.800s to 324.200s)
2026-08-16 23:52:41,046 SpawnProcess-2 INFO transilvania_itw_AIg6JjzPiSI_0s-600s.mp4: encoding clip 14/15 (407.397s to 417.397s)
2026-08-16 23:52:42,156 SpawnProcess-13 INFO transilvania_itw_nNTK44egXZY_0s-255s.mp4: encoding clip 9/9 (243.643s to 248.648s)
2026-08-16 23:52:42,765 SpawnProcess-10 INFO rep_moldova_studio_oF-YSsRJG6k_60s-1200s.mp4: selected 12 clips
2026-08-16 23:52:42,770 SpawnProcess-10 INFO rep_moldova_studio_oF-YSsRJG6k_60s-1200s.mp4: encoding clip 1/12 (818.000s to 828.000s)
2026-08-16 23:52:47,663 SpawnProcess-4 INFO transilvania_itw_pXJ9_Z1K4PA_full.mp4: encoding clip 2/7 (71.872s to 78.078s)
2026-08-16 23:52:48,782 SpawnProcess-6 INFO transilvania_itw_SbWbA9wjiA4_750s-1180s.mp4: encoding clip 11/15 (338.800s to 348.800s)
2026-08-16 23:52:48,889 SpawnProcess-13 INFO transilvania_itw_nNTK44egXZY_0s-255s.mp4: completed
2026-08-16 23:52:48,899 SpawnProcess-13 INFO Loading detection cache: ../videos_detections/transilvania_itw_truxjdLAE2Q_60s-360s/detections.json
2026-08-16 23:52:49,450 SpawnProcess-13 INFO transilvania_itw_truxjdLAE2Q_60s-360s.mp4: duration=300.0s, samples=1501, tracks=6
2026-08-16 23:52:49,588 SpawnProcess-15 INFO transilvania_itw_nIIclCwYacg_full.mp4: encoding clip 5/14 (191.800s to 201.800s)
2026-08-16 23:52:49,854 SpawnProcess-3 INFO transilvania_itw_NPuzmiLlRho_90s-606s.mp4: encoding clip 7/15 (155.800s to 165.800s)
2026-08-16 23:52:49,997 SpawnProcess-5 INFO transilvania_itw_9EgA4QoK3VY_full.mp4: completed
2026-08-16 23:52:50,076 SpawnProcess-5 INFO Loading detection cache: ../videos_detections/transilvania_studio_1EOVZvcZ9UQ_0s-125s/detections.json
2026-08-16 23:52:50,571 SpawnProcess-5 INFO transilvania_studio_1EOVZvcZ9UQ_0s-125s.mp4: duration=125.0s, samples=626, tracks=8
2026-08-16 23:52:53,069 SpawnProcess-5 INFO transilvania_studio_1EOVZvcZ9UQ_0s-125s.mp4: VAD found 18 speech intervals
2026-08-16 23:52:55,859 SpawnProcess-13 INFO transilvania_itw_truxjdLAE2Q_60s-360s.mp4: VAD found 69 speech intervals
2026-08-16 23:52:59,002 SpawnProcess-16 INFO transilvania_itw_ngBLDdqZ6U8_0s-406s.mp4: selected 15 clips
2026-08-16 23:52:59,005 SpawnProcess-16 INFO transilvania_itw_ngBLDdqZ6U8_0s-406s.mp4: encoding clip 1/15 (309.800s to 317.000s)
2026-08-16 23:52:59,470 SpawnProcess-2 INFO transilvania_itw_AIg6JjzPiSI_0s-600s.mp4: encoding clip 15/15 (222.412s to 230.230s)
2026-08-16 23:53:01,322 SpawnProcess-4 INFO transilvania_itw_pXJ9_Z1K4PA_full.mp4: encoding clip 3/7 (81.481s to 91.481s)
2026-08-16 23:53:02,003 SpawnProcess-6 INFO transilvania_itw_SbWbA9wjiA4_750s-1180s.mp4: encoding clip 12/15 (302.600s to 312.600s)
2026-08-16 23:53:05,964 SpawnProcess-15 INFO transilvania_itw_nIIclCwYacg_full.mp4: encoding clip 6/14 (100.200s to 110.200s)
2026-08-16 23:53:06,248 SpawnProcess-3 INFO transilvania_itw_NPuzmiLlRho_90s-606s.mp4: encoding clip 8/15 (332.400s to 340.800s)
2026-08-16 23:53:07,620 SpawnProcess-10 INFO rep_moldova_studio_oF-YSsRJG6k_60s-1200s.mp4: encoding clip 2/12 (255.800s to 263.800s)
2026-08-16 23:53:10,025 SpawnProcess-16 INFO transilvania_itw_ngBLDdqZ6U8_0s-406s.mp4: encoding clip 2/15 (204.800s to 214.000s)
2026-08-16 23:53:13,590 SpawnProcess-2 INFO transilvania_itw_AIg6JjzPiSI_0s-600s.mp4: completed
2026-08-16 23:53:13,612 SpawnProcess-2 INFO Loading detection cache: ../videos_detections/transilvania_studio_1EOVZvcZ9UQ_476s-852s/detections.json
2026-08-16 23:53:13,992 SpawnProcess-6 INFO transilvania_itw_SbWbA9wjiA4_750s-1180s.mp4: encoding clip 13/15 (23.800s to 33.800s)
2026-08-16 23:53:14,655 SpawnProcess-2 INFO transilvania_studio_1EOVZvcZ9UQ_476s-852s.mp4: duration=376.0s, samples=1881, tracks=69
2026-08-16 23:53:17,855 SpawnProcess-12 INFO transilvania_itw_oPED5dEh9XQ_full.mp4: selected 5 clips
2026-08-16 23:53:17,858 SpawnProcess-12 INFO transilvania_itw_oPED5dEh9XQ_full.mp4: encoding clip 1/5 (55.035s to 60.060s)
2026-08-16 23:53:17,974 SpawnProcess-3 INFO transilvania_itw_NPuzmiLlRho_90s-606s.mp4: encoding clip 9/15 (165.800s to 175.800s)
2026-08-16 23:53:21,388 SpawnProcess-4 INFO transilvania_itw_pXJ9_Z1K4PA_full.mp4: encoding clip 4/7 (18.218s to 27.627s)
2026-08-16 23:53:21,644 SpawnProcess-16 INFO transilvania_itw_ngBLDdqZ6U8_0s-406s.mp4: encoding clip 3/15 (346.800s to 356.800s)
2026-08-16 23:53:21,880 SpawnProcess-15 INFO transilvania_itw_nIIclCwYacg_full.mp4: encoding clip 7/14 (138.600s to 145.200s)
2026-08-16 23:53:26,541 SpawnProcess-6 INFO transilvania_itw_SbWbA9wjiA4_750s-1180s.mp4: encoding clip 14/15 (358.800s to 368.800s)
2026-08-16 23:53:26,695 SpawnProcess-2 INFO transilvania_studio_1EOVZvcZ9UQ_476s-852s.mp4: VAD found 22 speech intervals
2026-08-16 23:53:27,937 SpawnProcess-12 INFO transilvania_itw_oPED5dEh9XQ_full.mp4: encoding clip 2/5 (35.035s to 45.035s)
2026-08-16 23:53:29,497 SpawnProcess-10 INFO rep_moldova_studio_oF-YSsRJG6k_60s-1200s.mp4: encoding clip 3/12 (276.000s to 283.800s)
2026-08-16 23:53:33,694 SpawnProcess-3 INFO transilvania_itw_NPuzmiLlRho_90s-606s.mp4: encoding clip 10/15 (183.800s to 193.800s)
2026-08-16 23:53:33,822 SpawnProcess-15 INFO transilvania_itw_nIIclCwYacg_full.mp4: encoding clip 8/14 (110.200s to 116.400s)
2026-08-16 23:53:34,442 SpawnProcess-16 INFO transilvania_itw_ngBLDdqZ6U8_0s-406s.mp4: encoding clip 4/15 (366.800s to 376.800s)
2026-08-16 23:53:38,000 SpawnProcess-6 INFO transilvania_itw_SbWbA9wjiA4_750s-1180s.mp4: encoding clip 15/15 (43.800s to 53.800s)
2026-08-16 23:53:38,186 SpawnProcess-4 INFO transilvania_itw_pXJ9_Z1K4PA_full.mp4: encoding clip 5/7 (115.305s to 122.122s)
2026-08-16 23:53:41,372 SpawnProcess-12 INFO transilvania_itw_oPED5dEh9XQ_full.mp4: encoding clip 3/5 (20.220s to 27.627s)
2026-08-16 23:53:45,628 SpawnProcess-5 INFO transilvania_studio_1EOVZvcZ9UQ_0s-125s.mp4: selected 1 clips
2026-08-16 23:53:45,642 SpawnProcess-5 INFO transilvania_studio_1EOVZvcZ9UQ_0s-125s.mp4: encoding clip 1/1 (87.600s to 94.800s)
2026-08-16 23:53:47,131 SpawnProcess-15 INFO transilvania_itw_nIIclCwYacg_full.mp4: encoding clip 9/14 (80.000s to 88.600s)
2026-08-16 23:53:47,888 SpawnProcess-16 INFO transilvania_itw_ngBLDdqZ6U8_0s-406s.mp4: encoding clip 5/15 (114.800s to 124.800s)
2026-08-16 23:53:48,415 SpawnProcess-10 INFO rep_moldova_studio_oF-YSsRJG6k_60s-1200s.mp4: encoding clip 4/12 (574.600s to 584.600s)
2026-08-16 23:53:49,650 SpawnProcess-4 INFO transilvania_itw_pXJ9_Z1K4PA_full.mp4: encoding clip 6/7 (105.305s to 115.305s)
2026-08-16 23:53:50,700 SpawnProcess-6 INFO transilvania_itw_SbWbA9wjiA4_750s-1180s.mp4: completed
2026-08-16 23:53:50,722 SpawnProcess-6 INFO Loading detection cache: ../videos_detections/transilvania_studio_35aFpC6zxgI_90s-616s/detections.json
2026-08-16 23:53:51,337 SpawnProcess-6 INFO transilvania_studio_35aFpC6zxgI_90s-616s.mp4: duration=526.0s, samples=2631, tracks=59
2026-08-16 23:53:54,022 SpawnProcess-3 INFO transilvania_itw_NPuzmiLlRho_90s-606s.mp4: encoding clip 11/15 (308.800s to 318.800s)
2026-08-16 23:53:54,662 SpawnProcess-12 INFO transilvania_itw_oPED5dEh9XQ_full.mp4: encoding clip 4/5 (45.035s to 55.035s)
2026-08-16 23:53:54,735 SpawnProcess-5 INFO transilvania_studio_1EOVZvcZ9UQ_0s-125s.mp4: completed
2026-08-16 23:53:54,741 SpawnProcess-5 INFO Loading detection cache: ../videos_detections/transilvania_studio_3JkvwteBNE0_full/detections.json
2026-08-16 23:53:55,603 SpawnProcess-5 INFO transilvania_studio_3JkvwteBNE0_full.mp4: duration=294.4s, samples=1472, tracks=36
2026-08-16 23:54:00,154 SpawnProcess-16 INFO transilvania_itw_ngBLDdqZ6U8_0s-406s.mp4: encoding clip 6/15 (128.000s to 138.000s)
2026-08-16 23:54:01,718 SpawnProcess-15 INFO transilvania_itw_nIIclCwYacg_full.mp4: encoding clip 10/14 (3.400s to 9.600s)
2026-08-16 23:54:02,866 SpawnProcess-4 INFO transilvania_itw_pXJ9_Z1K4PA_full.mp4: encoding clip 7/7 (47.648s to 57.648s)
2026-08-16 23:54:03,607 SpawnProcess-6 INFO transilvania_studio_35aFpC6zxgI_90s-616s.mp4: VAD found 89 speech intervals
2026-08-16 23:54:04,877 SpawnProcess-5 INFO transilvania_studio_3JkvwteBNE0_full.mp4: VAD found 9 speech intervals
2026-08-16 23:54:10,690 SpawnProcess-3 INFO transilvania_itw_NPuzmiLlRho_90s-606s.mp4: encoding clip 12/15 (229.400s to 239.400s)
2026-08-16 23:54:11,267 SpawnProcess-16 INFO transilvania_itw_ngBLDdqZ6U8_0s-406s.mp4: encoding clip 7/15 (184.800s to 194.800s)
2026-08-16 23:54:12,615 SpawnProcess-12 INFO transilvania_itw_oPED5dEh9XQ_full.mp4: encoding clip 5/5 (61.862s to 71.862s)
2026-08-16 23:54:13,083 SpawnProcess-15 INFO transilvania_itw_nIIclCwYacg_full.mp4: encoding clip 11/14 (224.200s to 234.200s)
2026-08-16 23:54:13,516 SpawnProcess-10 INFO rep_moldova_studio_oF-YSsRJG6k_60s-1200s.mp4: encoding clip 5/12 (828.000s to 834.200s)
2026-08-16 23:54:14,333 SpawnProcess-4 INFO transilvania_itw_pXJ9_Z1K4PA_full.mp4: completed
2026-08-16 23:54:14,358 SpawnProcess-4 INFO Loading detection cache: ../videos_detections/transilvania_studio_4cx2SvIejsA_full/detections.json
2026-08-16 23:54:15,139 SpawnProcess-4 INFO transilvania_studio_4cx2SvIejsA_full.mp4: duration=187.1s, samples=936, tracks=1
2026-08-16 23:54:19,136 SpawnProcess-4 INFO transilvania_studio_4cx2SvIejsA_full.mp4: VAD found 41 speech intervals
2026-08-16 23:54:23,367 SpawnProcess-3 INFO transilvania_itw_NPuzmiLlRho_90s-606s.mp4: encoding clip 13/15 (361.400s to 366.800s)
2026-08-16 23:54:24,109 SpawnProcess-16 INFO transilvania_itw_ngBLDdqZ6U8_0s-406s.mp4: encoding clip 8/15 (336.800s to 345.000s)
2026-08-16 23:54:28,012 SpawnProcess-15 INFO transilvania_itw_nIIclCwYacg_full.mp4: encoding clip 12/14 (10.600s to 20.600s)
2026-08-16 23:54:29,075 SpawnProcess-10 INFO rep_moldova_studio_oF-YSsRJG6k_60s-1200s.mp4: encoding clip 6/12 (87.400s to 97.400s)
2026-08-16 23:54:29,376 SpawnProcess-12 INFO transilvania_itw_oPED5dEh9XQ_full.mp4: completed
2026-08-16 23:54:29,403 SpawnProcess-12 INFO Loading detection cache: ../videos_detections/transilvania_studio_6A8Qqv4MGig_28s-130s/detections.json
2026-08-16 23:54:30,008 SpawnProcess-12 INFO transilvania_studio_6A8Qqv4MGig_28s-130s.mp4: duration=102.0s, samples=510, tracks=4
2026-08-16 23:54:31,106 SpawnProcess-8 INFO transilvania_itw_nvfa6KCpbWY_full.mp4: selected 15 clips
2026-08-16 23:54:31,109 SpawnProcess-8 INFO transilvania_itw_nvfa6KCpbWY_full.mp4: encoding clip 1/15 (0.200s to 7.200s)
2026-08-16 23:54:31,510 SpawnProcess-3 INFO transilvania_itw_NPuzmiLlRho_90s-606s.mp4: encoding clip 14/15 (119.800s to 125.200s)
2026-08-16 23:54:33,238 SpawnProcess-12 INFO transilvania_studio_6A8Qqv4MGig_28s-130s.mp4: VAD found 17 speech intervals
2026-08-16 23:54:35,152 SpawnProcess-16 INFO transilvania_itw_ngBLDdqZ6U8_0s-406s.mp4: encoding clip 9/15 (386.800s to 392.400s)
2026-08-16 23:54:39,868 SpawnProcess-3 INFO transilvania_itw_NPuzmiLlRho_90s-606s.mp4: encoding clip 15/15 (145.800s to 155.800s)
2026-08-16 23:54:43,366 SpawnProcess-15 INFO transilvania_itw_nIIclCwYacg_full.mp4: encoding clip 13/14 (127.000s to 136.800s)
2026-08-16 23:54:44,198 SpawnProcess-16 INFO transilvania_itw_ngBLDdqZ6U8_0s-406s.mp4: encoding clip 10/15 (104.800s to 114.800s)
2026-08-16 23:54:44,485 SpawnProcess-8 INFO transilvania_itw_nvfa6KCpbWY_full.mp4: encoding clip 2/15 (161.200s to 167.200s)
2026-08-16 23:54:51,532 SpawnProcess-10 INFO rep_moldova_studio_oF-YSsRJG6k_60s-1200s.mp4: encoding clip 7/12 (564.600s to 574.600s)
2026-08-16 23:54:54,883 SpawnProcess-7 INFO transilvania_itw_s0UAMugeynI_full.mp4: selected 15 clips
2026-08-16 23:54:54,884 SpawnProcess-7 INFO transilvania_itw_s0UAMugeynI_full.mp4: encoding clip 1/15 (125.000s to 130.400s)
2026-08-16 23:54:55,713 SpawnProcess-3 INFO transilvania_itw_NPuzmiLlRho_90s-606s.mp4: completed
2026-08-16 23:54:55,726 SpawnProcess-3 INFO Loading detection cache: ../videos_detections/transilvania_studio_7kE3U7jLFJA_full/detections.json
2026-08-16 23:54:56,229 SpawnProcess-3 INFO transilvania_studio_7kE3U7jLFJA_full.mp4: duration=122.6s, samples=613, tracks=9
2026-08-16 23:54:56,425 SpawnProcess-8 INFO transilvania_itw_nvfa6KCpbWY_full.mp4: encoding clip 3/15 (235.000s to 245.000s)
2026-08-16 23:54:57,700 SpawnProcess-15 INFO transilvania_itw_nIIclCwYacg_full.mp4: encoding clip 14/14 (273.400s to 279.600s)
2026-08-16 23:54:57,993 SpawnProcess-16 INFO transilvania_itw_ngBLDdqZ6U8_0s-406s.mp4: encoding clip 11/15 (252.000s to 259.000s)
2026-08-16 23:54:59,034 SpawnProcess-3 INFO transilvania_studio_7kE3U7jLFJA_full.mp4: VAD found 11 speech intervals
2026-08-16 23:55:07,236 SpawnProcess-7 INFO transilvania_itw_s0UAMugeynI_full.mp4: encoding clip 2/15 (119.000s to 124.600s)
2026-08-16 23:55:07,414 SpawnProcess-16 INFO transilvania_itw_ngBLDdqZ6U8_0s-406s.mp4: encoding clip 12/15 (270.800s to 278.600s)
2026-08-16 23:55:09,427 SpawnProcess-15 INFO transilvania_itw_nIIclCwYacg_full.mp4: completed
2026-08-16 23:55:09,462 SpawnProcess-15 INFO Loading detection cache: ../videos_detections/transilvania_studio_9p2CkNVw6j0_60s-339s/detections.json
2026-08-16 23:55:10,183 SpawnProcess-15 INFO transilvania_studio_9p2CkNVw6j0_60s-339s.mp4: duration=279.1s, samples=1396, tracks=24
2026-08-16 23:55:14,643 SpawnProcess-8 INFO transilvania_itw_nvfa6KCpbWY_full.mp4: encoding clip 4/15 (8.200s to 18.200s)
2026-08-16 23:55:14,841 SpawnProcess-10 INFO rep_moldova_studio_oF-YSsRJG6k_60s-1200s.mp4: encoding clip 8/12 (97.400s to 107.400s)
2026-08-16 23:55:16,059 SpawnProcess-12 INFO transilvania_studio_6A8Qqv4MGig_28s-130s.mp4: selected 5 clips
2026-08-16 23:55:16,065 SpawnProcess-12 INFO transilvania_studio_6A8Qqv4MGig_28s-130s.mp4: encoding clip 1/5 (13.400s to 23.400s)
2026-08-16 23:55:16,563 SpawnProcess-16 INFO transilvania_itw_ngBLDdqZ6U8_0s-406s.mp4: encoding clip 13/15 (376.800s to 386.800s)
2026-08-16 23:55:16,834 SpawnProcess-15 INFO transilvania_studio_9p2CkNVw6j0_60s-339s.mp4: VAD found 25 speech intervals
2026-08-16 23:55:18,697 SpawnProcess-7 INFO transilvania_itw_s0UAMugeynI_full.mp4: encoding clip 3/15 (136.600s to 146.600s)
2026-08-16 23:55:19,255 SpawnProcess-14 INFO transilvania_itw_3JU34CNb-dk_0s-440s.mp4: selected 15 clips
2026-08-16 23:55:19,257 SpawnProcess-14 INFO transilvania_itw_3JU34CNb-dk_0s-440s.mp4: encoding clip 1/15 (259.000s to 265.200s)
2026-08-16 23:55:23,770 SpawnProcess-12 INFO transilvania_studio_6A8Qqv4MGig_28s-130s.mp4: encoding clip 2/5 (33.400s to 39.000s)
2026-08-16 23:55:29,486 SpawnProcess-16 INFO transilvania_itw_ngBLDdqZ6U8_0s-406s.mp4: encoding clip 14/15 (194.800s to 204.800s)
2026-08-16 23:55:30,775 SpawnProcess-8 INFO transilvania_itw_nvfa6KCpbWY_full.mp4: encoding clip 5/15 (299.800s to 309.800s)
2026-08-16 23:55:31,301 SpawnProcess-12 INFO transilvania_studio_6A8Qqv4MGig_28s-130s.mp4: encoding clip 3/5 (23.400s to 33.400s)
2026-08-16 23:55:36,620 SpawnProcess-10 INFO rep_moldova_studio_oF-YSsRJG6k_60s-1200s.mp4: encoding clip 9/12 (179.400s to 189.400s)
2026-08-16 23:55:38,292 SpawnProcess-12 INFO transilvania_studio_6A8Qqv4MGig_28s-130s.mp4: encoding clip 4/5 (3.400s to 13.400s)
2026-08-16 23:55:41,056 SpawnProcess-7 INFO transilvania_itw_s0UAMugeynI_full.mp4: encoding clip 4/15 (110.800s to 118.200s)
2026-08-16 23:55:41,933 SpawnProcess-16 INFO transilvania_itw_ngBLDdqZ6U8_0s-406s.mp4: encoding clip 15/15 (260.800s to 270.800s)
2026-08-16 23:55:42,651 SpawnProcess-5 INFO transilvania_studio_3JkvwteBNE0_full.mp4: selected 8 clips
2026-08-16 23:55:42,656 SpawnProcess-5 INFO transilvania_studio_3JkvwteBNE0_full.mp4: encoding clip 1/8 (0.800s to 10.800s)
2026-08-16 23:55:46,433 SpawnProcess-12 INFO transilvania_studio_6A8Qqv4MGig_28s-130s.mp4: encoding clip 5/5 (40.200s to 45.400s)
2026-08-16 23:55:47,450 SpawnProcess-5 INFO transilvania_studio_3JkvwteBNE0_full.mp4: encoding clip 2/8 (10.800s to 20.800s)
2026-08-16 23:55:47,504 SpawnProcess-14 INFO transilvania_itw_3JU34CNb-dk_0s-440s.mp4: encoding clip 2/15 (202.600s to 207.600s)
2026-08-16 23:55:49,874 SpawnProcess-8 INFO transilvania_itw_nvfa6KCpbWY_full.mp4: encoding clip 6/15 (210.200s to 219.600s)
2026-08-16 23:55:51,491 SpawnProcess-12 INFO transilvania_studio_6A8Qqv4MGig_28s-130s.mp4: completed
2026-08-16 23:55:51,504 SpawnProcess-12 INFO Loading detection cache: ../videos_detections/transilvania_studio_COtnnOZ5qOI_0s-395s/detections.json
2026-08-16 23:55:52,082 SpawnProcess-12 INFO transilvania_studio_COtnnOZ5qOI_0s-395s.mp4: duration=395.0s, samples=1975, tracks=53
2026-08-16 23:55:52,577 SpawnProcess-5 INFO transilvania_studio_3JkvwteBNE0_full.mp4: encoding clip 3/8 (284.800s to 292.000s)
2026-08-16 23:55:54,044 SpawnProcess-16 INFO transilvania_itw_ngBLDdqZ6U8_0s-406s.mp4: completed
2026-08-16 23:55:54,091 SpawnProcess-16 INFO Loading detection cache: ../videos_detections/transilvania_studio_COtnnOZ5qOI_902s-1387s/detections.json
2026-08-16 23:55:54,303 SpawnProcess-3 INFO transilvania_studio_7kE3U7jLFJA_full.mp4: selected 0 clips
2026-08-16 23:55:54,320 SpawnProcess-3 INFO transilvania_studio_7kE3U7jLFJA_full.mp4: zero-clip diagnostics: {'total_samples': 616, 'talking_samples': 306, 'longest_run_seconds': 18.6, 'eligible_talking_windows': 6, 'presence_rejected': 0, 'cut_rejected': 0, 'face_rejected': 6, 'speech_rejected': 0}
2026-08-16 23:55:54,341 SpawnProcess-3 INFO transilvania_studio_7kE3U7jLFJA_full.mp4: completed
2026-08-16 23:55:54,349 SpawnProcess-3 INFO Loading detection cache: ../videos_detections/transilvania_studio_DLyupW8QYTY_610s-1111s/detections.json
2026-08-16 23:55:54,605 SpawnProcess-16 INFO transilvania_studio_COtnnOZ5qOI_902s-1387s.mp4: duration=485.0s, samples=2425, tracks=9
2026-08-16 23:55:55,156 SpawnProcess-3 INFO transilvania_studio_DLyupW8QYTY_610s-1111s.mp4: duration=501.0s, samples=2506, tracks=26
2026-08-16 23:55:55,607 SpawnProcess-10 INFO rep_moldova_studio_oF-YSsRJG6k_60s-1200s.mp4: encoding clip 10/12 (16.800s to 26.200s)
2026-08-16 23:55:55,872 SpawnProcess-5 INFO transilvania_studio_3JkvwteBNE0_full.mp4: encoding clip 4/8 (268.400s to 278.400s)
2026-08-16 23:55:58,449 SpawnProcess-7 INFO transilvania_itw_s0UAMugeynI_full.mp4: encoding clip 5/15 (70.800s to 80.800s)
2026-08-16 23:55:58,781 SpawnProcess-11 INFO transilvania_itw_jdLmQ0hUpHY_0s-540s.mp4: selected 15 clips
2026-08-16 23:55:58,783 SpawnProcess-11 INFO transilvania_itw_jdLmQ0hUpHY_0s-540s.mp4: encoding clip 1/15 (369.400s to 376.000s)
2026-08-16 23:55:59,668 SpawnProcess-5 INFO transilvania_studio_3JkvwteBNE0_full.mp4: encoding clip 5/8 (212.800s to 222.800s)
2026-08-16 23:56:00,463 SpawnProcess-12 INFO transilvania_studio_COtnnOZ5qOI_0s-395s.mp4: VAD found 96 speech intervals
2026-08-16 23:56:01,350 SpawnProcess-8 INFO transilvania_itw_nvfa6KCpbWY_full.mp4: encoding clip 7/15 (245.000s to 250.600s)
2026-08-16 23:56:03,894 SpawnProcess-5 INFO transilvania_studio_3JkvwteBNE0_full.mp4: encoding clip 6/8 (177.400s to 187.400s)
2026-08-16 23:56:04,905 SpawnProcess-16 INFO transilvania_studio_COtnnOZ5qOI_902s-1387s.mp4: VAD found 142 speech intervals
2026-08-16 23:56:05,533 SpawnProcess-3 INFO transilvania_studio_DLyupW8QYTY_610s-1111s.mp4: VAD found 102 speech intervals
2026-08-16 23:56:08,709 SpawnProcess-5 INFO transilvania_studio_3JkvwteBNE0_full.mp4: encoding clip 7/8 (197.200s to 203.000s)
2026-08-16 23:56:09,480 SpawnProcess-11 INFO transilvania_itw_jdLmQ0hUpHY_0s-540s.mp4: encoding clip 2/15 (293.800s to 300.400s)
2026-08-16 23:56:11,922 SpawnProcess-5 INFO transilvania_studio_3JkvwteBNE0_full.mp4: encoding clip 8/8 (165.000s to 175.000s)
2026-08-16 23:56:11,986 SpawnProcess-8 INFO transilvania_itw_nvfa6KCpbWY_full.mp4: encoding clip 8/15 (252.200s to 260.400s)
2026-08-16 23:56:13,171 SpawnProcess-10 INFO rep_moldova_studio_oF-YSsRJG6k_60s-1200s.mp4: encoding clip 11/12 (772.200s to 782.200s)
2026-08-16 23:56:13,355 SpawnProcess-9 INFO transilvania_itw_ssJhMM1x1OM_60s-300s.mp4: selected 13 clips
2026-08-16 23:56:13,362 SpawnProcess-9 INFO transilvania_itw_ssJhMM1x1OM_60s-300s.mp4: encoding clip 1/13 (171.400s to 181.400s)
2026-08-16 23:56:13,660 SpawnProcess-14 INFO transilvania_itw_3JU34CNb-dk_0s-440s.mp4: encoding clip 3/15 (172.600s to 182.600s)
2026-08-16 23:56:15,499 SpawnProcess-5 INFO transilvania_studio_3JkvwteBNE0_full.mp4: completed
2026-08-16 23:56:15,507 SpawnProcess-5 INFO Loading detection cache: ../videos_detections/transilvania_studio_G-crNne-4dQ_545s-1048s/detections.json
2026-08-16 23:56:19,421 SpawnProcess-11 INFO transilvania_itw_jdLmQ0hUpHY_0s-540s.mp4: encoding clip 3/15 (89.800s to 99.800s)
2026-08-16 23:56:20,347 SpawnProcess-7 INFO transilvania_itw_s0UAMugeynI_full.mp4: encoding clip 6/15 (60.800s to 70.800s)
2026-08-16 23:56:21,080 SpawnProcess-5 INFO transilvania_studio_G-crNne-4dQ_545s-1048s.mp4: duration=503.0s, samples=2516, tracks=977
2026-08-16 23:56:22,178 SpawnProcess-13 INFO transilvania_itw_truxjdLAE2Q_60s-360s.mp4: selected 12 clips
2026-08-16 23:56:22,186 SpawnProcess-13 INFO transilvania_itw_truxjdLAE2Q_60s-360s.mp4: encoding clip 1/12 (109.000s to 119.000s)
2026-08-16 23:56:23,467 SpawnProcess-8 INFO transilvania_itw_nvfa6KCpbWY_full.mp4: encoding clip 9/15 (220.800s to 230.800s)
2026-08-16 23:56:26,507 SpawnProcess-2 INFO transilvania_studio_1EOVZvcZ9UQ_476s-852s.mp4: selected 11 clips
2026-08-16 23:56:26,517 SpawnProcess-2 INFO transilvania_studio_1EOVZvcZ9UQ_476s-852s.mp4: encoding clip 1/11 (107.000s to 117.000s)
2026-08-16 23:56:27,408 SpawnProcess-9 INFO transilvania_itw_ssJhMM1x1OM_60s-300s.mp4: encoding clip 2/13 (133.600s to 143.600s)
2026-08-16 23:56:33,101 SpawnProcess-10 INFO rep_moldova_studio_oF-YSsRJG6k_60s-1200s.mp4: encoding clip 12/12 (239.600s to 248.000s)
2026-08-16 23:56:34,534 SpawnProcess-5 INFO transilvania_studio_G-crNne-4dQ_545s-1048s.mp4: VAD found 153 speech intervals
2026-08-16 23:56:36,335 SpawnProcess-11 INFO transilvania_itw_jdLmQ0hUpHY_0s-540s.mp4: encoding clip 4/15 (472.400s to 482.400s)
2026-08-16 23:56:36,972 SpawnProcess-4 INFO transilvania_studio_4cx2SvIejsA_full.mp4: selected 13 clips
2026-08-16 23:56:36,977 SpawnProcess-4 INFO transilvania_studio_4cx2SvIejsA_full.mp4: encoding clip 1/13 (153.800s to 163.000s)
2026-08-16 23:56:37,104 SpawnProcess-2 INFO transilvania_studio_1EOVZvcZ9UQ_476s-852s.mp4: encoding clip 2/11 (70.800s to 80.800s)
2026-08-16 23:56:38,254 SpawnProcess-13 INFO transilvania_itw_truxjdLAE2Q_60s-360s.mp4: encoding clip 2/12 (73.400s to 79.800s)
2026-08-16 23:56:41,581 SpawnProcess-8 INFO transilvania_itw_nvfa6KCpbWY_full.mp4: encoding clip 10/15 (262.600s to 272.200s)
2026-08-16 23:56:43,237 SpawnProcess-7 INFO transilvania_itw_s0UAMugeynI_full.mp4: encoding clip 7/15 (80.800s to 90.800s)
2026-08-16 23:56:43,591 SpawnProcess-9 INFO transilvania_itw_ssJhMM1x1OM_60s-300s.mp4: encoding clip 3/13 (160.400s to 167.000s)
2026-08-16 23:56:45,144 SpawnProcess-2 INFO transilvania_studio_1EOVZvcZ9UQ_476s-852s.mp4: encoding clip 3/11 (358.800s to 368.800s)
2026-08-16 23:56:49,057 SpawnProcess-4 INFO transilvania_studio_4cx2SvIejsA_full.mp4: encoding clip 2/13 (168.800s to 178.800s)
2026-08-16 23:56:51,458 SpawnProcess-13 INFO transilvania_itw_truxjdLAE2Q_60s-360s.mp4: encoding clip 3/12 (97.000s to 107.000s)
2026-08-16 23:56:53,204 SpawnProcess-10 INFO rep_moldova_studio_oF-YSsRJG6k_60s-1200s.mp4: completed
2026-08-16 23:56:53,237 SpawnProcess-10 INFO Loading detection cache: ../videos_detections/transilvania_studio_KSj3S2OT5-U_35s-548s/detections.json
2026-08-16 23:56:54,013 SpawnProcess-2 INFO transilvania_studio_1EOVZvcZ9UQ_476s-852s.mp4: encoding clip 4/11 (117.000s to 127.000s)
2026-08-16 23:56:54,016 SpawnProcess-10 INFO transilvania_studio_KSj3S2OT5-U_35s-548s.mp4: duration=513.0s, samples=2566, tracks=5
2026-08-16 23:56:54,787 SpawnProcess-11 INFO transilvania_itw_jdLmQ0hUpHY_0s-540s.mp4: encoding clip 5/15 (508.000s to 518.000s)
2026-08-16 23:56:57,417 SpawnProcess-9 INFO transilvania_itw_ssJhMM1x1OM_60s-300s.mp4: encoding clip 4/13 (190.000s to 200.000s)
2026-08-16 23:56:58,280 SpawnProcess-8 INFO transilvania_itw_nvfa6KCpbWY_full.mp4: encoding clip 11/15 (31.000s to 41.000s)
2026-08-16 23:56:58,302 SpawnProcess-14 INFO transilvania_itw_3JU34CNb-dk_0s-440s.mp4: encoding clip 4/15 (25.400s to 31.200s)
2026-08-16 23:57:00,994 SpawnProcess-4 INFO transilvania_studio_4cx2SvIejsA_full.mp4: encoding clip 3/13 (74.600s to 81.400s)
2026-08-16 23:57:01,239 SpawnProcess-2 INFO transilvania_studio_1EOVZvcZ9UQ_476s-852s.mp4: encoding clip 5/11 (60.800s to 70.800s)
2026-08-16 23:57:04,330 SpawnProcess-10 INFO transilvania_studio_KSj3S2OT5-U_35s-548s.mp4: VAD found 26 speech intervals
2026-08-16 23:57:05,610 SpawnProcess-7 INFO transilvania_itw_s0UAMugeynI_full.mp4: encoding clip 8/15 (90.800s to 100.800s)
2026-08-16 23:57:06,299 SpawnProcess-13 INFO transilvania_itw_truxjdLAE2Q_60s-360s.mp4: encoding clip 4/12 (89.800s to 96.000s)
2026-08-16 23:57:10,401 SpawnProcess-2 INFO transilvania_studio_1EOVZvcZ9UQ_476s-852s.mp4: encoding clip 6/11 (80.800s to 90.800s)
2026-08-16 23:57:10,748 SpawnProcess-4 INFO transilvania_studio_4cx2SvIejsA_full.mp4: encoding clip 4/13 (117.800s to 127.800s)
2026-08-16 23:57:10,980 SpawnProcess-11 INFO transilvania_itw_jdLmQ0hUpHY_0s-540s.mp4: encoding clip 6/15 (381.400s to 387.400s)
2026-08-16 23:57:12,083 SpawnProcess-9 INFO transilvania_itw_ssJhMM1x1OM_60s-300s.mp4: encoding clip 5/13 (109.800s to 119.800s)
2026-08-16 23:57:15,976 SpawnProcess-8 INFO transilvania_itw_nvfa6KCpbWY_full.mp4: encoding clip 12/15 (273.600s to 279.600s)
2026-08-16 23:57:18,124 SpawnProcess-13 INFO transilvania_itw_truxjdLAE2Q_60s-360s.mp4: encoding clip 5/12 (82.600s to 88.800s)
2026-08-16 23:57:19,368 SpawnProcess-2 INFO transilvania_studio_1EOVZvcZ9UQ_476s-852s.mp4: encoding clip 7/11 (23.800s to 30.000s)
2026-08-16 23:57:22,176 SpawnProcess-11 INFO transilvania_itw_jdLmQ0hUpHY_0s-540s.mp4: encoding clip 7/15 (335.200s to 343.600s)
2026-08-16 23:57:23,139 SpawnProcess-4 INFO transilvania_studio_4cx2SvIejsA_full.mp4: encoding clip 5/13 (36.800s to 44.000s)
2026-08-16 23:57:25,940 SpawnProcess-2 INFO transilvania_studio_1EOVZvcZ9UQ_476s-852s.mp4: encoding clip 8/11 (334.400s to 340.000s)
2026-08-16 23:57:28,813 SpawnProcess-7 INFO transilvania_itw_s0UAMugeynI_full.mp4: encoding clip 9/15 (100.800s to 110.800s)
2026-08-16 23:57:28,950 SpawnProcess-8 INFO transilvania_itw_nvfa6KCpbWY_full.mp4: encoding clip 13/15 (309.800s to 317.000s)
2026-08-16 23:57:29,018 SpawnProcess-14 INFO transilvania_itw_3JU34CNb-dk_0s-440s.mp4: encoding clip 5/15 (367.000s to 377.000s)
2026-08-16 23:57:29,049 SpawnProcess-9 INFO transilvania_itw_ssJhMM1x1OM_60s-300s.mp4: encoding clip 6/13 (2.200s to 12.200s)
2026-08-16 23:57:30,132 SpawnProcess-13 INFO transilvania_itw_truxjdLAE2Q_60s-360s.mp4: encoding clip 6/12 (119.000s to 124.800s)
2026-08-16 23:57:30,995 SpawnProcess-2 INFO transilvania_studio_1EOVZvcZ9UQ_476s-852s.mp4: encoding clip 9/11 (320.200s to 328.800s)
2026-08-16 23:57:32,954 SpawnProcess-4 INFO transilvania_studio_4cx2SvIejsA_full.mp4: encoding clip 6/13 (55.800s to 65.800s)
2026-08-16 23:57:33,951 SpawnProcess-11 INFO transilvania_itw_jdLmQ0hUpHY_0s-540s.mp4: encoding clip 8/15 (344.800s to 350.200s)
2026-08-16 23:57:39,651 SpawnProcess-13 INFO transilvania_itw_truxjdLAE2Q_60s-360s.mp4: encoding clip 7/12 (9.200s to 19.200s)
2026-08-16 23:57:40,163 SpawnProcess-2 INFO transilvania_studio_1EOVZvcZ9UQ_476s-852s.mp4: encoding clip 10/11 (12.200s to 22.200s)
2026-08-16 23:57:43,012 SpawnProcess-11 INFO transilvania_itw_jdLmQ0hUpHY_0s-540s.mp4: encoding clip 9/15 (528.800s to 538.800s)
2026-08-16 23:57:43,980 SpawnProcess-8 INFO transilvania_itw_nvfa6KCpbWY_full.mp4: encoding clip 14/15 (202.200s to 208.000s)
2026-08-16 23:57:45,764 SpawnProcess-4 INFO transilvania_studio_4cx2SvIejsA_full.mp4: encoding clip 7/13 (137.800s to 147.800s)
2026-08-16 23:57:45,887 SpawnProcess-9 INFO transilvania_itw_ssJhMM1x1OM_60s-300s.mp4: encoding clip 7/13 (119.800s to 129.800s)
2026-08-16 23:57:48,774 SpawnProcess-2 INFO transilvania_studio_1EOVZvcZ9UQ_476s-852s.mp4: encoding clip 11/11 (2.200s to 12.200s)
2026-08-16 23:57:54,646 SpawnProcess-7 INFO transilvania_itw_s0UAMugeynI_full.mp4: encoding clip 10/15 (117.800s to 124.400s)
2026-08-16 23:57:55,275 SpawnProcess-8 INFO transilvania_itw_nvfa6KCpbWY_full.mp4: encoding clip 15/15 (20.200s to 30.000s)
2026-08-16 23:57:56,248 SpawnProcess-2 INFO transilvania_studio_1EOVZvcZ9UQ_476s-852s.mp4: completed
2026-08-16 23:57:56,270 SpawnProcess-2 INFO Loading detection cache: ../videos_detections/transilvania_studio_LMLurQdho7s_full/detections.json
2026-08-16 23:57:56,804 SpawnProcess-2 INFO transilvania_studio_LMLurQdho7s_full.mp4: duration=150.3s, samples=752, tracks=3
2026-08-16 23:57:57,259 SpawnProcess-13 INFO transilvania_itw_truxjdLAE2Q_60s-360s.mp4: encoding clip 8/12 (63.400s to 73.400s)
2026-08-16 23:57:59,901 SpawnProcess-11 INFO transilvania_itw_jdLmQ0hUpHY_0s-540s.mp4: encoding clip 10/15 (488.000s to 498.000s)
2026-08-16 23:58:00,701 SpawnProcess-4 INFO transilvania_studio_4cx2SvIejsA_full.mp4: encoding clip 8/13 (127.800s to 137.800s)
2026-08-16 23:58:01,439 SpawnProcess-2 INFO transilvania_studio_LMLurQdho7s_full.mp4: VAD found 8 speech intervals
2026-08-16 23:58:02,312 SpawnProcess-9 INFO transilvania_itw_ssJhMM1x1OM_60s-300s.mp4: encoding clip 8/13 (56.200s to 61.600s)
2026-08-16 23:58:11,066 SpawnProcess-7 INFO transilvania_itw_s0UAMugeynI_full.mp4: encoding clip 11/15 (97.800s to 107.800s)
2026-08-16 23:58:11,932 SpawnProcess-1 INFO transilvania_itw_sLKXBRxosSU_1168s-1612s.mp4: selected 15 clips
2026-08-16 23:58:11,948 SpawnProcess-1 INFO transilvania_itw_sLKXBRxosSU_1168s-1612s.mp4: encoding clip 1/15 (392.800s to 402.800s)
2026-08-16 23:58:13,027 SpawnProcess-13 INFO transilvania_itw_truxjdLAE2Q_60s-360s.mp4: encoding clip 9/12 (41.000s to 47.200s)
2026-08-16 23:58:13,628 SpawnProcess-14 INFO transilvania_itw_3JU34CNb-dk_0s-440s.mp4: encoding clip 6/15 (430.600s to 436.800s)
2026-08-16 23:58:13,974 SpawnProcess-8 INFO transilvania_itw_nvfa6KCpbWY_full.mp4: completed
2026-08-16 23:58:13,985 SpawnProcess-8 INFO Loading detection cache: ../videos_detections/transilvania_studio_NXK1QUgf7Hg_68s-337s/detections.json
2026-08-16 23:58:14,451 SpawnProcess-8 INFO transilvania_studio_NXK1QUgf7Hg_68s-337s.mp4: duration=269.0s, samples=1345, tracks=17
2026-08-16 23:58:15,902 SpawnProcess-9 INFO transilvania_itw_ssJhMM1x1OM_60s-300s.mp4: encoding clip 9/13 (30.600s to 39.600s)
2026-08-16 23:58:17,133 SpawnProcess-4 INFO transilvania_studio_4cx2SvIejsA_full.mp4: encoding clip 9/13 (82.800s to 92.800s)
2026-08-16 23:58:17,726 SpawnProcess-11 INFO transilvania_itw_jdLmQ0hUpHY_0s-540s.mp4: encoding clip 11/15 (283.800s to 293.800s)
2026-08-16 23:58:20,093 SpawnProcess-8 INFO transilvania_studio_NXK1QUgf7Hg_68s-337s.mp4: VAD found 19 speech intervals
2026-08-16 23:58:24,206 SpawnProcess-1 INFO transilvania_itw_sLKXBRxosSU_1168s-1612s.mp4: encoding clip 2/15 (110.000s to 120.000s)
2026-08-16 23:58:25,115 SpawnProcess-13 INFO transilvania_itw_truxjdLAE2Q_60s-360s.mp4: encoding clip 10/12 (28.400s to 34.800s)
2026-08-16 23:58:28,399 SpawnProcess-15 INFO transilvania_studio_9p2CkNVw6j0_60s-339s.mp4: selected 0 clips
2026-08-16 23:58:28,402 SpawnProcess-15 INFO transilvania_studio_9p2CkNVw6j0_60s-339s.mp4: zero-clip diagnostics: {'total_samples': 1748, 'talking_samples': 602, 'longest_run_seconds': 23.0, 'eligible_talking_windows': 14, 'presence_rejected': 0, 'cut_rejected': 4, 'face_rejected': 10, 'speech_rejected': 0}
2026-08-16 23:58:28,407 SpawnProcess-15 INFO transilvania_studio_9p2CkNVw6j0_60s-339s.mp4: completed
2026-08-16 23:58:28,418 SpawnProcess-15 INFO Loading detection cache: ../videos_detections/transilvania_studio_QIfESVsMWRU_full/detections.json
2026-08-16 23:58:29,218 SpawnProcess-15 INFO transilvania_studio_QIfESVsMWRU_full.mp4: duration=98.2s, samples=491, tracks=1
2026-08-16 23:58:31,217 SpawnProcess-7 INFO transilvania_itw_s0UAMugeynI_full.mp4: encoding clip 12/15 (81.800s to 90.800s)
2026-08-16 23:58:31,455 SpawnProcess-9 INFO transilvania_itw_ssJhMM1x1OM_60s-300s.mp4: encoding clip 10/13 (20.600s to 30.600s)
2026-08-16 23:58:31,471 SpawnProcess-4 INFO transilvania_studio_4cx2SvIejsA_full.mp4: encoding clip 10/13 (92.800s to 102.800s)
2026-08-16 23:58:32,411 SpawnProcess-15 INFO transilvania_studio_QIfESVsMWRU_full.mp4: VAD found 31 speech intervals
2026-08-16 23:58:34,401 SpawnProcess-11 INFO transilvania_itw_jdLmQ0hUpHY_0s-540s.mp4: encoding clip 12/15 (520.000s to 527.200s)
2026-08-16 23:58:36,658 SpawnProcess-13 INFO transilvania_itw_truxjdLAE2Q_60s-360s.mp4: encoding clip 11/12 (231.600s to 236.600s)
2026-08-16 23:58:37,792 SpawnProcess-1 INFO transilvania_itw_sLKXBRxosSU_1168s-1612s.mp4: encoding clip 3/15 (409.800s to 416.000s)
2026-08-16 23:58:44,372 SpawnProcess-4 INFO transilvania_studio_4cx2SvIejsA_full.mp4: encoding clip 11/13 (45.800s to 55.800s)
2026-08-16 23:58:45,424 SpawnProcess-14 INFO transilvania_itw_3JU34CNb-dk_0s-440s.mp4: encoding clip 7/15 (394.600s to 403.000s)
2026-08-16 23:58:46,569 SpawnProcess-1 INFO transilvania_itw_sLKXBRxosSU_1168s-1612s.mp4: encoding clip 4/15 (160.600s to 169.000s)
2026-08-16 23:58:46,597 SpawnProcess-13 INFO transilvania_itw_truxjdLAE2Q_60s-360s.mp4: encoding clip 12/12 (49.000s to 55.200s)
2026-08-16 23:58:48,730 SpawnProcess-11 INFO transilvania_itw_jdLmQ0hUpHY_0s-540s.mp4: encoding clip 13/15 (459.400s to 466.000s)
2026-08-16 23:58:50,167 SpawnProcess-9 INFO transilvania_itw_ssJhMM1x1OM_60s-300s.mp4: encoding clip 11/13 (14.000s to 19.600s)
2026-08-16 23:58:51,673 SpawnProcess-7 INFO transilvania_itw_s0UAMugeynI_full.mp4: encoding clip 13/15 (40.800s to 50.800s)
2026-08-16 23:58:56,425 SpawnProcess-4 INFO transilvania_studio_4cx2SvIejsA_full.mp4: encoding clip 12/13 (28.000s to 34.000s)
2026-08-16 23:58:56,672 SpawnProcess-13 INFO transilvania_itw_truxjdLAE2Q_60s-360s.mp4: completed
2026-08-16 23:58:56,691 SpawnProcess-13 INFO Loading detection cache: ../videos_detections/transilvania_studio_QgPGP6Dubx4_15s-190s/detections.json
2026-08-16 23:58:57,403 SpawnProcess-13 INFO transilvania_studio_QgPGP6Dubx4_15s-190s.mp4: duration=175.0s, samples=876, tracks=1
2026-08-16 23:58:59,451 SpawnProcess-1 INFO transilvania_itw_sLKXBRxosSU_1168s-1612s.mp4: encoding clip 5/15 (84.800s to 94.800s)
2026-08-16 23:59:00,344 SpawnProcess-11 INFO transilvania_itw_jdLmQ0hUpHY_0s-540s.mp4: encoding clip 14/15 (391.200s to 401.200s)
2026-08-16 23:59:00,928 SpawnProcess-9 INFO transilvania_itw_ssJhMM1x1OM_60s-300s.mp4: encoding clip 12/13 (40.600s to 46.200s)
2026-08-16 23:59:01,640 SpawnProcess-13 INFO transilvania_studio_QgPGP6Dubx4_15s-190s.mp4: VAD found 2 speech intervals
2026-08-16 23:59:05,110 SpawnProcess-4 INFO transilvania_studio_4cx2SvIejsA_full.mp4: encoding clip 13/13 (102.800s to 111.000s)
2026-08-16 23:59:13,707 SpawnProcess-1 INFO transilvania_itw_sLKXBRxosSU_1168s-1612s.mp4: encoding clip 6/15 (120.000s to 126.400s)
2026-08-16 23:59:14,193 SpawnProcess-9 INFO transilvania_itw_ssJhMM1x1OM_60s-300s.mp4: encoding clip 13/13 (149.000s to 154.200s)
2026-08-16 23:59:15,173 SpawnProcess-7 INFO transilvania_itw_s0UAMugeynI_full.mp4: encoding clip 14/15 (107.800s to 117.800s)
2026-08-16 23:59:16,074 SpawnProcess-4 INFO transilvania_studio_4cx2SvIejsA_full.mp4: completed
2026-08-16 23:59:16,089 SpawnProcess-4 INFO Loading detection cache: ../videos_detections/transilvania_studio_QgPGP6Dubx4_193s-347s/detections.json
2026-08-16 23:59:16,909 SpawnProcess-4 INFO transilvania_studio_QgPGP6Dubx4_193s-347s.mp4: duration=154.2s, samples=771, tracks=1
2026-08-16 23:59:17,261 SpawnProcess-11 INFO transilvania_itw_jdLmQ0hUpHY_0s-540s.mp4: encoding clip 15/15 (101.400s to 107.200s)
2026-08-16 23:59:21,014 SpawnProcess-1 INFO transilvania_itw_sLKXBRxosSU_1168s-1612s.mp4: encoding clip 7/15 (42.000s to 48.000s)
2026-08-16 23:59:21,827 SpawnProcess-4 INFO transilvania_studio_QgPGP6Dubx4_193s-347s.mp4: VAD found 3 speech intervals
2026-08-16 23:59:22,192 SpawnProcess-14 INFO transilvania_itw_3JU34CNb-dk_0s-440s.mp4: encoding clip 8/15 (298.600s to 308.600s)
2026-08-16 23:59:25,433 SpawnProcess-9 INFO transilvania_itw_ssJhMM1x1OM_60s-300s.mp4: completed
2026-08-16 23:59:25,443 SpawnProcess-9 INFO Loading detection cache: ../videos_detections/transilvania_studio_Stt078BrPfg_1170s-1374s/detections.json
2026-08-16 23:59:26,830 SpawnProcess-9 INFO transilvania_studio_Stt078BrPfg_1170s-1374s.mp4: duration=204.1s, samples=1021, tracks=7
2026-08-16 23:59:28,851 SpawnProcess-11 INFO transilvania_itw_jdLmQ0hUpHY_0s-540s.mp4: completed
2026-08-16 23:59:28,861 SpawnProcess-11 INFO Loading detection cache: ../videos_detections/transilvania_studio_UJV5NAsA7LI_187s-500s/detections.json
2026-08-16 23:59:29,399 SpawnProcess-11 INFO transilvania_studio_UJV5NAsA7LI_187s-500s.mp4: duration=313.0s, samples=1565, tracks=1
2026-08-16 23:59:29,441 SpawnProcess-1 INFO transilvania_itw_sLKXBRxosSU_1168s-1612s.mp4: encoding clip 8/15 (22.000s to 32.000s)
2026-08-16 23:59:31,437 SpawnProcess-9 INFO transilvania_studio_Stt078BrPfg_1170s-1374s.mp4: VAD found 16 speech intervals
2026-08-16 23:59:34,937 SpawnProcess-11 INFO transilvania_studio_UJV5NAsA7LI_187s-500s.mp4: VAD found 60 speech intervals
2026-08-16 23:59:37,568 SpawnProcess-7 INFO transilvania_itw_s0UAMugeynI_full.mp4: encoding clip 15/15 (125.800s to 135.800s)
2026-08-16 23:59:37,678 SpawnProcess-15 INFO transilvania_studio_QIfESVsMWRU_full.mp4: selected 8 clips
2026-08-16 23:59:37,681 SpawnProcess-15 INFO transilvania_studio_QIfESVsMWRU_full.mp4: encoding clip 1/8 (56.800s to 63.000s)
2026-08-16 23:59:42,001 SpawnProcess-1 INFO transilvania_itw_sLKXBRxosSU_1168s-1612s.mp4: encoding clip 9/15 (362.800s to 372.800s)
2026-08-16 23:59:45,540 SpawnProcess-15 INFO transilvania_studio_QIfESVsMWRU_full.mp4: encoding clip 2/8 (3.800s to 13.800s)
2026-08-16 23:59:46,701 SpawnProcess-2 INFO transilvania_studio_LMLurQdho7s_full.mp4: selected 5 clips
2026-08-16 23:59:46,717 SpawnProcess-2 INFO transilvania_studio_LMLurQdho7s_full.mp4: encoding clip 1/5 (111.800s to 121.800s)
2026-08-16 23:59:54,357 SpawnProcess-1 INFO transilvania_itw_sLKXBRxosSU_1168s-1612s.mp4: encoding clip 10/15 (65.800s to 73.000s)
2026-08-16 23:59:57,618 SpawnProcess-15 INFO transilvania_studio_QIfESVsMWRU_full.mp4: encoding clip 3/8 (79.800s to 88.800s)
2026-08-16 23:59:58,998 SpawnProcess-2 INFO transilvania_studio_LMLurQdho7s_full.mp4: encoding clip 2/5 (121.800s to 129.200s)
2026-08-17 00:00:00,215 SpawnProcess-7 INFO transilvania_itw_s0UAMugeynI_full.mp4: completed
2026-08-17 00:00:00,234 SpawnProcess-7 INFO Loading detection cache: ../videos_detections/transilvania_studio_W39xQ5g1dMA_full/detections.json
2026-08-17 00:00:00,829 SpawnProcess-7 INFO transilvania_studio_W39xQ5g1dMA_full.mp4: duration=111.7s, samples=559, tracks=2
2026-08-17 00:00:03,856 SpawnProcess-7 INFO transilvania_studio_W39xQ5g1dMA_full.mp4: VAD found 5 speech intervals
2026-08-17 00:00:05,506 SpawnProcess-1 INFO transilvania_itw_sLKXBRxosSU_1168s-1612s.mp4: encoding clip 11/15 (74.800s to 84.800s)
2026-08-17 00:00:06,093 SpawnProcess-12 INFO transilvania_studio_COtnnOZ5qOI_0s-395s.mp4: selected 9 clips
2026-08-17 00:00:06,099 SpawnProcess-12 INFO transilvania_studio_COtnnOZ5qOI_0s-395s.mp4: encoding clip 1/9 (349.600s to 359.600s)
2026-08-17 00:00:08,169 SpawnProcess-2 INFO transilvania_studio_LMLurQdho7s_full.mp4: encoding clip 3/5 (92.200s to 102.200s)
2026-08-17 00:00:08,467 SpawnProcess-14 INFO transilvania_itw_3JU34CNb-dk_0s-440s.mp4: encoding clip 9/15 (218.600s to 228.600s)
2026-08-17 00:00:08,803 SpawnProcess-15 INFO transilvania_studio_QIfESVsMWRU_full.mp4: encoding clip 4/8 (45.800s to 51.000s)
2026-08-17 00:00:16,671 SpawnProcess-1 INFO transilvania_itw_sLKXBRxosSU_1168s-1612s.mp4: encoding clip 12/15 (12.000s to 22.000s)
2026-08-17 00:00:17,271 SpawnProcess-15 INFO transilvania_studio_QIfESVsMWRU_full.mp4: encoding clip 5/8 (64.800s to 74.800s)
2026-08-17 00:00:19,867 SpawnProcess-12 INFO transilvania_studio_COtnnOZ5qOI_0s-395s.mp4: encoding clip 2/9 (369.600s to 378.000s)
2026-08-17 00:00:22,439 SpawnProcess-2 INFO transilvania_studio_LMLurQdho7s_full.mp4: encoding clip 4/5 (43.600s to 53.600s)
2026-08-17 00:00:29,562 SpawnProcess-1 INFO transilvania_itw_sLKXBRxosSU_1168s-1612s.mp4: encoding clip 13/15 (100.000s to 110.000s)
2026-08-17 00:00:32,121 SpawnProcess-12 INFO transilvania_studio_COtnnOZ5qOI_0s-395s.mp4: encoding clip 3/9 (129.600s to 136.600s)
2026-08-17 00:00:32,880 SpawnProcess-15 INFO transilvania_studio_QIfESVsMWRU_full.mp4: encoding clip 6/8 (23.800s to 33.800s)
2026-08-17 00:00:36,650 SpawnProcess-2 INFO transilvania_studio_LMLurQdho7s_full.mp4: encoding clip 5/5 (67.600s to 74.600s)
2026-08-17 00:00:44,148 SpawnProcess-12 INFO transilvania_studio_COtnnOZ5qOI_0s-395s.mp4: encoding clip 4/9 (301.600s to 308.800s)
2026-08-17 00:00:44,290 SpawnProcess-1 INFO transilvania_itw_sLKXBRxosSU_1168s-1612s.mp4: encoding clip 14/15 (206.800s to 216.800s)
2026-08-17 00:00:47,437 SpawnProcess-15 INFO transilvania_studio_QIfESVsMWRU_full.mp4: encoding clip 7/8 (13.800s to 23.800s)
2026-08-17 00:00:48,298 SpawnProcess-2 INFO transilvania_studio_LMLurQdho7s_full.mp4: completed
2026-08-17 00:00:48,340 SpawnProcess-2 INFO Loading detection cache: ../videos_detections/transilvania_studio_WSJHhbvI_2U_0s-398s/detections.json
2026-08-17 00:00:48,998 SpawnProcess-2 INFO transilvania_studio_WSJHhbvI_2U_0s-398s.mp4: duration=398.0s, samples=1991, tracks=1
2026-08-17 00:00:55,638 SpawnProcess-14 INFO transilvania_itw_3JU34CNb-dk_0s-440s.mp4: encoding clip 10/15 (73.400s to 80.400s)
2026-08-17 00:00:58,059 SpawnProcess-12 INFO transilvania_studio_COtnnOZ5qOI_0s-395s.mp4: encoding clip 5/9 (359.600s to 369.600s)
2026-08-17 00:00:58,393 SpawnProcess-1 INFO transilvania_itw_sLKXBRxosSU_1168s-1612s.mp4: encoding clip 15/15 (32.000s to 42.000s)
2026-08-17 00:00:58,789 SpawnProcess-15 INFO transilvania_studio_QIfESVsMWRU_full.mp4: encoding clip 8/8 (33.800s to 40.400s)
2026-08-17 00:00:59,647 SpawnProcess-6 INFO transilvania_studio_35aFpC6zxgI_90s-616s.mp4: selected 15 clips
2026-08-17 00:00:59,649 SpawnProcess-6 INFO transilvania_studio_35aFpC6zxgI_90s-616s.mp4: encoding clip 1/15 (388.600s to 398.600s)
2026-08-17 00:01:00,357 SpawnProcess-2 INFO transilvania_studio_WSJHhbvI_2U_0s-398s.mp4: VAD found 70 speech intervals
2026-08-17 00:01:07,852 SpawnProcess-15 INFO transilvania_studio_QIfESVsMWRU_full.mp4: completed
2026-08-17 00:01:07,865 SpawnProcess-15 INFO Loading detection cache: ../videos_detections/transilvania_studio_WxF_L02k6EU_66s-394s/detections.json
2026-08-17 00:01:08,809 SpawnProcess-15 INFO transilvania_studio_WxF_L02k6EU_66s-394s.mp4: duration=313.7s, samples=1569, tracks=318
2026-08-17 00:01:12,056 SpawnProcess-1 INFO transilvania_itw_sLKXBRxosSU_1168s-1612s.mp4: completed
2026-08-17 00:01:12,076 SpawnProcess-1 INFO Loading detection cache: ../videos_detections/transilvania_studio_X4yGHCCGRcI_0s-525s/detections.json
2026-08-17 00:01:12,472 SpawnProcess-13 INFO transilvania_studio_QgPGP6Dubx4_15s-190s.mp4: selected 15 clips
2026-08-17 00:01:12,473 SpawnProcess-13 INFO transilvania_studio_QgPGP6Dubx4_15s-190s.mp4: encoding clip 1/15 (128.800s to 138.800s)
2026-08-17 00:01:13,000 SpawnProcess-12 INFO transilvania_studio_COtnnOZ5qOI_0s-395s.mp4: encoding clip 6/9 (158.200s to 163.200s)
2026-08-17 00:01:13,133 SpawnProcess-1 INFO transilvania_studio_X4yGHCCGRcI_0s-525s.mp4: duration=525.0s, samples=2626, tracks=42
2026-08-17 00:01:14,804 SpawnProcess-7 INFO transilvania_studio_W39xQ5g1dMA_full.mp4: selected 5 clips
2026-08-17 00:01:14,808 SpawnProcess-7 INFO transilvania_studio_W39xQ5g1dMA_full.mp4: encoding clip 1/5 (70.000s to 80.000s)
2026-08-17 00:01:14,926 SpawnProcess-6 INFO transilvania_studio_35aFpC6zxgI_90s-616s.mp4: encoding clip 2/15 (33.400s to 43.400s)
2026-08-17 00:01:15,886 SpawnProcess-15 INFO transilvania_studio_WxF_L02k6EU_66s-394s.mp4: VAD found 5 speech intervals
2026-08-17 00:01:20,686 SpawnProcess-10 INFO transilvania_studio_KSj3S2OT5-U_35s-548s.mp4: selected 15 clips
2026-08-17 00:01:20,693 SpawnProcess-10 INFO transilvania_studio_KSj3S2OT5-U_35s-548s.mp4: encoding clip 1/15 (271.800s to 281.800s)
2026-08-17 00:01:21,845 SpawnProcess-12 INFO transilvania_studio_COtnnOZ5qOI_0s-395s.mp4: encoding clip 7/9 (140.000s to 150.000s)
2026-08-17 00:01:26,115 SpawnProcess-1 INFO transilvania_studio_X4yGHCCGRcI_0s-525s.mp4: VAD found 105 speech intervals
2026-08-17 00:01:26,647 SpawnProcess-4 INFO transilvania_studio_QgPGP6Dubx4_193s-347s.mp4: selected 15 clips
2026-08-17 00:01:26,657 SpawnProcess-4 INFO transilvania_studio_QgPGP6Dubx4_193s-347s.mp4: encoding clip 1/15 (146.800s to 154.200s)
2026-08-17 00:01:26,759 SpawnProcess-14 INFO transilvania_itw_3JU34CNb-dk_0s-440s.mp4: encoding clip 11/15 (104.600s to 110.400s)
2026-08-17 00:01:27,162 SpawnProcess-13 INFO transilvania_studio_QgPGP6Dubx4_15s-190s.mp4: encoding clip 2/15 (20.200s to 30.200s)
2026-08-17 00:01:28,871 SpawnProcess-7 INFO transilvania_studio_W39xQ5g1dMA_full.mp4: encoding clip 2/5 (80.000s to 90.000s)
2026-08-17 00:01:29,973 SpawnProcess-10 INFO transilvania_studio_KSj3S2OT5-U_35s-548s.mp4: encoding clip 2/15 (252.200s to 259.400s)
2026-08-17 00:01:30,092 SpawnProcess-6 INFO transilvania_studio_35aFpC6zxgI_90s-616s.mp4: encoding clip 3/15 (272.400s to 282.400s)
2026-08-17 00:01:34,694 SpawnProcess-12 INFO transilvania_studio_COtnnOZ5qOI_0s-395s.mp4: encoding clip 8/9 (379.800s to 389.800s)
2026-08-17 00:01:36,670 SpawnProcess-4 INFO transilvania_studio_QgPGP6Dubx4_193s-347s.mp4: encoding clip 2/15 (36.800s to 46.800s)
2026-08-17 00:01:36,737 SpawnProcess-10 INFO transilvania_studio_KSj3S2OT5-U_35s-548s.mp4: encoding clip 3/15 (208.800s to 218.800s)
2026-08-17 00:01:41,189 SpawnProcess-13 INFO transilvania_studio_QgPGP6Dubx4_15s-190s.mp4: encoding clip 3/15 (80.200s to 90.200s)
2026-08-17 00:01:44,154 SpawnProcess-7 INFO transilvania_studio_W39xQ5g1dMA_full.mp4: encoding clip 3/5 (39.800s to 49.800s)
2026-08-17 00:01:46,063 SpawnProcess-16 INFO transilvania_studio_COtnnOZ5qOI_902s-1387s.mp4: selected 7 clips
2026-08-17 00:01:46,066 SpawnProcess-16 INFO transilvania_studio_COtnnOZ5qOI_902s-1387s.mp4: encoding clip 1/7 (342.800s to 349.800s)
2026-08-17 00:01:46,682 SpawnProcess-6 INFO transilvania_studio_35aFpC6zxgI_90s-616s.mp4: encoding clip 4/15 (307.400s to 316.800s)
2026-08-17 00:01:49,185 SpawnProcess-10 INFO transilvania_studio_KSj3S2OT5-U_35s-548s.mp4: encoding clip 4/15 (128.600s to 138.600s)
2026-08-17 00:01:50,125 SpawnProcess-8 INFO transilvania_studio_NXK1QUgf7Hg_68s-337s.mp4: selected 15 clips
2026-08-17 00:01:50,127 SpawnProcess-8 INFO transilvania_studio_NXK1QUgf7Hg_68s-337s.mp4: encoding clip 1/15 (211.000s to 216.000s)
2026-08-17 00:01:52,053 SpawnProcess-12 INFO transilvania_studio_COtnnOZ5qOI_0s-395s.mp4: encoding clip 9/9 (389.800s to 395.000s)
2026-08-17 00:01:52,214 SpawnProcess-3 INFO transilvania_studio_DLyupW8QYTY_610s-1111s.mp4: selected 15 clips
2026-08-17 00:01:52,217 SpawnProcess-3 INFO transilvania_studio_DLyupW8QYTY_610s-1111s.mp4: encoding clip 1/15 (48.400s to 58.400s)
2026-08-17 00:01:55,505 SpawnProcess-4 INFO transilvania_studio_QgPGP6Dubx4_193s-347s.mp4: encoding clip 3/15 (66.800s to 76.800s)
2026-08-17 00:01:56,024 SpawnProcess-13 INFO transilvania_studio_QgPGP6Dubx4_15s-190s.mp4: encoding clip 4/15 (169.800s to 175.200s)
2026-08-17 00:01:56,187 SpawnProcess-14 INFO transilvania_itw_3JU34CNb-dk_0s-440s.mp4: encoding clip 12/15 (15.400s to 25.400s)
2026-08-17 00:01:57,777 SpawnProcess-10 INFO transilvania_studio_KSj3S2OT5-U_35s-548s.mp4: encoding clip 5/15 (62.600s to 72.600s)
2026-08-17 00:01:58,099 SpawnProcess-16 INFO transilvania_studio_COtnnOZ5qOI_902s-1387s.mp4: encoding clip 2/7 (268.400s to 276.000s)
2026-08-17 00:01:58,166 SpawnProcess-7 INFO transilvania_studio_W39xQ5g1dMA_full.mp4: encoding clip 4/5 (49.800s to 59.800s)
2026-08-17 00:01:59,488 SpawnProcess-8 INFO transilvania_studio_NXK1QUgf7Hg_68s-337s.mp4: encoding clip 2/15 (92.200s to 102.200s)
2026-08-17 00:02:01,256 SpawnProcess-12 INFO transilvania_studio_COtnnOZ5qOI_0s-395s.mp4: completed
2026-08-17 00:02:01,272 SpawnProcess-12 INFO Loading detection cache: ../videos_detections/transilvania_studio_XLzbMoA4b5E_83s-282s/detections.json
2026-08-17 00:02:01,801 SpawnProcess-12 INFO transilvania_studio_XLzbMoA4b5E_83s-282s.mp4: duration=199.0s, samples=995, tracks=1
2026-08-17 00:02:03,462 SpawnProcess-6 INFO transilvania_studio_35aFpC6zxgI_90s-616s.mp4: encoding clip 5/15 (103.600s to 109.200s)
2026-08-17 00:02:05,681 SpawnProcess-13 INFO transilvania_studio_QgPGP6Dubx4_15s-190s.mp4: encoding clip 5/15 (100.200s to 110.200s)
2026-08-17 00:02:06,865 SpawnProcess-4 INFO transilvania_studio_QgPGP6Dubx4_193s-347s.mp4: encoding clip 4/15 (56.800s to 66.800s)
2026-08-17 00:02:07,043 SpawnProcess-10 INFO transilvania_studio_KSj3S2OT5-U_35s-548s.mp4: encoding clip 6/15 (242.200s to 252.200s)
2026-08-17 00:02:07,852 SpawnProcess-12 INFO transilvania_studio_XLzbMoA4b5E_83s-282s.mp4: VAD found 26 speech intervals
2026-08-17 00:02:08,102 SpawnProcess-3 INFO transilvania_studio_DLyupW8QYTY_610s-1111s.mp4: encoding clip 2/15 (272.000s to 282.000s)
2026-08-17 00:02:09,274 SpawnProcess-16 INFO transilvania_studio_COtnnOZ5qOI_902s-1387s.mp4: encoding clip 3/7 (309.400s to 314.600s)
2026-08-17 00:02:11,762 SpawnProcess-8 INFO transilvania_studio_NXK1QUgf7Hg_68s-337s.mp4: encoding clip 3/15 (154.600s to 164.600s)
2026-08-17 00:02:14,213 SpawnProcess-7 INFO transilvania_studio_W39xQ5g1dMA_full.mp4: encoding clip 5/5 (90.000s to 100.000s)
2026-08-17 00:02:15,960 SpawnProcess-6 INFO transilvania_studio_35aFpC6zxgI_90s-616s.mp4: encoding clip 6/15 (0.000s to 10.000s)
2026-08-17 00:02:16,421 SpawnProcess-10 INFO transilvania_studio_KSj3S2OT5-U_35s-548s.mp4: encoding clip 7/15 (490.800s to 500.800s)
2026-08-17 00:02:17,745 SpawnProcess-16 INFO transilvania_studio_COtnnOZ5qOI_902s-1387s.mp4: encoding clip 4/7 (240.800s to 246.200s)
2026-08-17 00:02:19,485 SpawnProcess-13 INFO transilvania_studio_QgPGP6Dubx4_15s-190s.mp4: encoding clip 6/15 (10.200s to 20.200s)
2026-08-17 00:02:20,944 SpawnProcess-4 INFO transilvania_studio_QgPGP6Dubx4_193s-347s.mp4: encoding clip 5/15 (136.800s to 146.800s)
2026-08-17 00:02:26,612 SpawnProcess-3 INFO transilvania_studio_DLyupW8QYTY_610s-1111s.mp4: encoding clip 3/15 (58.400s to 68.400s)
2026-08-17 00:02:27,385 SpawnProcess-16 INFO transilvania_studio_COtnnOZ5qOI_902s-1387s.mp4: encoding clip 5/7 (232.800s to 239.800s)
2026-08-17 00:02:27,606 SpawnProcess-10 INFO transilvania_studio_KSj3S2OT5-U_35s-548s.mp4: encoding clip 8/15 (0.000s to 10.000s)
2026-08-17 00:02:28,078 SpawnProcess-8 INFO transilvania_studio_NXK1QUgf7Hg_68s-337s.mp4: encoding clip 4/15 (204.200s to 210.000s)
2026-08-17 00:02:28,623 SpawnProcess-7 INFO transilvania_studio_W39xQ5g1dMA_full.mp4: completed
2026-08-17 00:02:28,630 SpawnProcess-7 INFO Loading detection cache: ../videos_detections/transilvania_studio___posHkHSMg_185s-259s/detections.json
2026-08-17 00:02:29,281 SpawnProcess-7 INFO transilvania_studio___posHkHSMg_185s-259s.mp4: duration=74.1s, samples=371, tracks=1
2026-08-17 00:02:31,557 SpawnProcess-7 INFO transilvania_studio___posHkHSMg_185s-259s.mp4: VAD found 1 speech intervals
2026-08-17 00:02:32,176 SpawnProcess-13 INFO transilvania_studio_QgPGP6Dubx4_15s-190s.mp4: encoding clip 7/15 (30.200s to 40.200s)
2026-08-17 00:02:32,201 SpawnProcess-6 INFO transilvania_studio_35aFpC6zxgI_90s-616s.mp4: encoding clip 7/15 (342.200s to 350.000s)
2026-08-17 00:02:37,074 SpawnProcess-4 INFO transilvania_studio_QgPGP6Dubx4_193s-347s.mp4: encoding clip 6/15 (106.800s to 116.800s)
2026-08-17 00:02:38,397 SpawnProcess-16 INFO transilvania_studio_COtnnOZ5qOI_902s-1387s.mp4: encoding clip 6/7 (63.200s to 71.600s)
2026-08-17 00:02:38,809 SpawnProcess-8 INFO transilvania_studio_NXK1QUgf7Hg_68s-337s.mp4: encoding clip 5/15 (23.400s to 33.400s)
2026-08-17 00:02:40,679 SpawnProcess-10 INFO transilvania_studio_KSj3S2OT5-U_35s-548s.mp4: encoding clip 9/15 (228.800s to 238.800s)
2026-08-17 00:02:41,009 SpawnProcess-14 INFO transilvania_itw_3JU34CNb-dk_0s-440s.mp4: encoding clip 13/15 (147.400s to 157.400s)
2026-08-17 00:02:44,376 SpawnProcess-6 INFO transilvania_studio_35aFpC6zxgI_90s-616s.mp4: encoding clip 8/15 (262.400s to 272.400s)
2026-08-17 00:02:44,520 SpawnProcess-13 INFO transilvania_studio_QgPGP6Dubx4_15s-190s.mp4: encoding clip 8/15 (120.200s to 128.000s)
2026-08-17 00:02:49,921 SpawnProcess-10 INFO transilvania_studio_KSj3S2OT5-U_35s-548s.mp4: encoding clip 10/15 (99.000s to 104.600s)
2026-08-17 00:02:50,058 SpawnProcess-3 INFO transilvania_studio_DLyupW8QYTY_610s-1111s.mp4: encoding clip 4/15 (303.800s to 309.600s)
2026-08-17 00:02:50,257 SpawnProcess-4 INFO transilvania_studio_QgPGP6Dubx4_193s-347s.mp4: encoding clip 7/15 (16.800s to 26.800s)
2026-08-17 00:02:52,711 SpawnProcess-16 INFO transilvania_studio_COtnnOZ5qOI_902s-1387s.mp4: encoding clip 7/7 (130.800s to 136.000s)
2026-08-17 00:02:53,130 SpawnProcess-8 INFO transilvania_studio_NXK1QUgf7Hg_68s-337s.mp4: encoding clip 6/15 (3.400s to 13.400s)
2026-08-17 00:02:54,104 SpawnProcess-13 INFO transilvania_studio_QgPGP6Dubx4_15s-190s.mp4: encoding clip 9/15 (90.200s to 100.200s)
2026-08-17 00:02:55,074 SpawnProcess-10 INFO transilvania_studio_KSj3S2OT5-U_35s-548s.mp4: encoding clip 11/15 (500.800s to 510.800s)
2026-08-17 00:02:59,002 SpawnProcess-3 INFO transilvania_studio_DLyupW8QYTY_610s-1111s.mp4: encoding clip 5/15 (370.800s to 377.800s)
2026-08-17 00:02:59,248 SpawnProcess-6 INFO transilvania_studio_35aFpC6zxgI_90s-616s.mp4: encoding clip 9/15 (398.600s to 408.600s)
2026-08-17 00:03:01,795 SpawnProcess-16 INFO transilvania_studio_COtnnOZ5qOI_902s-1387s.mp4: completed
2026-08-17 00:03:01,810 SpawnProcess-16 INFO Loading detection cache: ../videos_detections/transilvania_studio___posHkHSMg_96s-180s/detections.json
2026-08-17 00:03:02,231 SpawnProcess-16 INFO transilvania_studio___posHkHSMg_96s-180s.mp4: duration=84.0s, samples=421, tracks=1
2026-08-17 00:03:04,611 SpawnProcess-16 INFO transilvania_studio___posHkHSMg_96s-180s.mp4: VAD found 3 speech intervals
2026-08-17 00:03:05,813 SpawnProcess-4 INFO transilvania_studio_QgPGP6Dubx4_193s-347s.mp4: encoding clip 8/15 (126.800s to 136.800s)
2026-08-17 00:03:06,196 SpawnProcess-8 INFO transilvania_studio_NXK1QUgf7Hg_68s-337s.mp4: encoding clip 7/15 (106.600s to 116.600s)
2026-08-17 00:03:06,847 SpawnProcess-10 INFO transilvania_studio_KSj3S2OT5-U_35s-548s.mp4: encoding clip 12/15 (109.800s to 119.800s)
2026-08-17 00:03:08,566 SpawnProcess-13 INFO transilvania_studio_QgPGP6Dubx4_15s-190s.mp4: encoding clip 10/15 (50.200s to 60.200s)
2026-08-17 00:03:10,442 SpawnProcess-3 INFO transilvania_studio_DLyupW8QYTY_610s-1111s.mp4: encoding clip 6/15 (394.800s to 403.600s)
2026-08-17 00:03:15,667 SpawnProcess-6 INFO transilvania_studio_35aFpC6zxgI_90s-616s.mp4: encoding clip 10/15 (231.000s to 237.000s)
2026-08-17 00:03:18,112 SpawnProcess-10 INFO transilvania_studio_KSj3S2OT5-U_35s-548s.mp4: encoding clip 13/15 (319.200s to 329.200s)
2026-08-17 00:03:18,997 SpawnProcess-4 INFO transilvania_studio_QgPGP6Dubx4_193s-347s.mp4: encoding clip 9/15 (96.800s to 106.800s)
2026-08-17 00:03:21,240 SpawnProcess-13 INFO transilvania_studio_QgPGP6Dubx4_15s-190s.mp4: encoding clip 11/15 (60.200s to 70.200s)
2026-08-17 00:03:22,823 SpawnProcess-11 INFO transilvania_studio_UJV5NAsA7LI_187s-500s.mp4: selected 15 clips
2026-08-17 00:03:22,825 SpawnProcess-11 INFO transilvania_studio_UJV5NAsA7LI_187s-500s.mp4: encoding clip 1/15 (128.800s to 138.800s)
2026-08-17 00:03:24,232 SpawnProcess-6 INFO transilvania_studio_35aFpC6zxgI_90s-616s.mp4: encoding clip 11/15 (300.000s to 305.800s)
2026-08-17 00:03:24,598 SpawnProcess-8 INFO transilvania_studio_NXK1QUgf7Hg_68s-337s.mp4: encoding clip 8/15 (13.400s to 23.400s)
2026-08-17 00:03:24,661 SpawnProcess-10 INFO transilvania_studio_KSj3S2OT5-U_35s-548s.mp4: encoding clip 14/15 (20.000s to 30.000s)
2026-08-17 00:03:26,752 SpawnProcess-15 INFO transilvania_studio_WxF_L02k6EU_66s-394s.mp4: selected 6 clips
2026-08-17 00:03:26,754 SpawnProcess-15 INFO transilvania_studio_WxF_L02k6EU_66s-394s.mp4: encoding clip 1/6 (41.600s to 51.600s)
2026-08-17 00:03:28,534 SpawnProcess-3 INFO transilvania_studio_DLyupW8QYTY_610s-1111s.mp4: encoding clip 7/15 (27.800s to 37.800s)
2026-08-17 00:03:29,428 SpawnProcess-14 INFO transilvania_itw_3JU34CNb-dk_0s-440s.mp4: encoding clip 14/15 (277.000s to 287.000s)
2026-08-17 00:03:33,669 SpawnProcess-10 INFO transilvania_studio_KSj3S2OT5-U_35s-548s.mp4: encoding clip 15/15 (30.000s to 40.000s)
2026-08-17 00:03:34,327 SpawnProcess-6 INFO transilvania_studio_35aFpC6zxgI_90s-616s.mp4: encoding clip 12/15 (332.200s to 342.200s)
2026-08-17 00:03:34,347 SpawnProcess-13 INFO transilvania_studio_QgPGP6Dubx4_15s-190s.mp4: encoding clip 12/15 (0.200s to 10.200s)
2026-08-17 00:03:35,002 SpawnProcess-11 INFO transilvania_studio_UJV5NAsA7LI_187s-500s.mp4: encoding clip 2/15 (51.800s to 59.000s)
2026-08-17 00:03:35,308 SpawnProcess-4 INFO transilvania_studio_QgPGP6Dubx4_193s-347s.mp4: encoding clip 10/15 (116.800s to 126.800s)
2026-08-17 00:03:36,000 SpawnProcess-7 INFO transilvania_studio___posHkHSMg_185s-259s.mp4: selected 6 clips
2026-08-17 00:03:36,005 SpawnProcess-7 INFO transilvania_studio___posHkHSMg_185s-259s.mp4: encoding clip 1/6 (40.600s to 45.600s)
2026-08-17 00:03:37,199 SpawnProcess-15 INFO transilvania_studio_WxF_L02k6EU_66s-394s.mp4: encoding clip 2/6 (61.600s to 71.600s)
2026-08-17 00:03:43,482 SpawnProcess-3 INFO transilvania_studio_DLyupW8QYTY_610s-1111s.mp4: encoding clip 8/15 (335.000s to 345.000s)
2026-08-17 00:03:44,144 SpawnProcess-10 INFO transilvania_studio_KSj3S2OT5-U_35s-548s.mp4: completed
2026-08-17 00:03:44,155 SpawnProcess-10 INFO Loading detection cache: ../videos_detections/transilvania_studio___posHkHSMg_9s-93s/detections.json
2026-08-17 00:03:44,606 SpawnProcess-10 INFO transilvania_studio___posHkHSMg_9s-93s.mp4: duration=84.1s, samples=421, tracks=4
2026-08-17 00:03:45,228 SpawnProcess-8 INFO transilvania_studio_NXK1QUgf7Hg_68s-337s.mp4: encoding clip 9/15 (179.400s to 189.400s)
2026-08-17 00:03:46,540 SpawnProcess-10 INFO transilvania_studio___posHkHSMg_9s-93s.mp4: VAD found 7 speech intervals
2026-08-17 00:03:46,894 SpawnProcess-11 INFO transilvania_studio_UJV5NAsA7LI_187s-500s.mp4: encoding clip 3/15 (267.600s to 277.600s)
2026-08-17 00:03:48,864 SpawnProcess-9 INFO transilvania_studio_Stt078BrPfg_1170s-1374s.mp4: selected 15 clips
2026-08-17 00:03:48,869 SpawnProcess-9 INFO transilvania_studio_Stt078BrPfg_1170s-1374s.mp4: encoding clip 1/15 (199.000s to 204.000s)
2026-08-17 00:03:48,900 SpawnProcess-15 INFO transilvania_studio_WxF_L02k6EU_66s-394s.mp4: encoding clip 3/6 (126.800s to 136.800s)
2026-08-17 00:03:49,212 SpawnProcess-7 INFO transilvania_studio___posHkHSMg_185s-259s.mp4: encoding clip 2/6 (13.000s to 18.000s)
2026-08-17 00:03:49,818 SpawnProcess-13 INFO transilvania_studio_QgPGP6Dubx4_15s-190s.mp4: encoding clip 13/15 (138.800s to 148.800s)
2026-08-17 00:03:50,387 SpawnProcess-4 INFO transilvania_studio_QgPGP6Dubx4_193s-347s.mp4: encoding clip 11/15 (46.800s to 56.800s)
2026-08-17 00:03:52,135 SpawnProcess-6 INFO transilvania_studio_35aFpC6zxgI_90s-616s.mp4: encoding clip 13/15 (141.200s to 148.800s)
2026-08-17 00:03:58,189 SpawnProcess-15 INFO transilvania_studio_WxF_L02k6EU_66s-394s.mp4: encoding clip 4/6 (136.800s to 143.800s)
2026-08-17 00:03:58,738 SpawnProcess-7 INFO transilvania_studio___posHkHSMg_185s-259s.mp4: encoding clip 3/6 (29.000s to 39.000s)
2026-08-17 00:04:00,389 SpawnProcess-11 INFO transilvania_studio_UJV5NAsA7LI_187s-500s.mp4: encoding clip 4/15 (0.000s to 7.000s)
2026-08-17 00:04:01,403 SpawnProcess-8 INFO transilvania_studio_NXK1QUgf7Hg_68s-337s.mp4: encoding clip 10/15 (245.000s to 254.400s)
2026-08-17 00:04:01,760 SpawnProcess-3 INFO transilvania_studio_DLyupW8QYTY_610s-1111s.mp4: encoding clip 9/15 (88.400s to 98.400s)
2026-08-17 00:04:02,452 SpawnProcess-13 INFO transilvania_studio_QgPGP6Dubx4_15s-190s.mp4: encoding clip 14/15 (70.200s to 80.200s)
2026-08-17 00:04:06,103 SpawnProcess-6 INFO transilvania_studio_35aFpC6zxgI_90s-616s.mp4: encoding clip 14/15 (479.800s to 487.200s)
2026-08-17 00:04:07,163 SpawnProcess-15 INFO transilvania_studio_WxF_L02k6EU_66s-394s.mp4: encoding clip 5/6 (71.600s to 77.800s)
2026-08-17 00:04:08,556 SpawnProcess-9 INFO transilvania_studio_Stt078BrPfg_1170s-1374s.mp4: encoding clip 2/15 (55.800s to 65.800s)
2026-08-17 00:04:10,286 SpawnProcess-4 INFO transilvania_studio_QgPGP6Dubx4_193s-347s.mp4: encoding clip 12/15 (86.800s to 96.800s)
2026-08-17 00:04:13,654 SpawnProcess-11 INFO transilvania_studio_UJV5NAsA7LI_187s-500s.mp4: encoding clip 5/15 (239.800s to 249.800s)
2026-08-17 00:04:14,623 SpawnProcess-13 INFO transilvania_studio_QgPGP6Dubx4_15s-190s.mp4: encoding clip 15/15 (159.800s to 169.800s)
2026-08-17 00:04:15,647 SpawnProcess-7 INFO transilvania_studio___posHkHSMg_185s-259s.mp4: encoding clip 4/6 (0.000s to 10.000s)
2026-08-17 00:04:16,443 SpawnProcess-15 INFO transilvania_studio_WxF_L02k6EU_66s-394s.mp4: encoding clip 6/6 (51.600s to 61.600s)
2026-08-17 00:04:18,034 SpawnProcess-3 INFO transilvania_studio_DLyupW8QYTY_610s-1111s.mp4: encoding clip 10/15 (68.400s to 78.400s)
2026-08-17 00:04:18,747 SpawnProcess-16 INFO transilvania_studio___posHkHSMg_96s-180s.mp4: selected 7 clips
2026-08-17 00:04:18,750 SpawnProcess-16 INFO transilvania_studio___posHkHSMg_96s-180s.mp4: encoding clip 1/7 (76.600s to 84.200s)
2026-08-17 00:04:18,905 SpawnProcess-14 INFO transilvania_itw_3JU34CNb-dk_0s-440s.mp4: encoding clip 15/15 (46.600s to 56.600s)
2026-08-17 00:04:19,156 SpawnProcess-8 INFO transilvania_studio_NXK1QUgf7Hg_68s-337s.mp4: encoding clip 11/15 (164.600s to 174.600s)
2026-08-17 00:04:20,543 SpawnProcess-6 INFO transilvania_studio_35aFpC6zxgI_90s-616s.mp4: encoding clip 15/15 (435.400s to 440.400s)
2026-08-17 00:04:21,518 SpawnProcess-5 INFO transilvania_studio_G-crNne-4dQ_545s-1048s.mp4: selected 15 clips
2026-08-17 00:04:21,524 SpawnProcess-5 INFO transilvania_studio_G-crNne-4dQ_545s-1048s.mp4: encoding clip 1/15 (205.800s to 215.800s)
2026-08-17 00:04:25,683 SpawnProcess-15 INFO transilvania_studio_WxF_L02k6EU_66s-394s.mp4: completed
2026-08-17 00:04:25,707 SpawnProcess-15 INFO Loading detection cache: ../videos_detections/transilvania_studio_a0SVxd7zYCs_full/detections.json
2026-08-17 00:04:26,254 SpawnProcess-15 INFO transilvania_studio_a0SVxd7zYCs_full.mp4: duration=102.8s, samples=515, tracks=2
2026-08-17 00:04:28,539 SpawnProcess-4 INFO transilvania_studio_QgPGP6Dubx4_193s-347s.mp4: encoding clip 13/15 (76.800s to 85.000s)
2026-08-17 00:04:28,858 SpawnProcess-15 INFO transilvania_studio_a0SVxd7zYCs_full.mp4: VAD found 5 speech intervals
2026-08-17 00:04:28,892 SpawnProcess-11 INFO transilvania_studio_UJV5NAsA7LI_187s-500s.mp4: encoding clip 6/15 (282.800s to 292.800s)
2026-08-17 00:04:29,205 SpawnProcess-7 INFO transilvania_studio___posHkHSMg_185s-259s.mp4: encoding clip 5/6 (19.000s to 29.000s)
2026-08-17 00:04:29,637 SpawnProcess-16 INFO transilvania_studio___posHkHSMg_96s-180s.mp4: encoding clip 2/7 (19.000s to 29.000s)
2026-08-17 00:04:30,960 SpawnProcess-13 INFO transilvania_studio_QgPGP6Dubx4_15s-190s.mp4: completed
2026-08-17 00:04:30,966 SpawnProcess-13 INFO Loading detection cache: ../videos_detections/transilvania_studio_aL8v6JMj6vM_0s-596s/detections.json
2026-08-17 00:04:31,716 SpawnProcess-13 INFO transilvania_studio_aL8v6JMj6vM_0s-596s.mp4: duration=596.0s, samples=2981, tracks=60
2026-08-17 00:04:32,175 SpawnProcess-6 INFO transilvania_studio_35aFpC6zxgI_90s-616s.mp4: completed
2026-08-17 00:04:32,197 SpawnProcess-6 INFO Loading detection cache: ../videos_detections/transilvania_studio_cIJWiUwZew0_679s-798s/detections.json
2026-08-17 00:04:32,694 SpawnProcess-6 INFO transilvania_studio_cIJWiUwZew0_679s-798s.mp4: duration=119.1s, samples=596, tracks=3
2026-08-17 00:04:35,733 SpawnProcess-6 INFO transilvania_studio_cIJWiUwZew0_679s-798s.mp4: VAD found 27 speech intervals
2026-08-17 00:04:38,719 SpawnProcess-5 INFO transilvania_studio_G-crNne-4dQ_545s-1048s.mp4: encoding clip 2/15 (354.800s to 360.400s)
2026-08-17 00:04:41,058 SpawnProcess-3 INFO transilvania_studio_DLyupW8QYTY_610s-1111s.mp4: encoding clip 11/15 (315.400s to 325.400s)
2026-08-17 00:04:41,693 SpawnProcess-9 INFO transilvania_studio_Stt078BrPfg_1170s-1374s.mp4: encoding clip 3/15 (147.800s to 157.800s)
2026-08-17 00:04:41,812 SpawnProcess-11 INFO transilvania_studio_UJV5NAsA7LI_187s-500s.mp4: encoding clip 7/15 (111.800s to 119.000s)
2026-08-17 00:04:42,776 SpawnProcess-8 INFO transilvania_studio_NXK1QUgf7Hg_68s-337s.mp4: encoding clip 12/15 (43.000s to 48.000s)
2026-08-17 00:04:42,955 SpawnProcess-16 INFO transilvania_studio___posHkHSMg_96s-180s.mp4: encoding clip 3/7 (29.000s to 39.000s)
2026-08-17 00:04:44,460 SpawnProcess-7 INFO transilvania_studio___posHkHSMg_185s-259s.mp4: encoding clip 6/6 (59.800s to 64.800s)
2026-08-17 00:04:44,790 SpawnProcess-4 INFO transilvania_studio_QgPGP6Dubx4_193s-347s.mp4: encoding clip 14/15 (8.800s to 15.000s)
2026-08-17 00:04:45,743 SpawnProcess-13 INFO transilvania_studio_aL8v6JMj6vM_0s-596s.mp4: VAD found 41 speech intervals
2026-08-17 00:04:47,924 SpawnProcess-5 INFO transilvania_studio_G-crNne-4dQ_545s-1048s.mp4: encoding clip 3/15 (241.200s to 251.200s)
2026-08-17 00:04:51,281 SpawnProcess-11 INFO transilvania_studio_UJV5NAsA7LI_187s-500s.mp4: encoding clip 8/15 (138.800s to 148.800s)
2026-08-17 00:04:51,762 SpawnProcess-8 INFO transilvania_studio_NXK1QUgf7Hg_68s-337s.mp4: encoding clip 13/15 (217.000s to 227.000s)
2026-08-17 00:04:53,303 SpawnProcess-7 INFO transilvania_studio___posHkHSMg_185s-259s.mp4: completed
2026-08-17 00:04:53,322 SpawnProcess-7 INFO Loading detection cache: ../videos_detections/transilvania_studio_cnFQyYqUD2Y_0s-420s/detections.json
2026-08-17 00:04:53,881 SpawnProcess-7 INFO transilvania_studio_cnFQyYqUD2Y_0s-420s.mp4: duration=420.0s, samples=2101, tracks=1
2026-08-17 00:04:56,008 SpawnProcess-4 INFO transilvania_studio_QgPGP6Dubx4_193s-347s.mp4: encoding clip 15/15 (26.800s to 36.800s)
2026-08-17 00:04:57,686 SpawnProcess-16 INFO transilvania_studio___posHkHSMg_96s-180s.mp4: encoding clip 4/7 (51.400s to 61.400s)
2026-08-17 00:04:58,108 SpawnProcess-12 INFO transilvania_studio_XLzbMoA4b5E_83s-282s.mp4: selected 4 clips
2026-08-17 00:04:58,118 SpawnProcess-12 INFO transilvania_studio_XLzbMoA4b5E_83s-282s.mp4: encoding clip 1/4 (60.000s to 70.000s)
2026-08-17 00:05:01,641 SpawnProcess-3 INFO transilvania_studio_DLyupW8QYTY_610s-1111s.mp4: encoding clip 12/15 (282.000s to 292.000s)
2026-08-17 00:05:02,649 SpawnProcess-14 INFO transilvania_itw_3JU34CNb-dk_0s-440s.mp4: completed
2026-08-17 00:05:02,664 SpawnProcess-14 INFO Loading detection cache: ../videos_detections/transilvania_studio_eVSom3Pn7Po_31s-285s/detections.json
2026-08-17 00:05:03,453 SpawnProcess-14 INFO transilvania_studio_eVSom3Pn7Po_31s-285s.mp4: duration=254.2s, samples=1271, tracks=31
2026-08-17 00:05:04,326 SpawnProcess-11 INFO transilvania_studio_UJV5NAsA7LI_187s-500s.mp4: encoding clip 9/15 (249.800s to 259.800s)
2026-08-17 00:05:06,484 SpawnProcess-5 INFO transilvania_studio_G-crNne-4dQ_545s-1048s.mp4: encoding clip 4/15 (450.200s to 460.200s)
2026-08-17 00:05:07,433 SpawnProcess-7 INFO transilvania_studio_cnFQyYqUD2Y_0s-420s.mp4: VAD found 57 speech intervals
2026-08-17 00:05:07,451 SpawnProcess-9 INFO transilvania_studio_Stt078BrPfg_1170s-1374s.mp4: encoding clip 4/15 (0.200s to 10.200s)
2026-08-17 00:05:08,198 SpawnProcess-8 INFO transilvania_studio_NXK1QUgf7Hg_68s-337s.mp4: encoding clip 14/15 (66.400s to 76.400s)
2026-08-17 00:05:09,838 SpawnProcess-14 INFO transilvania_studio_eVSom3Pn7Po_31s-285s.mp4: VAD found 13 speech intervals
2026-08-17 00:05:11,031 SpawnProcess-10 INFO transilvania_studio___posHkHSMg_9s-93s.mp4: selected 6 clips
2026-08-17 00:05:11,032 SpawnProcess-10 INFO transilvania_studio___posHkHSMg_9s-93s.mp4: encoding clip 1/6 (45.400s to 55.400s)
2026-08-17 00:05:11,123 SpawnProcess-12 INFO transilvania_studio_XLzbMoA4b5E_83s-282s.mp4: encoding clip 2/4 (120.000s to 130.000s)
2026-08-17 00:05:12,573 SpawnProcess-4 INFO transilvania_studio_QgPGP6Dubx4_193s-347s.mp4: completed
2026-08-17 00:05:12,576 SpawnProcess-4 INFO Loading detection cache: ../videos_detections/transilvania_studio_gBVOVfvNExQ_0s-420s/detections.json
2026-08-17 00:05:13,069 SpawnProcess-16 INFO transilvania_studio___posHkHSMg_96s-180s.mp4: encoding clip 5/7 (4.600s to 14.600s)
2026-08-17 00:05:13,233 SpawnProcess-4 INFO transilvania_studio_gBVOVfvNExQ_0s-420s.mp4: duration=420.0s, samples=2100, tracks=1
2026-08-17 00:05:13,989 SpawnProcess-11 INFO transilvania_studio_UJV5NAsA7LI_187s-500s.mp4: encoding clip 10/15 (41.800s to 51.800s)
2026-08-17 00:05:17,998 SpawnProcess-3 INFO transilvania_studio_DLyupW8QYTY_610s-1111s.mp4: encoding clip 13/15 (156.200s to 164.800s)
2026-08-17 00:05:20,766 SpawnProcess-8 INFO transilvania_studio_NXK1QUgf7Hg_68s-337s.mp4: encoding clip 15/15 (53.800s to 60.000s)
2026-08-17 00:05:21,809 SpawnProcess-5 INFO transilvania_studio_G-crNne-4dQ_545s-1048s.mp4: encoding clip 5/15 (162.400s to 172.400s)
2026-08-17 00:05:25,589 SpawnProcess-12 INFO transilvania_studio_XLzbMoA4b5E_83s-282s.mp4: encoding clip 3/4 (80.000s to 90.000s)
2026-08-17 00:05:26,076 SpawnProcess-10 INFO transilvania_studio___posHkHSMg_9s-93s.mp4: encoding clip 2/6 (14.200s to 24.200s)
2026-08-17 00:05:27,723 SpawnProcess-11 INFO transilvania_studio_UJV5NAsA7LI_187s-500s.mp4: encoding clip 11/15 (219.800s to 229.800s)
2026-08-17 00:05:28,546 SpawnProcess-16 INFO transilvania_studio___posHkHSMg_96s-180s.mp4: encoding clip 6/7 (44.200s to 50.400s)
2026-08-17 00:05:29,321 SpawnProcess-9 INFO transilvania_studio_Stt078BrPfg_1170s-1374s.mp4: encoding clip 5/15 (169.000s to 179.000s)
2026-08-17 00:05:30,281 SpawnProcess-8 INFO transilvania_studio_NXK1QUgf7Hg_68s-337s.mp4: completed
2026-08-17 00:05:30,297 SpawnProcess-8 INFO Loading detection cache: ../videos_detections/transilvania_studio_gQfjEnGDxVs_253s-665s/detections.json
2026-08-17 00:05:30,533 SpawnProcess-4 INFO transilvania_studio_gBVOVfvNExQ_0s-420s.mp4: VAD found 70 speech intervals
2026-08-17 00:05:30,793 SpawnProcess-8 INFO transilvania_studio_gQfjEnGDxVs_253s-665s.mp4: duration=412.0s, samples=2061, tracks=9
2026-08-17 00:05:33,277 SpawnProcess-3 INFO transilvania_studio_DLyupW8QYTY_610s-1111s.mp4: encoding clip 14/15 (357.200s to 367.200s)
2026-08-17 00:05:35,659 SpawnProcess-15 INFO transilvania_studio_a0SVxd7zYCs_full.mp4: selected 2 clips
2026-08-17 00:05:35,662 SpawnProcess-15 INFO transilvania_studio_a0SVxd7zYCs_full.mp4: encoding clip 1/2 (39.800s to 46.000s)
2026-08-17 00:05:38,006 SpawnProcess-5 INFO transilvania_studio_G-crNne-4dQ_545s-1048s.mp4: encoding clip 6/15 (32.200s to 42.200s)
2026-08-17 00:05:38,173 SpawnProcess-16 INFO transilvania_studio___posHkHSMg_96s-180s.mp4: encoding clip 7/7 (61.400s to 71.400s)
2026-08-17 00:05:38,411 SpawnProcess-12 INFO transilvania_studio_XLzbMoA4b5E_83s-282s.mp4: encoding clip 4/4 (70.000s to 80.000s)
2026-08-17 00:05:40,832 SpawnProcess-10 INFO transilvania_studio___posHkHSMg_9s-93s.mp4: encoding clip 3/6 (69.400s to 75.600s)
2026-08-17 00:05:41,011 SpawnProcess-11 INFO transilvania_studio_UJV5NAsA7LI_187s-500s.mp4: encoding clip 12/15 (292.800s to 300.000s)
2026-08-17 00:05:42,636 SpawnProcess-8 INFO transilvania_studio_gQfjEnGDxVs_253s-665s.mp4: VAD found 90 speech intervals
2026-08-17 00:05:44,740 SpawnProcess-15 INFO transilvania_studio_a0SVxd7zYCs_full.mp4: encoding clip 2/2 (68.800s to 78.800s)
2026-08-17 00:05:48,793 SpawnProcess-3 INFO transilvania_studio_DLyupW8QYTY_610s-1111s.mp4: encoding clip 15/15 (17.800s to 27.800s)
2026-08-17 00:05:51,577 SpawnProcess-5 INFO transilvania_studio_G-crNne-4dQ_545s-1048s.mp4: encoding clip 7/15 (110.600s to 118.000s)
2026-08-17 00:05:51,734 SpawnProcess-10 INFO transilvania_studio___posHkHSMg_9s-93s.mp4: encoding clip 4/6 (57.400s to 66.000s)
2026-08-17 00:05:51,998 SpawnProcess-11 INFO transilvania_studio_UJV5NAsA7LI_187s-500s.mp4: encoding clip 13/15 (121.000s to 128.000s)
2026-08-17 00:05:52,033 SpawnProcess-16 INFO transilvania_studio___posHkHSMg_96s-180s.mp4: completed
2026-08-17 00:05:52,045 SpawnProcess-16 INFO Loading detection cache: ../videos_detections/transilvania_studio_hOmpijRJvs8_0s-450s/detections.json
2026-08-17 00:05:52,151 SpawnProcess-12 INFO transilvania_studio_XLzbMoA4b5E_83s-282s.mp4: completed
2026-08-17 00:05:52,165 SpawnProcess-12 INFO Loading detection cache: ../videos_detections/transilvania_studio_jN_QE8TPt3c_full/detections.json
2026-08-17 00:05:52,631 SpawnProcess-16 INFO transilvania_studio_hOmpijRJvs8_0s-450s.mp4: duration=450.0s, samples=2251, tracks=24
2026-08-17 00:05:52,743 SpawnProcess-12 INFO transilvania_studio_jN_QE8TPt3c_full.mp4: duration=378.2s, samples=1892, tracks=2
2026-08-17 00:05:54,530 SpawnProcess-9 INFO transilvania_studio_Stt078BrPfg_1170s-1374s.mp4: encoding clip 6/15 (131.400s to 141.400s)
2026-08-17 00:05:55,468 SpawnProcess-15 INFO transilvania_studio_a0SVxd7zYCs_full.mp4: completed
2026-08-17 00:05:55,471 SpawnProcess-15 INFO Loading detection cache: ../videos_detections/transilvania_studio_lKEtqFKS7zg_355s-511s/detections.json
2026-08-17 00:05:56,492 SpawnProcess-15 INFO transilvania_studio_lKEtqFKS7zg_355s-511s.mp4: duration=156.0s, samples=781, tracks=5
2026-08-17 00:06:00,057 SpawnProcess-15 INFO transilvania_studio_lKEtqFKS7zg_355s-511s.mp4: VAD found 12 speech intervals
2026-08-17 00:06:00,309 SpawnProcess-6 INFO transilvania_studio_cIJWiUwZew0_679s-798s.mp4: selected 8 clips
2026-08-17 00:06:00,312 SpawnProcess-6 INFO transilvania_studio_cIJWiUwZew0_679s-798s.mp4: encoding clip 1/8 (21.000s to 27.200s)
2026-08-17 00:06:00,401 SpawnProcess-11 INFO transilvania_studio_UJV5NAsA7LI_187s-500s.mp4: encoding clip 14/15 (192.200s to 198.000s)
2026-08-17 00:06:01,794 SpawnProcess-12 INFO transilvania_studio_jN_QE8TPt3c_full.mp4: VAD found 95 speech intervals
2026-08-17 00:06:01,991 SpawnProcess-16 INFO transilvania_studio_hOmpijRJvs8_0s-450s.mp4: VAD found 58 speech intervals
2026-08-17 00:06:02,241 SpawnProcess-5 INFO transilvania_studio_G-crNne-4dQ_545s-1048s.mp4: encoding clip 8/15 (119.800s to 128.200s)
2026-08-17 00:06:02,328 SpawnProcess-3 INFO transilvania_studio_DLyupW8QYTY_610s-1111s.mp4: completed
2026-08-17 00:06:02,351 SpawnProcess-3 INFO Loading detection cache: ../videos_detections/transilvania_studio_lTV3VxVqQnI_0s-544s/detections.json
2026-08-17 00:06:02,950 SpawnProcess-3 INFO transilvania_studio_lTV3VxVqQnI_0s-544s.mp4: duration=544.0s, samples=2721, tracks=258
2026-08-17 00:06:03,097 SpawnProcess-10 INFO transilvania_studio___posHkHSMg_9s-93s.mp4: encoding clip 5/6 (24.200s to 31.200s)
2026-08-17 00:06:06,565 SpawnProcess-11 INFO transilvania_studio_UJV5NAsA7LI_187s-500s.mp4: encoding clip 15/15 (229.800s to 239.800s)
2026-08-17 00:06:07,671 SpawnProcess-6 INFO transilvania_studio_cIJWiUwZew0_679s-798s.mp4: encoding clip 2/8 (28.200s to 38.200s)
2026-08-17 00:06:11,884 SpawnProcess-5 INFO transilvania_studio_G-crNne-4dQ_545s-1048s.mp4: encoding clip 9/15 (102.400s to 108.600s)
2026-08-17 00:06:12,103 SpawnProcess-10 INFO transilvania_studio___posHkHSMg_9s-93s.mp4: encoding clip 6/6 (76.600s to 84.200s)
2026-08-17 00:06:12,213 SpawnProcess-9 INFO transilvania_studio_Stt078BrPfg_1170s-1374s.mp4: encoding clip 7/15 (77.800s to 87.800s)
2026-08-17 00:06:14,758 SpawnProcess-3 INFO transilvania_studio_lTV3VxVqQnI_0s-544s.mp4: VAD found 67 speech intervals
2026-08-17 00:06:16,277 SpawnProcess-11 INFO transilvania_studio_UJV5NAsA7LI_187s-500s.mp4: completed
2026-08-17 00:06:16,291 SpawnProcess-11 INFO Loading detection cache: ../videos_detections/transilvania_studio_pspeRvvIt68_0s-83s/detections.json
2026-08-17 00:06:16,905 SpawnProcess-11 INFO transilvania_studio_pspeRvvIt68_0s-83s.mp4: duration=83.0s, samples=416, tracks=7
2026-08-17 00:06:19,245 SpawnProcess-11 INFO transilvania_studio_pspeRvvIt68_0s-83s.mp4: VAD found 10 speech intervals
2026-08-17 00:06:19,821 SpawnProcess-6 INFO transilvania_studio_cIJWiUwZew0_679s-798s.mp4: encoding clip 3/8 (0.000s to 10.000s)
2026-08-17 00:06:20,164 SpawnProcess-5 INFO transilvania_studio_G-crNne-4dQ_545s-1048s.mp4: encoding clip 10/15 (371.200s to 378.800s)
2026-08-17 00:06:21,610 SpawnProcess-10 INFO transilvania_studio___posHkHSMg_9s-93s.mp4: completed
2026-08-17 00:06:21,616 SpawnProcess-10 INFO Loading detection cache: ../videos_detections/transilvania_studio_pspeRvvIt68_84s-461s/detections.json
2026-08-17 00:06:22,154 SpawnProcess-10 INFO transilvania_studio_pspeRvvIt68_84s-461s.mp4: duration=377.2s, samples=1886, tracks=47
2026-08-17 00:06:28,212 SpawnProcess-9 INFO transilvania_studio_Stt078BrPfg_1170s-1374s.mp4: encoding clip 8/15 (10.200s to 20.200s)
2026-08-17 00:06:28,279 SpawnProcess-5 INFO transilvania_studio_G-crNne-4dQ_545s-1048s.mp4: encoding clip 11/15 (92.400s to 102.400s)
2026-08-17 00:06:29,363 SpawnProcess-6 INFO transilvania_studio_cIJWiUwZew0_679s-798s.mp4: encoding clip 4/8 (10.000s to 18.600s)
2026-08-17 00:06:29,784 SpawnProcess-10 INFO transilvania_studio_pspeRvvIt68_84s-461s.mp4: VAD found 49 speech intervals
2026-08-17 00:06:38,169 SpawnProcess-6 INFO transilvania_studio_cIJWiUwZew0_679s-798s.mp4: encoding clip 5/8 (78.600s to 88.600s)
2026-08-17 00:06:38,302 SpawnProcess-5 INFO transilvania_studio_G-crNne-4dQ_545s-1048s.mp4: encoding clip 12/15 (460.200s to 470.000s)
2026-08-17 00:06:46,513 SpawnProcess-9 INFO transilvania_studio_Stt078BrPfg_1170s-1374s.mp4: encoding clip 9/15 (87.800s to 97.800s)
2026-08-17 00:06:48,755 SpawnProcess-5 INFO transilvania_studio_G-crNne-4dQ_545s-1048s.mp4: encoding clip 13/15 (296.600s to 305.200s)
2026-08-17 00:06:49,223 SpawnProcess-6 INFO transilvania_studio_cIJWiUwZew0_679s-798s.mp4: encoding clip 6/8 (44.000s to 54.000s)
2026-08-17 00:06:57,158 SpawnProcess-1 INFO transilvania_studio_X4yGHCCGRcI_0s-525s.mp4: selected 15 clips
2026-08-17 00:06:57,167 SpawnProcess-1 INFO transilvania_studio_X4yGHCCGRcI_0s-525s.mp4: encoding clip 1/15 (483.800s to 493.800s)
2026-08-17 00:06:58,514 SpawnProcess-5 INFO transilvania_studio_G-crNne-4dQ_545s-1048s.mp4: encoding clip 14/15 (189.800s to 197.800s)
2026-08-17 00:07:00,159 SpawnProcess-6 INFO transilvania_studio_cIJWiUwZew0_679s-798s.mp4: encoding clip 7/8 (68.600s to 78.600s)
2026-08-17 00:07:04,615 SpawnProcess-11 INFO transilvania_studio_pspeRvvIt68_0s-83s.mp4: selected 2 clips
2026-08-17 00:07:04,632 SpawnProcess-11 INFO transilvania_studio_pspeRvvIt68_0s-83s.mp4: encoding clip 1/2 (47.000s to 53.000s)
2026-08-17 00:07:06,327 SpawnProcess-9 INFO transilvania_studio_Stt078BrPfg_1170s-1374s.mp4: encoding clip 10/15 (159.000s to 169.000s)
2026-08-17 00:07:08,762 SpawnProcess-1 INFO transilvania_studio_X4yGHCCGRcI_0s-525s.mp4: encoding clip 2/15 (88.400s to 96.800s)
2026-08-17 00:07:09,291 SpawnProcess-5 INFO transilvania_studio_G-crNne-4dQ_545s-1048s.mp4: encoding clip 15/15 (362.200s to 370.000s)
2026-08-17 00:07:11,786 SpawnProcess-6 INFO transilvania_studio_cIJWiUwZew0_679s-798s.mp4: encoding clip 8/8 (56.800s to 66.800s)
2026-08-17 00:07:12,473 SpawnProcess-11 INFO transilvania_studio_pspeRvvIt68_0s-83s.mp4: encoding clip 2/2 (55.800s to 65.400s)
2026-08-17 00:07:17,440 SpawnProcess-1 INFO transilvania_studio_X4yGHCCGRcI_0s-525s.mp4: encoding clip 3/15 (72.200s to 82.200s)
2026-08-17 00:07:19,543 SpawnProcess-5 INFO transilvania_studio_G-crNne-4dQ_545s-1048s.mp4: completed
2026-08-17 00:07:19,581 SpawnProcess-5 INFO Loading detection cache: ../videos_detections/transilvania_studio_qXUBLyIbftg_0s-300s/detections.json
2026-08-17 00:07:21,259 SpawnProcess-5 INFO transilvania_studio_qXUBLyIbftg_0s-300s.mp4: duration=300.0s, samples=1501, tracks=48
2026-08-17 00:07:24,980 SpawnProcess-11 INFO transilvania_studio_pspeRvvIt68_0s-83s.mp4: completed
2026-08-17 00:07:24,990 SpawnProcess-11 INFO Loading detection cache: ../videos_detections/transilvania_studio_vCZ2f6cmAFo_456s-827s/detections.json
2026-08-17 00:07:25,730 SpawnProcess-11 INFO transilvania_studio_vCZ2f6cmAFo_456s-827s.mp4: duration=371.1s, samples=1856, tracks=15
2026-08-17 00:07:26,143 SpawnProcess-6 INFO transilvania_studio_cIJWiUwZew0_679s-798s.mp4: completed
2026-08-17 00:07:26,149 SpawnProcess-6 INFO Loading detection cache: ../videos_detections/transilvania_studio_xYWz57s51bU_166s-361s/detections.json
2026-08-17 00:07:26,698 SpawnProcess-9 INFO transilvania_studio_Stt078BrPfg_1170s-1374s.mp4: encoding clip 11/15 (97.800s to 107.800s)
2026-08-17 00:07:26,809 SpawnProcess-6 INFO transilvania_studio_xYWz57s51bU_166s-361s.mp4: duration=103.6s, samples=519, tracks=14
2026-08-17 00:07:28,480 SpawnProcess-5 INFO transilvania_studio_qXUBLyIbftg_0s-300s.mp4: VAD found 90 speech intervals
2026-08-17 00:07:28,750 SpawnProcess-1 INFO transilvania_studio_X4yGHCCGRcI_0s-525s.mp4: encoding clip 4/15 (233.600s to 242.000s)
2026-08-17 00:07:30,821 SpawnProcess-6 INFO transilvania_studio_xYWz57s51bU_166s-361s.mp4: VAD found 24 speech intervals
2026-08-17 00:07:33,061 SpawnProcess-14 INFO transilvania_studio_eVSom3Pn7Po_31s-285s.mp4: selected 11 clips
2026-08-17 00:07:33,064 SpawnProcess-14 INFO transilvania_studio_eVSom3Pn7Po_31s-285s.mp4: encoding clip 1/11 (44.800s to 54.800s)
2026-08-17 00:07:33,607 SpawnProcess-11 INFO transilvania_studio_vCZ2f6cmAFo_456s-827s.mp4: VAD found 36 speech intervals
2026-08-17 00:07:36,979 SpawnProcess-1 INFO transilvania_studio_X4yGHCCGRcI_0s-525s.mp4: encoding clip 5/15 (370.800s to 380.000s)
2026-08-17 00:07:43,035 SpawnProcess-14 INFO transilvania_studio_eVSom3Pn7Po_31s-285s.mp4: encoding clip 2/11 (0.000s to 8.000s)
2026-08-17 00:07:44,897 SpawnProcess-9 INFO transilvania_studio_Stt078BrPfg_1170s-1374s.mp4: encoding clip 12/15 (189.000s to 199.000s)
2026-08-17 00:07:46,627 SpawnProcess-1 INFO transilvania_studio_X4yGHCCGRcI_0s-525s.mp4: encoding clip 6/15 (274.200s to 284.200s)
2026-08-17 00:07:51,595 SpawnProcess-14 INFO transilvania_studio_eVSom3Pn7Po_31s-285s.mp4: encoding clip 3/11 (221.000s to 231.000s)
2026-08-17 00:07:57,350 SpawnProcess-1 INFO transilvania_studio_X4yGHCCGRcI_0s-525s.mp4: encoding clip 7/15 (224.600s to 231.800s)
2026-08-17 00:08:02,940 SpawnProcess-14 INFO transilvania_studio_eVSom3Pn7Po_31s-285s.mp4: encoding clip 4/11 (110.400s to 120.400s)
2026-08-17 00:08:05,624 SpawnProcess-9 INFO transilvania_studio_Stt078BrPfg_1170s-1374s.mp4: encoding clip 13/15 (20.200s to 30.200s)
2026-08-17 00:08:05,949 SpawnProcess-1 INFO transilvania_studio_X4yGHCCGRcI_0s-525s.mp4: encoding clip 8/15 (422.800s to 432.800s)
2026-08-17 00:08:16,490 SpawnProcess-14 INFO transilvania_studio_eVSom3Pn7Po_31s-285s.mp4: encoding clip 5/11 (234.800s to 244.800s)
2026-08-17 00:08:18,109 SpawnProcess-1 INFO transilvania_studio_X4yGHCCGRcI_0s-525s.mp4: encoding clip 9/15 (349.000s to 355.200s)
2026-08-17 00:08:25,734 SpawnProcess-8 INFO transilvania_studio_gQfjEnGDxVs_253s-665s.mp4: selected 15 clips
2026-08-17 00:08:25,737 SpawnProcess-8 INFO transilvania_studio_gQfjEnGDxVs_253s-665s.mp4: encoding clip 1/15 (363.800s to 373.800s)
2026-08-17 00:08:26,378 SpawnProcess-9 INFO transilvania_studio_Stt078BrPfg_1170s-1374s.mp4: encoding clip 14/15 (67.000s to 74.000s)
2026-08-17 00:08:27,498 SpawnProcess-1 INFO transilvania_studio_X4yGHCCGRcI_0s-525s.mp4: encoding clip 10/15 (123.800s to 132.000s)
2026-08-17 00:08:30,079 SpawnProcess-14 INFO transilvania_studio_eVSom3Pn7Po_31s-285s.mp4: encoding clip 6/11 (172.400s to 182.400s)
2026-08-17 00:08:32,044 SpawnProcess-8 INFO transilvania_studio_gQfjEnGDxVs_253s-665s.mp4: encoding clip 2/15 (221.200s to 231.200s)
2026-08-17 00:08:38,060 SpawnProcess-8 INFO transilvania_studio_gQfjEnGDxVs_253s-665s.mp4: encoding clip 3/15 (102.800s to 109.000s)
2026-08-17 00:08:38,899 SpawnProcess-1 INFO transilvania_studio_X4yGHCCGRcI_0s-525s.mp4: encoding clip 11/15 (249.200s to 256.000s)
2026-08-17 00:08:40,084 SpawnProcess-6 INFO transilvania_studio_xYWz57s51bU_166s-361s.mp4: selected 7 clips
2026-08-17 00:08:40,090 SpawnProcess-6 INFO transilvania_studio_xYWz57s51bU_166s-361s.mp4: encoding clip 1/7 (13.800s to 23.800s)
2026-08-17 00:08:42,250 SpawnProcess-9 INFO transilvania_studio_Stt078BrPfg_1170s-1374s.mp4: encoding clip 15/15 (35.800s to 45.800s)
2026-08-17 00:08:43,415 SpawnProcess-14 INFO transilvania_studio_eVSom3Pn7Po_31s-285s.mp4: encoding clip 7/11 (149.000s to 157.000s)
2026-08-17 00:08:43,418 SpawnProcess-8 INFO transilvania_studio_gQfjEnGDxVs_253s-665s.mp4: encoding clip 4/15 (373.800s to 383.800s)
2026-08-17 00:08:47,867 SpawnProcess-1 INFO transilvania_studio_X4yGHCCGRcI_0s-525s.mp4: encoding clip 12/15 (262.800s to 272.800s)
2026-08-17 00:08:50,812 SpawnProcess-8 INFO transilvania_studio_gQfjEnGDxVs_253s-665s.mp4: encoding clip 5/15 (291.800s to 298.000s)
2026-08-17 00:08:52,009 SpawnProcess-6 INFO transilvania_studio_xYWz57s51bU_166s-361s.mp4: encoding clip 2/7 (32.400s to 40.000s)
2026-08-17 00:08:53,839 SpawnProcess-14 INFO transilvania_studio_eVSom3Pn7Po_31s-285s.mp4: encoding clip 8/11 (244.800s to 254.000s)
2026-08-17 00:08:56,285 SpawnProcess-8 INFO transilvania_studio_gQfjEnGDxVs_253s-665s.mp4: encoding clip 6/15 (281.800s to 291.800s)
2026-08-17 00:09:00,434 SpawnProcess-1 INFO transilvania_studio_X4yGHCCGRcI_0s-525s.mp4: encoding clip 13/15 (324.400s to 334.400s)
2026-08-17 00:09:03,031 SpawnProcess-6 INFO transilvania_studio_xYWz57s51bU_166s-361s.mp4: encoding clip 3/7 (78.800s to 88.800s)
2026-08-17 00:09:04,052 SpawnProcess-8 INFO transilvania_studio_gQfjEnGDxVs_253s-665s.mp4: encoding clip 7/15 (383.800s to 393.000s)
2026-08-17 00:09:05,471 SpawnProcess-9 INFO transilvania_studio_Stt078BrPfg_1170s-1374s.mp4: completed
2026-08-17 00:09:05,480 SpawnProcess-9 INFO Loading detection cache: ../videos_detections/transilvania_studio_y5P5Na8A6Kk_0s-330s/detections.json
2026-08-17 00:09:06,176 SpawnProcess-14 INFO transilvania_studio_eVSom3Pn7Po_31s-285s.mp4: encoding clip 9/11 (120.400s to 128.200s)
2026-08-17 00:09:06,187 SpawnProcess-9 INFO transilvania_studio_y5P5Na8A6Kk_0s-330s.mp4: duration=330.0s, samples=1650, tracks=12
2026-08-17 00:09:07,832 SpawnProcess-15 INFO transilvania_studio_lKEtqFKS7zg_355s-511s.mp4: selected 15 clips
2026-08-17 00:09:07,833 SpawnProcess-15 INFO transilvania_studio_lKEtqFKS7zg_355s-511s.mp4: encoding clip 1/15 (103.000s to 113.000s)
2026-08-17 00:09:10,080 SpawnProcess-8 INFO transilvania_studio_gQfjEnGDxVs_253s-665s.mp4: encoding clip 8/15 (299.400s to 309.400s)
2026-08-17 00:09:12,771 SpawnProcess-1 INFO transilvania_studio_X4yGHCCGRcI_0s-525s.mp4: encoding clip 14/15 (173.800s to 183.800s)
2026-08-17 00:09:16,463 SpawnProcess-6 INFO transilvania_studio_xYWz57s51bU_166s-361s.mp4: encoding clip 4/7 (5.800s to 12.000s)
2026-08-17 00:09:16,716 SpawnProcess-9 INFO transilvania_studio_y5P5Na8A6Kk_0s-330s.mp4: VAD found 98 speech intervals
2026-08-17 00:09:17,618 SpawnProcess-8 INFO transilvania_studio_gQfjEnGDxVs_253s-665s.mp4: encoding clip 9/15 (271.800s to 281.800s)
2026-08-17 00:09:18,001 SpawnProcess-14 INFO transilvania_studio_eVSom3Pn7Po_31s-285s.mp4: encoding clip 10/11 (19.800s to 29.800s)
2026-08-17 00:09:20,013 SpawnProcess-15 INFO transilvania_studio_lKEtqFKS7zg_355s-511s.mp4: encoding clip 2/15 (83.800s to 91.800s)
2026-08-17 00:09:24,928 SpawnProcess-1 INFO transilvania_studio_X4yGHCCGRcI_0s-525s.mp4: encoding clip 15/15 (82.200s to 87.400s)
2026-08-17 00:09:25,646 SpawnProcess-8 INFO transilvania_studio_gQfjEnGDxVs_253s-665s.mp4: encoding clip 10/15 (91.400s to 101.400s)
2026-08-17 00:09:25,753 SpawnProcess-6 INFO transilvania_studio_xYWz57s51bU_166s-361s.mp4: encoding clip 5/7 (53.200s to 63.200s)
2026-08-17 00:09:30,160 SpawnProcess-14 INFO transilvania_studio_eVSom3Pn7Po_31s-285s.mp4: encoding clip 11/11 (130.800s to 138.000s)
2026-08-17 00:09:31,439 SpawnProcess-15 INFO transilvania_studio_lKEtqFKS7zg_355s-511s.mp4: encoding clip 3/15 (73.800s to 83.800s)
2026-08-17 00:09:32,754 SpawnProcess-1 INFO transilvania_studio_X4yGHCCGRcI_0s-525s.mp4: completed
2026-08-17 00:09:32,773 SpawnProcess-1 INFO Loading detection cache: ../videos_detections/transilvania_studio_y5U9XOuMfV8_491s-874s/detections.json
2026-08-17 00:09:33,475 SpawnProcess-1 INFO transilvania_studio_y5U9XOuMfV8_491s-874s.mp4: duration=383.2s, samples=1916, tracks=19
2026-08-17 00:09:35,686 SpawnProcess-8 INFO transilvania_studio_gQfjEnGDxVs_253s-665s.mp4: encoding clip 11/15 (251.800s to 261.800s)
2026-08-17 00:09:39,541 SpawnProcess-6 INFO transilvania_studio_xYWz57s51bU_166s-361s.mp4: encoding clip 6/7 (63.200s to 72.000s)
2026-08-17 00:09:40,686 SpawnProcess-14 INFO transilvania_studio_eVSom3Pn7Po_31s-285s.mp4: completed
2026-08-17 00:09:42,245 SpawnProcess-1 INFO transilvania_studio_y5U9XOuMfV8_491s-874s.mp4: VAD found 116 speech intervals
2026-08-17 00:09:42,313 SpawnProcess-15 INFO transilvania_studio_lKEtqFKS7zg_355s-511s.mp4: encoding clip 4/15 (63.800s to 73.800s)
2026-08-17 00:09:42,923 SpawnProcess-8 INFO transilvania_studio_gQfjEnGDxVs_253s-665s.mp4: encoding clip 12/15 (312.800s to 322.800s)
2026-08-17 00:09:50,114 SpawnProcess-6 INFO transilvania_studio_xYWz57s51bU_166s-361s.mp4: encoding clip 7/7 (23.800s to 30.000s)
2026-08-17 00:09:51,979 SpawnProcess-8 INFO transilvania_studio_gQfjEnGDxVs_253s-665s.mp4: encoding clip 13/15 (261.800s to 271.800s)
2026-08-17 00:09:53,411 SpawnProcess-15 INFO transilvania_studio_lKEtqFKS7zg_355s-511s.mp4: encoding clip 5/15 (36.800s to 46.800s)
2026-08-17 00:09:57,409 SpawnProcess-6 INFO transilvania_studio_xYWz57s51bU_166s-361s.mp4: completed
2026-08-17 00:10:00,003 SpawnProcess-8 INFO transilvania_studio_gQfjEnGDxVs_253s-665s.mp4: encoding clip 14/15 (198.600s to 208.600s)
2026-08-17 00:10:04,190 SpawnProcess-15 INFO transilvania_studio_lKEtqFKS7zg_355s-511s.mp4: encoding clip 6/15 (10.000s to 20.000s)
2026-08-17 00:10:06,588 SpawnProcess-8 INFO transilvania_studio_gQfjEnGDxVs_253s-665s.mp4: encoding clip 15/15 (231.200s to 240.800s)
2026-08-17 00:10:12,589 SpawnProcess-8 INFO transilvania_studio_gQfjEnGDxVs_253s-665s.mp4: completed
2026-08-17 00:10:13,535 SpawnProcess-12 INFO transilvania_studio_jN_QE8TPt3c_full.mp4: selected 15 clips
2026-08-17 00:10:13,541 SpawnProcess-12 INFO transilvania_studio_jN_QE8TPt3c_full.mp4: encoding clip 1/15 (179.800s to 188.600s)
2026-08-17 00:10:13,659 SpawnProcess-15 INFO transilvania_studio_lKEtqFKS7zg_355s-511s.mp4: encoding clip 7/15 (56.800s to 62.800s)
2026-08-17 00:10:13,728 SpawnProcess-13 INFO transilvania_studio_aL8v6JMj6vM_0s-596s.mp4: selected 1 clips
2026-08-17 00:10:13,735 SpawnProcess-13 INFO transilvania_studio_aL8v6JMj6vM_0s-596s.mp4: encoding clip 1/1 (576.000s to 581.000s)
2026-08-17 00:10:16,621 SpawnProcess-2 INFO transilvania_studio_WSJHhbvI_2U_0s-398s.mp4: selected 14 clips
2026-08-17 00:10:16,624 SpawnProcess-2 INFO transilvania_studio_WSJHhbvI_2U_0s-398s.mp4: encoding clip 1/14 (283.200s to 293.200s)
2026-08-17 00:10:16,774 SpawnProcess-10 INFO transilvania_studio_pspeRvvIt68_84s-461s.mp4: selected 12 clips
2026-08-17 00:10:16,777 SpawnProcess-10 INFO transilvania_studio_pspeRvvIt68_84s-461s.mp4: encoding clip 1/12 (99.800s to 109.800s)
2026-08-17 00:10:20,804 SpawnProcess-13 INFO transilvania_studio_aL8v6JMj6vM_0s-596s.mp4: completed
2026-08-17 00:10:21,000 SpawnProcess-15 INFO transilvania_studio_lKEtqFKS7zg_355s-511s.mp4: encoding clip 8/15 (133.000s to 143.000s)
2026-08-17 00:10:22,711 SpawnProcess-12 INFO transilvania_studio_jN_QE8TPt3c_full.mp4: encoding clip 2/15 (213.800s to 222.000s)
2026-08-17 00:10:30,227 SpawnProcess-10 INFO transilvania_studio_pspeRvvIt68_84s-461s.mp4: encoding clip 2/12 (109.800s to 115.000s)
2026-08-17 00:10:31,347 SpawnProcess-15 INFO transilvania_studio_lKEtqFKS7zg_355s-511s.mp4: encoding clip 9/15 (46.800s to 56.800s)
2026-08-17 00:10:32,011 SpawnProcess-12 INFO transilvania_studio_jN_QE8TPt3c_full.mp4: encoding clip 3/15 (152.600s to 160.200s)
2026-08-17 00:10:38,196 SpawnProcess-10 INFO transilvania_studio_pspeRvvIt68_84s-461s.mp4: encoding clip 3/12 (353.600s to 359.200s)
2026-08-17 00:10:40,392 SpawnProcess-12 INFO transilvania_studio_jN_QE8TPt3c_full.mp4: encoding clip 4/15 (254.200s to 260.000s)
2026-08-17 00:10:40,715 SpawnProcess-15 INFO transilvania_studio_lKEtqFKS7zg_355s-511s.mp4: encoding clip 10/15 (26.800s to 36.800s)
2026-08-17 00:10:41,111 SpawnProcess-2 INFO transilvania_studio_WSJHhbvI_2U_0s-398s.mp4: encoding clip 2/14 (313.200s to 323.200s)
2026-08-17 00:10:46,089 SpawnProcess-10 INFO transilvania_studio_pspeRvvIt68_84s-461s.mp4: encoding clip 4/12 (283.800s to 293.800s)
2026-08-17 00:10:47,138 SpawnProcess-12 INFO transilvania_studio_jN_QE8TPt3c_full.mp4: encoding clip 5/15 (164.200s to 169.800s)
2026-08-17 00:10:50,264 SpawnProcess-15 INFO transilvania_studio_lKEtqFKS7zg_355s-511s.mp4: encoding clip 11/15 (0.000s to 10.000s)
2026-08-17 00:10:54,142 SpawnProcess-12 INFO transilvania_studio_jN_QE8TPt3c_full.mp4: encoding clip 6/15 (122.800s to 128.200s)
2026-08-17 00:10:57,456 SpawnProcess-10 INFO transilvania_studio_pspeRvvIt68_84s-461s.mp4: encoding clip 5/12 (222.800s to 232.800s)
2026-08-17 00:11:00,249 SpawnProcess-15 INFO transilvania_studio_lKEtqFKS7zg_355s-511s.mp4: encoding clip 12/15 (93.000s to 103.000s)
2026-08-17 00:11:00,957 SpawnProcess-12 INFO transilvania_studio_jN_QE8TPt3c_full.mp4: encoding clip 7/15 (10.200s to 20.200s)
2026-08-17 00:11:04,700 SpawnProcess-2 INFO transilvania_studio_WSJHhbvI_2U_0s-398s.mp4: encoding clip 3/14 (273.200s to 283.200s)
2026-08-17 00:11:08,726 SpawnProcess-10 INFO transilvania_studio_pspeRvvIt68_84s-461s.mp4: encoding clip 6/12 (250.800s to 260.800s)
2026-08-17 00:11:10,016 SpawnProcess-15 INFO transilvania_studio_lKEtqFKS7zg_355s-511s.mp4: encoding clip 13/15 (146.800s to 156.200s)
2026-08-17 00:11:13,158 SpawnProcess-12 INFO transilvania_studio_jN_QE8TPt3c_full.mp4: encoding clip 8/15 (20.200s to 26.400s)
2026-08-17 00:11:20,434 SpawnProcess-15 INFO transilvania_studio_lKEtqFKS7zg_355s-511s.mp4: encoding clip 14/15 (113.000s to 123.000s)
2026-08-17 00:11:20,832 SpawnProcess-10 INFO transilvania_studio_pspeRvvIt68_84s-461s.mp4: encoding clip 7/12 (1.800s to 6.800s)
2026-08-17 00:11:21,457 SpawnProcess-12 INFO transilvania_studio_jN_QE8TPt3c_full.mp4: encoding clip 9/15 (229.800s to 238.000s)
2026-08-17 00:11:29,335 SpawnProcess-10 INFO transilvania_studio_pspeRvvIt68_84s-461s.mp4: encoding clip 8/12 (232.800s to 242.800s)
2026-08-17 00:11:30,496 SpawnProcess-12 INFO transilvania_studio_jN_QE8TPt3c_full.mp4: encoding clip 10/15 (102.800s to 112.800s)
2026-08-17 00:11:31,213 SpawnProcess-2 INFO transilvania_studio_WSJHhbvI_2U_0s-398s.mp4: encoding clip 4/14 (303.200s to 313.200s)
2026-08-17 00:11:31,625 SpawnProcess-15 INFO transilvania_studio_lKEtqFKS7zg_355s-511s.mp4: encoding clip 15/15 (123.000s to 133.000s)
2026-08-17 00:11:39,787 SpawnProcess-3 INFO transilvania_studio_lTV3VxVqQnI_0s-544s.mp4: selected 7 clips
2026-08-17 00:11:39,792 SpawnProcess-3 INFO transilvania_studio_lTV3VxVqQnI_0s-544s.mp4: encoding clip 1/7 (123.200s to 133.200s)
2026-08-17 00:11:41,937 SpawnProcess-15 INFO transilvania_studio_lKEtqFKS7zg_355s-511s.mp4: completed
2026-08-17 00:11:42,407 SpawnProcess-10 INFO transilvania_studio_pspeRvvIt68_84s-461s.mp4: encoding clip 9/12 (303.800s to 308.800s)
2026-08-17 00:11:43,403 SpawnProcess-12 INFO transilvania_studio_jN_QE8TPt3c_full.mp4: encoding clip 11/15 (189.600s to 199.600s)
2026-08-17 00:11:44,674 SpawnProcess-5 INFO transilvania_studio_qXUBLyIbftg_0s-300s.mp4: selected 15 clips
2026-08-17 00:11:44,680 SpawnProcess-5 INFO transilvania_studio_qXUBLyIbftg_0s-300s.mp4: encoding clip 1/15 (58.600s to 64.800s)
2026-08-17 00:11:50,337 SpawnProcess-10 INFO transilvania_studio_pspeRvvIt68_84s-461s.mp4: encoding clip 10/12 (333.000s to 343.000s)
2026-08-17 00:11:52,070 SpawnProcess-3 INFO transilvania_studio_lTV3VxVqQnI_0s-544s.mp4: encoding clip 2/7 (440.800s to 448.600s)
2026-08-17 00:11:54,191 SpawnProcess-5 INFO transilvania_studio_qXUBLyIbftg_0s-300s.mp4: encoding clip 2/15 (213.400s to 223.400s)
2026-08-17 00:11:54,570 SpawnProcess-2 INFO transilvania_studio_WSJHhbvI_2U_0s-398s.mp4: encoding clip 5/14 (293.200s to 303.200s)
2026-08-17 00:11:54,736 SpawnProcess-12 INFO transilvania_studio_jN_QE8TPt3c_full.mp4: encoding clip 12/15 (264.800s to 273.000s)
2026-08-17 00:12:02,104 SpawnProcess-10 INFO transilvania_studio_pspeRvvIt68_84s-461s.mp4: encoding clip 11/12 (293.800s to 303.800s)
2026-08-17 00:12:02,669 SpawnProcess-3 INFO transilvania_studio_lTV3VxVqQnI_0s-544s.mp4: encoding clip 3/7 (133.200s to 143.200s)
2026-08-17 00:12:03,668 SpawnProcess-12 INFO transilvania_studio_jN_QE8TPt3c_full.mp4: encoding clip 13/15 (43.000s to 48.800s)
2026-08-17 00:12:06,807 SpawnProcess-5 INFO transilvania_studio_qXUBLyIbftg_0s-300s.mp4: encoding clip 3/15 (30.000s to 40.000s)
2026-08-17 00:12:11,485 SpawnProcess-12 INFO transilvania_studio_jN_QE8TPt3c_full.mp4: encoding clip 14/15 (80.400s to 90.400s)
2026-08-17 00:12:14,647 SpawnProcess-10 INFO transilvania_studio_pspeRvvIt68_84s-461s.mp4: encoding clip 12/12 (117.600s to 125.800s)
2026-08-17 00:12:15,523 SpawnProcess-3 INFO transilvania_studio_lTV3VxVqQnI_0s-544s.mp4: encoding clip 4/7 (160.800s to 170.800s)
2026-08-17 00:12:17,751 SpawnProcess-2 INFO transilvania_studio_WSJHhbvI_2U_0s-398s.mp4: encoding clip 6/14 (346.800s to 356.800s)
2026-08-17 00:12:20,540 SpawnProcess-5 INFO transilvania_studio_qXUBLyIbftg_0s-300s.mp4: encoding clip 4/15 (0.000s to 10.000s)
2026-08-17 00:12:23,104 SpawnProcess-12 INFO transilvania_studio_jN_QE8TPt3c_full.mp4: encoding clip 15/15 (135.800s to 145.800s)
2026-08-17 00:12:27,198 SpawnProcess-10 INFO transilvania_studio_pspeRvvIt68_84s-461s.mp4: completed
2026-08-17 00:12:27,574 SpawnProcess-3 INFO transilvania_studio_lTV3VxVqQnI_0s-544s.mp4: encoding clip 5/7 (170.800s to 180.800s)
2026-08-17 00:12:32,857 SpawnProcess-5 INFO transilvania_studio_qXUBLyIbftg_0s-300s.mp4: encoding clip 5/15 (20.000s to 30.000s)
2026-08-17 00:12:33,889 SpawnProcess-12 INFO transilvania_studio_jN_QE8TPt3c_full.mp4: completed
2026-08-17 00:12:37,533 SpawnProcess-3 INFO transilvania_studio_lTV3VxVqQnI_0s-544s.mp4: encoding clip 6/7 (449.600s to 459.000s)
2026-08-17 00:12:39,498 SpawnProcess-2 INFO transilvania_studio_WSJHhbvI_2U_0s-398s.mp4: encoding clip 7/14 (183.600s to 193.600s)
2026-08-17 00:12:42,863 SpawnProcess-5 INFO transilvania_studio_qXUBLyIbftg_0s-300s.mp4: encoding clip 6/15 (185.400s to 195.400s)
2026-08-17 00:12:44,149 SpawnProcess-7 INFO transilvania_studio_cnFQyYqUD2Y_0s-420s.mp4: selected 15 clips
2026-08-17 00:12:44,151 SpawnProcess-7 INFO transilvania_studio_cnFQyYqUD2Y_0s-420s.mp4: encoding clip 1/15 (162.600s to 172.600s)
2026-08-17 00:12:46,260 SpawnProcess-3 INFO transilvania_studio_lTV3VxVqQnI_0s-544s.mp4: encoding clip 7/7 (297.600s to 307.600s)
2026-08-17 00:12:49,158 SpawnProcess-9 INFO transilvania_studio_y5P5Na8A6Kk_0s-330s.mp4: selected 0 clips
2026-08-17 00:12:49,159 SpawnProcess-9 INFO transilvania_studio_y5P5Na8A6Kk_0s-330s.mp4: zero-clip diagnostics: {'total_samples': 1441, 'talking_samples': 4, 'longest_run_seconds': 0.2, 'eligible_talking_windows': 0, 'presence_rejected': 0, 'cut_rejected': 0, 'face_rejected': 0, 'speech_rejected': 0}
2026-08-17 00:12:49,167 SpawnProcess-9 INFO transilvania_studio_y5P5Na8A6Kk_0s-330s.mp4: completed
2026-08-17 00:12:49,586 SpawnProcess-16 INFO transilvania_studio_hOmpijRJvs8_0s-450s.mp4: selected 15 clips
2026-08-17 00:12:49,588 SpawnProcess-16 INFO transilvania_studio_hOmpijRJvs8_0s-450s.mp4: encoding clip 1/15 (206.800s to 216.800s)
2026-08-17 00:12:52,516 SpawnProcess-1 INFO transilvania_studio_y5U9XOuMfV8_491s-874s.mp4: selected 15 clips
2026-08-17 00:12:52,518 SpawnProcess-1 INFO transilvania_studio_y5U9XOuMfV8_491s-874s.mp4: encoding clip 1/15 (200.000s to 210.000s)
2026-08-17 00:12:53,707 SpawnProcess-5 INFO transilvania_studio_qXUBLyIbftg_0s-300s.mp4: encoding clip 7/15 (96.200s to 106.200s)
2026-08-17 00:12:55,427 SpawnProcess-3 INFO transilvania_studio_lTV3VxVqQnI_0s-544s.mp4: completed
2026-08-17 00:12:57,855 SpawnProcess-2 INFO transilvania_studio_WSJHhbvI_2U_0s-398s.mp4: encoding clip 8/14 (257.200s to 267.200s)
2026-08-17 00:12:59,892 SpawnProcess-1 INFO transilvania_studio_y5U9XOuMfV8_491s-874s.mp4: encoding clip 2/15 (178.800s to 187.400s)
2026-08-17 00:12:59,958 SpawnProcess-7 INFO transilvania_studio_cnFQyYqUD2Y_0s-420s.mp4: encoding clip 2/15 (407.800s to 417.800s)
2026-08-17 00:13:01,558 SpawnProcess-5 INFO transilvania_studio_qXUBLyIbftg_0s-300s.mp4: encoding clip 8/15 (134.200s to 144.200s)
2026-08-17 00:13:02,403 SpawnProcess-16 INFO transilvania_studio_hOmpijRJvs8_0s-450s.mp4: encoding clip 2/15 (233.800s to 243.800s)
2026-08-17 00:13:05,652 SpawnProcess-1 INFO transilvania_studio_y5U9XOuMfV8_491s-874s.mp4: encoding clip 3/15 (45.400s to 55.400s)
2026-08-17 00:13:10,431 SpawnProcess-5 INFO transilvania_studio_qXUBLyIbftg_0s-300s.mp4: encoding clip 9/15 (223.400s to 230.400s)
2026-08-17 00:13:12,674 SpawnProcess-7 INFO transilvania_studio_cnFQyYqUD2Y_0s-420s.mp4: encoding clip 3/15 (347.000s to 357.000s)
2026-08-17 00:13:12,688 SpawnProcess-1 INFO transilvania_studio_y5U9XOuMfV8_491s-874s.mp4: encoding clip 4/15 (316.400s to 326.400s)
2026-08-17 00:13:12,851 SpawnProcess-2 INFO transilvania_studio_WSJHhbvI_2U_0s-398s.mp4: encoding clip 9/14 (227.200s to 237.200s)
2026-08-17 00:13:13,610 SpawnProcess-16 INFO transilvania_studio_hOmpijRJvs8_0s-450s.mp4: encoding clip 3/15 (33.000s to 43.000s)
2026-08-17 00:13:16,706 SpawnProcess-5 INFO transilvania_studio_qXUBLyIbftg_0s-300s.mp4: encoding clip 10/15 (289.000s to 299.000s)
2026-08-17 00:13:19,541 SpawnProcess-1 INFO transilvania_studio_y5U9XOuMfV8_491s-874s.mp4: encoding clip 5/15 (218.200s to 228.200s)
2026-08-17 00:13:25,815 SpawnProcess-5 INFO transilvania_studio_qXUBLyIbftg_0s-300s.mp4: encoding clip 11/15 (175.400s to 185.400s)
2026-08-17 00:13:26,681 SpawnProcess-16 INFO transilvania_studio_hOmpijRJvs8_0s-450s.mp4: encoding clip 4/15 (176.200s to 186.200s)
2026-08-17 00:13:26,991 SpawnProcess-1 INFO transilvania_studio_y5U9XOuMfV8_491s-874s.mp4: encoding clip 6/15 (75.400s to 83.200s)
2026-08-17 00:13:27,010 SpawnProcess-7 INFO transilvania_studio_cnFQyYqUD2Y_0s-420s.mp4: encoding clip 4/15 (201.800s to 211.800s)
2026-08-17 00:13:27,922 SpawnProcess-2 INFO transilvania_studio_WSJHhbvI_2U_0s-398s.mp4: encoding clip 10/14 (247.200s to 257.200s)
2026-08-17 00:13:33,123 SpawnProcess-1 INFO transilvania_studio_y5U9XOuMfV8_491s-874s.mp4: encoding clip 7/15 (173.200s to 178.200s)
2026-08-17 00:13:34,816 SpawnProcess-5 INFO transilvania_studio_qXUBLyIbftg_0s-300s.mp4: encoding clip 12/15 (40.000s to 50.000s)
2026-08-17 00:13:37,684 SpawnProcess-1 INFO transilvania_studio_y5U9XOuMfV8_491s-874s.mp4: encoding clip 8/15 (283.200s to 291.000s)
2026-08-17 00:13:38,912 SpawnProcess-16 INFO transilvania_studio_hOmpijRJvs8_0s-450s.mp4: encoding clip 5/15 (339.800s to 349.800s)
2026-08-17 00:13:39,291 SpawnProcess-11 INFO transilvania_studio_vCZ2f6cmAFo_456s-827s.mp4: selected 15 clips
2026-08-17 00:13:39,294 SpawnProcess-11 INFO transilvania_studio_vCZ2f6cmAFo_456s-827s.mp4: encoding clip 1/15 (261.600s to 271.600s)
2026-08-17 00:13:40,721 SpawnProcess-7 INFO transilvania_studio_cnFQyYqUD2Y_0s-420s.mp4: encoding clip 5/15 (337.000s to 347.000s)
2026-08-17 00:13:42,966 SpawnProcess-1 INFO transilvania_studio_y5U9XOuMfV8_491s-874s.mp4: encoding clip 9/15 (96.000s to 106.000s)
2026-08-17 00:13:43,137 SpawnProcess-2 INFO transilvania_studio_WSJHhbvI_2U_0s-398s.mp4: encoding clip 11/14 (237.200s to 247.200s)
2026-08-17 00:13:43,405 SpawnProcess-5 INFO transilvania_studio_qXUBLyIbftg_0s-300s.mp4: encoding clip 13/15 (67.400s to 77.400s)
2026-08-17 00:13:49,917 SpawnProcess-1 INFO transilvania_studio_y5U9XOuMfV8_491s-874s.mp4: encoding clip 10/15 (2.400s to 12.400s)
2026-08-17 00:13:51,054 SpawnProcess-16 INFO transilvania_studio_hOmpijRJvs8_0s-450s.mp4: encoding clip 6/15 (91.800s to 101.800s)
2026-08-17 00:13:51,692 SpawnProcess-5 INFO transilvania_studio_qXUBLyIbftg_0s-300s.mp4: encoding clip 14/15 (243.800s to 253.800s)
2026-08-17 00:13:52,273 SpawnProcess-11 INFO transilvania_studio_vCZ2f6cmAFo_456s-827s.mp4: encoding clip 2/15 (139.800s to 149.800s)
2026-08-17 00:13:55,050 SpawnProcess-7 INFO transilvania_studio_cnFQyYqUD2Y_0s-420s.mp4: encoding clip 6/15 (191.800s to 201.800s)
2026-08-17 00:13:56,486 SpawnProcess-1 INFO transilvania_studio_y5U9XOuMfV8_491s-874s.mp4: encoding clip 11/15 (273.200s to 283.200s)
2026-08-17 00:13:57,275 SpawnProcess-2 INFO transilvania_studio_WSJHhbvI_2U_0s-398s.mp4: encoding clip 12/14 (169.800s to 179.800s)
2026-08-17 00:13:59,932 SpawnProcess-5 INFO transilvania_studio_qXUBLyIbftg_0s-300s.mp4: encoding clip 15/15 (106.200s to 115.200s)
2026-08-17 00:14:02,484 SpawnProcess-16 INFO transilvania_studio_hOmpijRJvs8_0s-450s.mp4: encoding clip 7/15 (266.000s to 272.400s)
2026-08-17 00:14:02,916 SpawnProcess-1 INFO transilvania_studio_y5U9XOuMfV8_491s-874s.mp4: encoding clip 12/15 (133.800s to 143.800s)
2026-08-17 00:14:04,447 SpawnProcess-11 INFO transilvania_studio_vCZ2f6cmAFo_456s-827s.mp4: encoding clip 3/15 (59.000s to 64.000s)
2026-08-17 00:14:08,193 SpawnProcess-5 INFO transilvania_studio_qXUBLyIbftg_0s-300s.mp4: completed
2026-08-17 00:14:09,377 SpawnProcess-1 INFO transilvania_studio_y5U9XOuMfV8_491s-874s.mp4: encoding clip 13/15 (106.000s to 116.000s)
2026-08-17 00:14:09,416 SpawnProcess-7 INFO transilvania_studio_cnFQyYqUD2Y_0s-420s.mp4: encoding clip 7/15 (236.200s to 246.200s)
2026-08-17 00:14:10,082 SpawnProcess-16 INFO transilvania_studio_hOmpijRJvs8_0s-450s.mp4: encoding clip 8/15 (13.000s to 18.000s)
2026-08-17 00:14:11,045 SpawnProcess-11 INFO transilvania_studio_vCZ2f6cmAFo_456s-827s.mp4: encoding clip 4/15 (342.400s to 350.000s)
2026-08-17 00:14:11,490 SpawnProcess-2 INFO transilvania_studio_WSJHhbvI_2U_0s-398s.mp4: encoding clip 13/14 (93.400s to 100.800s)
2026-08-17 00:14:15,027 SpawnProcess-1 INFO transilvania_studio_y5U9XOuMfV8_491s-874s.mp4: encoding clip 14/15 (12.400s to 22.400s)
2026-08-17 00:14:15,817 SpawnProcess-16 INFO transilvania_studio_hOmpijRJvs8_0s-450s.mp4: encoding clip 9/15 (166.200s to 176.200s)
2026-08-17 00:14:20,031 SpawnProcess-11 INFO transilvania_studio_vCZ2f6cmAFo_456s-827s.mp4: encoding clip 5/15 (0.200s to 10.200s)
2026-08-17 00:14:21,196 SpawnProcess-1 INFO transilvania_studio_y5U9XOuMfV8_491s-874s.mp4: encoding clip 15/15 (232.800s to 238.400s)
2026-08-17 00:14:21,635 SpawnProcess-7 INFO transilvania_studio_cnFQyYqUD2Y_0s-420s.mp4: encoding clip 8/15 (227.600s to 235.200s)
2026-08-17 00:14:21,817 SpawnProcess-2 INFO transilvania_studio_WSJHhbvI_2U_0s-398s.mp4: encoding clip 14/14 (102.000s to 112.000s)
2026-08-17 00:14:25,072 SpawnProcess-1 INFO transilvania_studio_y5U9XOuMfV8_491s-874s.mp4: completed
2026-08-17 00:14:26,072 SpawnProcess-16 INFO transilvania_studio_hOmpijRJvs8_0s-450s.mp4: encoding clip 10/15 (186.200s to 195.800s)
2026-08-17 00:14:30,296 SpawnProcess-11 INFO transilvania_studio_vCZ2f6cmAFo_456s-827s.mp4: encoding clip 6/15 (10.200s to 20.200s)
2026-08-17 00:14:30,590 SpawnProcess-7 INFO transilvania_studio_cnFQyYqUD2Y_0s-420s.mp4: encoding clip 9/15 (365.400s to 371.200s)
2026-08-17 00:14:33,616 SpawnProcess-2 INFO transilvania_studio_WSJHhbvI_2U_0s-398s.mp4: completed
2026-08-17 00:14:34,307 SpawnProcess-16 INFO transilvania_studio_hOmpijRJvs8_0s-450s.mp4: encoding clip 11/15 (101.800s to 108.000s)
2026-08-17 00:14:36,976 SpawnProcess-7 INFO transilvania_studio_cnFQyYqUD2Y_0s-420s.mp4: encoding clip 10/15 (246.200s to 255.200s)
2026-08-17 00:14:38,465 SpawnProcess-11 INFO transilvania_studio_vCZ2f6cmAFo_456s-827s.mp4: encoding clip 7/15 (49.000s to 59.000s)
2026-08-17 00:14:39,621 SpawnProcess-16 INFO transilvania_studio_hOmpijRJvs8_0s-450s.mp4: encoding clip 12/15 (116.400s to 126.000s)
2026-08-17 00:14:45,706 SpawnProcess-7 INFO transilvania_studio_cnFQyYqUD2Y_0s-420s.mp4: encoding clip 11/15 (397.400s to 403.800s)
2026-08-17 00:14:46,866 SpawnProcess-11 INFO transilvania_studio_vCZ2f6cmAFo_456s-827s.mp4: encoding clip 8/15 (217.800s to 224.000s)
2026-08-17 00:14:47,206 SpawnProcess-16 INFO transilvania_studio_hOmpijRJvs8_0s-450s.mp4: encoding clip 13/15 (127.400s to 134.400s)
2026-08-17 00:14:52,293 SpawnProcess-7 INFO transilvania_studio_cnFQyYqUD2Y_0s-420s.mp4: encoding clip 12/15 (373.200s to 383.200s)
2026-08-17 00:14:52,404 SpawnProcess-11 INFO transilvania_studio_vCZ2f6cmAFo_456s-827s.mp4: encoding clip 9/15 (91.800s to 100.000s)
2026-08-17 00:14:53,188 SpawnProcess-16 INFO transilvania_studio_hOmpijRJvs8_0s-450s.mp4: encoding clip 14/15 (421.400s to 426.800s)
2026-08-17 00:14:57,802 SpawnProcess-16 INFO transilvania_studio_hOmpijRJvs8_0s-450s.mp4: encoding clip 15/15 (256.000s to 266.000s)
2026-08-17 00:14:59,273 SpawnProcess-11 INFO transilvania_studio_vCZ2f6cmAFo_456s-827s.mp4: encoding clip 10/15 (231.600s to 241.600s)
2026-08-17 00:15:01,808 SpawnProcess-7 INFO transilvania_studio_cnFQyYqUD2Y_0s-420s.mp4: encoding clip 13/15 (270.400s to 276.000s)
2026-08-17 00:15:05,967 SpawnProcess-16 INFO transilvania_studio_hOmpijRJvs8_0s-450s.mp4: completed
2026-08-17 00:15:07,399 SpawnProcess-11 INFO transilvania_studio_vCZ2f6cmAFo_456s-827s.mp4: encoding clip 11/15 (20.200s to 30.200s)
2026-08-17 00:15:07,519 SpawnProcess-7 INFO transilvania_studio_cnFQyYqUD2Y_0s-420s.mp4: encoding clip 14/15 (277.800s to 287.800s)
2026-08-17 00:15:14,576 SpawnProcess-11 INFO transilvania_studio_vCZ2f6cmAFo_456s-827s.mp4: encoding clip 12/15 (126.200s to 135.600s)
2026-08-17 00:15:15,679 SpawnProcess-7 INFO transilvania_studio_cnFQyYqUD2Y_0s-420s.mp4: encoding clip 15/15 (256.600s to 266.600s)
2026-08-17 00:15:21,205 SpawnProcess-11 INFO transilvania_studio_vCZ2f6cmAFo_456s-827s.mp4: encoding clip 13/15 (332.400s to 342.400s)
2026-08-17 00:15:24,051 SpawnProcess-7 INFO transilvania_studio_cnFQyYqUD2Y_0s-420s.mp4: completed
2026-08-17 00:15:27,929 SpawnProcess-11 INFO transilvania_studio_vCZ2f6cmAFo_456s-827s.mp4: encoding clip 14/15 (169.800s to 179.800s)
2026-08-17 00:15:34,418 SpawnProcess-11 INFO transilvania_studio_vCZ2f6cmAFo_456s-827s.mp4: encoding clip 15/15 (209.600s to 216.600s)
2026-08-17 00:15:39,165 SpawnProcess-11 INFO transilvania_studio_vCZ2f6cmAFo_456s-827s.mp4: completed
2026-08-17 00:19:37,656 SpawnProcess-4 INFO transilvania_studio_gBVOVfvNExQ_0s-420s.mp4: selected 4 clips
2026-08-17 00:19:37,657 SpawnProcess-4 INFO transilvania_studio_gBVOVfvNExQ_0s-420s.mp4: encoding clip 1/4 (178.000s to 184.800s)
2026-08-17 00:19:54,671 SpawnProcess-4 INFO transilvania_studio_gBVOVfvNExQ_0s-420s.mp4: encoding clip 2/4 (362.200s to 369.400s)
2026-08-17 00:20:11,640 SpawnProcess-4 INFO transilvania_studio_gBVOVfvNExQ_0s-420s.mp4: encoding clip 3/4 (159.600s to 169.600s)
2026-08-17 00:20:34,985 SpawnProcess-4 INFO transilvania_studio_gBVOVfvNExQ_0s-420s.mp4: encoding clip 4/4 (187.000s to 192.000s)
2026-08-17 00:20:47,497 SpawnProcess-4 INFO transilvania_studio_gBVOVfvNExQ_0s-420s.mp4: completed
2026-08-17 00:20:48,349 MainProcess INFO Completed 3293 clips from 319 caches
