2026-08-16 17:40:13,305 MainThread INFO Starting 321 videos; device=0; decode_workers=8; gpu_batch_size=512
2026-08-16 17:40:13,658 ThreadPoolExecutor-0_2 INFO maramures_itw_JazkwF_o6qE_full.mp4: decoder started (frames=10305, 720x1280, fps=50.000)
2026-08-16 17:40:13,666 ThreadPoolExecutor-0_7 INFO maramures_itw_iZhuatRoCGY_full.mp4: decoder started (frames=6443, 1920x1080, fps=25.000)
2026-08-16 17:40:13,672 ThreadPoolExecutor-0_0 INFO maramures_itw_-Whhys-_3qE_full.mp4: decoder started (frames=12312, 638x360, fps=30.000)
2026-08-16 17:40:13,676 ThreadPoolExecutor-0_6 INFO maramures_itw_fnxC5E_l9OU_0s-538s.mp4: decoder started (frames=12901, 1920x1080, fps=23.976)
2026-08-16 17:40:13,683 ThreadPoolExecutor-0_3 INFO maramures_itw_NUkrggK2v9s_0s-257s.mp4: decoder started (frames=6426, 1920x1080, fps=25.000)
2026-08-16 17:40:13,687 ThreadPoolExecutor-0_1 INFO maramures_itw_5LliDRFbBOk_full.mp4: decoder started (frames=7177, 1920x1080, fps=30.000)
2026-08-16 17:40:13,696 ThreadPoolExecutor-0_4 INFO maramures_itw_PsnpON8qAuo_243s-460s.mp4: decoder started (frames=10969, 1280x720, fps=50.000)
2026-08-16 17:40:13,725 ThreadPoolExecutor-0_5 INFO maramures_itw_PspxrrWCJPY_full.mp4: decoder started (frames=8294, 1920x1080, fps=25.000)
2026-08-16 17:40:19,330 MainThread INFO GPU inference started for 512 sampled frames
2026-08-16 17:40:31,871 MainThread INFO GPU inference completed for 512 sampled frames
2026-08-16 17:40:31,874 MainThread INFO GPU inference started for 512 sampled frames
2026-08-16 17:40:38,120 MainThread INFO GPU inference completed for 512 sampled frames
2026-08-16 17:40:38,123 MainThread INFO GPU inference started for 512 sampled frames
2026-08-16 17:40:39,115 ThreadPoolExecutor-0_0 INFO maramures_itw_-Whhys-_3qE_full.mp4: decoder completed
2026-08-16 17:40:39,527 ThreadPoolExecutor-0_0 INFO maramures_itw_qE95s74bb5o_full.mp4: decoder started (frames=4683, 1920x1080, fps=25.000)
2026-08-16 17:40:44,253 MainThread INFO GPU inference completed for 512 sampled frames
2026-08-16 17:40:44,256 MainThread INFO GPU inference started for 512 sampled frames
2026-08-16 17:40:50,451 MainThread INFO GPU inference completed for 512 sampled frames
2026-08-16 17:40:50,454 MainThread INFO GPU inference started for 512 sampled frames
2026-08-16 17:40:56,533 MainThread INFO GPU inference completed for 512 sampled frames
2026-08-16 17:40:56,537 MainThread INFO GPU inference started for 512 sampled frames
2026-08-16 17:41:02,741 MainThread INFO GPU inference completed for 512 sampled frames
2026-08-16 17:41:02,743 MainThread INFO GPU inference started for 512 sampled frames
2026-08-16 17:41:08,702 MainThread INFO GPU inference completed for 512 sampled frames
2026-08-16 17:41:08,755 MainThread INFO maramures_itw_-Whhys-_3qE_full.mp4: wrote ../videos_extracted/maramures_itw_-Whhys-_3qE_full/detections.json with 2052 sampled frames
2026-08-16 17:41:08,758 MainThread INFO GPU inference started for 512 sampled frames
2026-08-16 17:41:15,329 MainThread INFO GPU inference completed for 512 sampled frames
2026-08-16 17:41:15,332 MainThread INFO GPU inference started for 512 sampled frames
2026-08-16 17:41:21,953 MainThread INFO GPU inference completed for 512 sampled frames
2026-08-16 17:41:21,963 MainThread INFO GPU inference started for 512 sampled frames
2026-08-16 17:41:28,556 MainThread INFO GPU inference completed for 512 sampled frames
2026-08-16 17:41:28,564 MainThread INFO GPU inference started for 512 sampled frames
2026-08-16 17:41:35,067 MainThread INFO GPU inference completed for 512 sampled frames
2026-08-16 17:41:35,071 MainThread INFO GPU inference started for 512 sampled frames
2026-08-16 17:41:39,759 ThreadPoolExecutor-0_2 INFO maramures_itw_JazkwF_o6qE_full.mp4: decoder completed
2026-08-16 17:41:40,208 ThreadPoolExecutor-0_2 INFO maramures_itw_s28vAJiSFUI_full.mp4: decoder started (frames=5676, 656x480, fps=25.000)
2026-08-16 17:41:41,474 MainThread INFO GPU inference completed for 512 sampled frames
2026-08-16 17:41:41,476 MainThread INFO GPU inference started for 512 sampled frames
2026-08-16 17:41:44,445 ThreadPoolExecutor-0_4 INFO maramures_itw_PsnpON8qAuo_243s-460s.mp4: decoder completed
2026-08-16 17:41:44,912 ThreadPoolExecutor-0_4 INFO maramures_itw_sEbUYUAsuag_full.mp4: decoder started (frames=10368, 1280x720, fps=25.000)
2026-08-16 17:41:48,206 MainThread INFO GPU inference completed for 512 sampled frames
2026-08-16 17:41:48,210 MainThread INFO GPU inference started for 512 sampled frames
2026-08-16 17:41:53,846 MainThread INFO GPU inference completed for 512 sampled frames
2026-08-16 17:41:53,850 MainThread INFO GPU inference started for 512 sampled frames
2026-08-16 17:41:58,993 MainThread INFO GPU inference completed for 512 sampled frames
2026-08-16 17:41:58,994 ThreadPoolExecutor-0_2 INFO maramures_itw_s28vAJiSFUI_full.mp4: decoder completed
2026-08-16 17:41:58,996 MainThread INFO GPU inference started for 512 sampled frames
2026-08-16 17:41:59,364 ThreadPoolExecutor-0_2 INFO maramures_itw_tAEC4uIc3p0_full.mp4: decoder started (frames=5135, 1920x1080, fps=29.970)
2026-08-16 17:42:05,132 MainThread INFO GPU inference completed for 512 sampled frames
2026-08-16 17:42:05,136 MainThread INFO GPU inference started for 512 sampled frames
2026-08-16 17:42:11,239 MainThread INFO GPU inference completed for 512 sampled frames
2026-08-16 17:42:11,266 MainThread INFO maramures_itw_JazkwF_o6qE_full.mp4: wrote ../videos_extracted/maramures_itw_JazkwF_o6qE_full/detections.json with 1031 sampled frames
2026-08-16 17:42:11,269 MainThread INFO GPU inference started for 512 sampled frames
2026-08-16 17:42:17,173 MainThread INFO GPU inference completed for 512 sampled frames
2026-08-16 17:42:17,193 MainThread INFO maramures_itw_PsnpON8qAuo_243s-460s.mp4: wrote ../videos_extracted/maramures_itw_PsnpON8qAuo_243s-460s/detections.json with 1086 sampled frames
2026-08-16 17:42:17,194 ThreadPoolExecutor-0_0 INFO maramures_itw_qE95s74bb5o_full.mp4: decoder completed
2026-08-16 17:42:17,196 MainThread INFO GPU inference started for 512 sampled frames
2026-08-16 17:42:17,612 ThreadPoolExecutor-0_0 INFO maramures_studio_6ZMbTa975KM_69s-350s.mp4: decoder started (frames=7033, 1920x1080, fps=25.000)
2026-08-16 17:42:22,746 MainThread INFO GPU inference completed for 512 sampled frames
2026-08-16 17:42:22,749 MainThread INFO GPU inference started for 512 sampled frames
2026-08-16 17:42:28,689 MainThread INFO GPU inference completed for 512 sampled frames
2026-08-16 17:42:28,694 MainThread INFO GPU inference started for 512 sampled frames
2026-08-16 17:42:34,001 MainThread INFO GPU inference completed for 512 sampled frames
2026-08-16 17:42:34,020 MainThread INFO maramures_itw_s28vAJiSFUI_full.mp4: wrote ../videos_extracted/maramures_itw_s28vAJiSFUI_full/detections.json with 1136 sampled frames
2026-08-16 17:42:34,021 ThreadPoolExecutor-0_3 INFO maramures_itw_NUkrggK2v9s_0s-257s.mp4: decoder completed
2026-08-16 17:42:34,022 ThreadPoolExecutor-0_7 INFO maramures_itw_iZhuatRoCGY_full.mp4: decoder completed
2026-08-16 17:42:34,024 MainThread INFO GPU inference started for 512 sampled frames
2026-08-16 17:42:34,234 ThreadPoolExecutor-0_7 INFO maramures_studio_Ae_DVgq94iA_0s-360s.mp4: decoder started (frames=9001, 1920x1080, fps=25.000)
2026-08-16 17:42:34,311 ThreadPoolExecutor-0_3 INFO maramures_studio_7CAWDWMnqfQ_74s-413s.mp4: decoder started (frames=17095, 1920x1080, fps=50.000)
2026-08-16 17:42:39,675 MainThread INFO GPU inference completed for 512 sampled frames
2026-08-16 17:42:39,677 MainThread INFO GPU inference started for 512 sampled frames
2026-08-16 17:42:45,583 MainThread INFO GPU inference completed for 512 sampled frames
2026-08-16 17:42:45,584 ThreadPoolExecutor-0_1 INFO maramures_itw_5LliDRFbBOk_full.mp4: decoder completed
2026-08-16 17:42:45,586 MainThread INFO GPU inference started for 512 sampled frames
2026-08-16 17:42:46,008 ThreadPoolExecutor-0_1 INFO maramures_studio_BrqhuTzDAWk_0s-569s.mp4: decoder started (frames=28451, 1920x1080, fps=50.000)
2026-08-16 17:42:51,425 MainThread INFO GPU inference completed for 512 sampled frames
2026-08-16 17:42:51,466 MainThread INFO maramures_itw_qE95s74bb5o_full.mp4: wrote ../videos_extracted/maramures_itw_qE95s74bb5o_full/detections.json with 937 sampled frames
2026-08-16 17:42:51,468 MainThread INFO GPU inference started for 512 sampled frames
2026-08-16 17:42:57,642 MainThread INFO GPU inference completed for 512 sampled frames
2026-08-16 17:42:57,645 MainThread INFO GPU inference started for 512 sampled frames
2026-08-16 17:43:03,638 MainThread INFO GPU inference completed for 512 sampled frames
2026-08-16 17:43:03,642 MainThread INFO GPU inference started for 512 sampled frames
2026-08-16 17:43:07,523 ThreadPoolExecutor-0_5 INFO maramures_itw_PspxrrWCJPY_full.mp4: decoder completed
2026-08-16 17:43:07,979 ThreadPoolExecutor-0_5 INFO maramures_studio_CGO-xCSmciU_0s-243s.mp4: decoder started (frames=12151, 1920x1080, fps=50.000)
2026-08-16 17:43:09,727 MainThread INFO GPU inference completed for 512 sampled frames
2026-08-16 17:43:09,747 MainThread INFO maramures_itw_NUkrggK2v9s_0s-257s.mp4: wrote ../videos_extracted/maramures_itw_NUkrggK2v9s_0s-257s/detections.json with 1286 sampled frames
2026-08-16 17:43:09,765 MainThread INFO maramures_itw_iZhuatRoCGY_full.mp4: wrote ../videos_extracted/maramures_itw_iZhuatRoCGY_full/detections.json with 1289 sampled frames
2026-08-16 17:43:09,766 MainThread INFO GPU inference started for 512 sampled frames
2026-08-16 17:43:16,095 MainThread INFO GPU inference completed for 512 sampled frames
2026-08-16 17:43:16,099 MainThread INFO GPU inference started for 512 sampled frames
2026-08-16 17:43:19,853 ThreadPoolExecutor-0_4 INFO maramures_itw_sEbUYUAsuag_full.mp4: decoder completed
2026-08-16 17:43:20,290 ThreadPoolExecutor-0_4 INFO maramures_studio_KX1gzo32ChU_234s-409s.mp4: decoder started (frames=4466, 1920x1080, fps=25.000)
2026-08-16 17:43:22,263 MainThread INFO GPU inference completed for 512 sampled frames
2026-08-16 17:43:22,283 MainThread INFO maramures_itw_5LliDRFbBOk_full.mp4: wrote ../videos_extracted/maramures_itw_5LliDRFbBOk_full/detections.json with 1197 sampled frames
2026-08-16 17:43:22,285 MainThread INFO GPU inference started for 512 sampled frames
2026-08-16 17:43:28,481 MainThread INFO GPU inference completed for 512 sampled frames
2026-08-16 17:43:28,484 MainThread INFO GPU inference started for 512 sampled frames
2026-08-16 17:43:34,753 MainThread INFO GPU inference completed for 512 sampled frames
2026-08-16 17:43:34,756 MainThread INFO GPU inference started for 512 sampled frames
2026-08-16 17:43:40,893 MainThread INFO GPU inference completed for 512 sampled frames
2026-08-16 17:43:40,895 MainThread INFO GPU inference started for 512 sampled frames
2026-08-16 17:43:46,422 ThreadPoolExecutor-0_2 INFO maramures_itw_tAEC4uIc3p0_full.mp4: decoder completed
2026-08-16 17:43:46,729 ThreadPoolExecutor-0_2 INFO maramures_studio_MeWnuNtbg0g_143s-600s.mp4: decoder started (frames=23005, 1920x1080, fps=50.000)
2026-08-16 17:43:46,782 MainThread INFO GPU inference completed for 512 sampled frames
2026-08-16 17:43:46,851 MainThread INFO maramures_itw_PspxrrWCJPY_full.mp4: wrote ../videos_extracted/maramures_itw_PspxrrWCJPY_full/detections.json with 1659 sampled frames
2026-08-16 17:43:46,854 MainThread INFO GPU inference started for 512 sampled frames
2026-08-16 17:43:52,940 MainThread INFO GPU inference completed for 512 sampled frames
2026-08-16 17:43:52,946 MainThread INFO GPU inference started for 512 sampled frames
2026-08-16 17:43:59,237 MainThread INFO GPU inference completed for 512 sampled frames
2026-08-16 17:43:59,267 MainThread INFO maramures_itw_sEbUYUAsuag_full.mp4: wrote ../videos_extracted/maramures_itw_sEbUYUAsuag_full/detections.json with 2074 sampled frames
2026-08-16 17:43:59,270 MainThread INFO GPU inference started for 512 sampled frames
2026-08-16 17:44:04,122 MainThread INFO GPU inference completed for 512 sampled frames
2026-08-16 17:44:04,126 MainThread INFO GPU inference started for 512 sampled frames
2026-08-16 17:44:09,169 MainThread INFO GPU inference completed for 512 sampled frames
2026-08-16 17:44:09,173 MainThread INFO GPU inference started for 512 sampled frames
2026-08-16 17:44:14,133 MainThread INFO GPU inference completed for 512 sampled frames
2026-08-16 17:44:14,147 MainThread INFO maramures_itw_tAEC4uIc3p0_full.mp4: wrote ../videos_extracted/maramures_itw_tAEC4uIc3p0_full/detections.json with 856 sampled frames
2026-08-16 17:44:14,150 MainThread INFO GPU inference started for 512 sampled frames
2026-08-16 17:44:19,128 MainThread INFO GPU inference completed for 512 sampled frames
2026-08-16 17:44:19,131 MainThread INFO GPU inference started for 512 sampled frames
2026-08-16 17:44:24,235 MainThread INFO GPU inference completed for 512 sampled frames
2026-08-16 17:44:24,241 MainThread INFO GPU inference started for 512 sampled frames
2026-08-16 17:44:29,276 MainThread INFO GPU inference completed for 512 sampled frames
2026-08-16 17:44:29,278 MainThread INFO GPU inference started for 512 sampled frames
2026-08-16 17:44:34,262 MainThread INFO GPU inference completed for 512 sampled frames
2026-08-16 17:44:37,900 MainThread INFO GPU inference started for 512 sampled frames
2026-08-16 17:44:40,420 ThreadPoolExecutor-0_0 INFO maramures_studio_6ZMbTa975KM_69s-350s.mp4: decoder completed
2026-08-16 17:44:40,795 ThreadPoolExecutor-0_0 INFO maramures_studio_O2zu3OxFqR8_1085s-1345s.mp4: decoder started (frames=13045, 1920x1080, fps=50.000)
2026-08-16 17:44:43,066 MainThread INFO GPU inference completed for 512 sampled frames
2026-08-16 17:44:45,393 ThreadPoolExecutor-0_6 INFO maramures_itw_fnxC5E_l9OU_0s-538s.mp4: decoder completed
2026-08-16 17:44:45,680 MainThread INFO GPU inference started for 512 sampled frames
2026-08-16 17:44:45,755 ThreadPoolExecutor-0_6 INFO maramures_studio_OiW2QqVrSK8_46s-347s.mp4: decoder started (frames=15291, 1920x1080, fps=50.000)
2026-08-16 17:44:50,767 MainThread INFO GPU inference completed for 512 sampled frames
2026-08-16 17:44:50,790 MainThread INFO maramures_studio_6ZMbTa975KM_69s-350s.mp4: wrote ../videos_extracted/maramures_studio_6ZMbTa975KM_69s-350s/detections.json with 1406 sampled frames
2026-08-16 17:44:50,848 MainThread INFO maramures_itw_fnxC5E_l9OU_0s-538s.mp4: wrote ../videos_extracted/maramures_itw_fnxC5E_l9OU_0s-538s/detections.json with 2581 sampled frames
2026-08-16 17:44:51,459 ThreadPoolExecutor-0_4 INFO maramures_studio_KX1gzo32ChU_234s-409s.mp4: decoder completed
2026-08-16 17:44:51,835 ThreadPoolExecutor-0_4 INFO maramures_studio_QdTq_r1UP8E_355s-784s.mp4: decoder started (frames=21461, 1920x1080, fps=50.000)
2026-08-16 17:44:57,510 MainThread INFO GPU inference started for 512 sampled frames
2026-08-16 17:45:02,656 MainThread INFO GPU inference completed for 512 sampled frames
2026-08-16 17:45:02,675 MainThread INFO maramures_studio_KX1gzo32ChU_234s-409s.mp4: wrote ../videos_extracted/maramures_studio_KX1gzo32ChU_234s-409s/detections.json with 876 sampled frames
2026-08-16 17:45:09,153 MainThread INFO GPU inference started for 512 sampled frames
2026-08-16 17:45:14,068 MainThread INFO GPU inference completed for 512 sampled frames
2026-08-16 17:45:18,990 MainThread INFO GPU inference started for 512 sampled frames
2026-08-16 17:45:23,976 MainThread INFO GPU inference completed for 512 sampled frames
2026-08-16 17:45:30,881 MainThread INFO GPU inference started for 512 sampled frames
2026-08-16 17:45:36,100 MainThread INFO GPU inference completed for 512 sampled frames
2026-08-16 17:45:37,065 ThreadPoolExecutor-0_7 INFO maramures_studio_Ae_DVgq94iA_0s-360s.mp4: decoder completed
2026-08-16 17:45:37,486 ThreadPoolExecutor-0_7 INFO maramures_studio_UYFQcvk7Lt0_0s-608s.mp4: decoder started (frames=30401, 1920x1080, fps=50.000)
2026-08-16 17:45:43,700 MainThread INFO GPU inference started for 512 sampled frames
2026-08-16 17:45:48,692 MainThread INFO GPU inference completed for 512 sampled frames
2026-08-16 17:45:48,723 MainThread INFO maramures_studio_Ae_DVgq94iA_0s-360s.mp4: wrote ../videos_extracted/maramures_studio_Ae_DVgq94iA_0s-360s/detections.json with 1801 sampled frames
2026-08-16 17:45:56,278 MainThread INFO GPU inference started for 512 sampled frames
2026-08-16 17:46:01,298 MainThread INFO GPU inference completed for 512 sampled frames
2026-08-16 17:46:08,440 MainThread INFO GPU inference started for 512 sampled frames
2026-08-16 17:46:13,325 MainThread INFO GPU inference completed for 512 sampled frames
2026-08-16 17:46:20,885 MainThread INFO GPU inference started for 512 sampled frames
2026-08-16 17:46:25,952 MainThread INFO GPU inference completed for 512 sampled frames
2026-08-16 17:46:33,339 MainThread INFO GPU inference started for 512 sampled frames
2026-08-16 17:46:38,258 MainThread INFO GPU inference completed for 512 sampled frames
2026-08-16 17:46:45,733 MainThread INFO GPU inference started for 512 sampled frames
2026-08-16 17:46:50,694 MainThread INFO GPU inference completed for 512 sampled frames
2026-08-16 17:46:57,898 MainThread INFO GPU inference started for 512 sampled frames
2026-08-16 17:47:02,938 MainThread INFO GPU inference completed for 512 sampled frames
2026-08-16 17:47:10,215 MainThread INFO GPU inference started for 512 sampled frames
2026-08-16 17:47:10,314 ThreadPoolExecutor-0_5 INFO maramures_studio_CGO-xCSmciU_0s-243s.mp4: decoder completed
2026-08-16 17:47:10,645 ThreadPoolExecutor-0_5 INFO maramures_studio_VZPYOn-KYKk_627s-794s.mp4: decoder started (frames=8539, 1920x1080, fps=50.000)
2026-08-16 17:47:15,434 MainThread INFO GPU inference completed for 512 sampled frames
2026-08-16 17:47:23,042 MainThread INFO GPU inference started for 512 sampled frames
2026-08-16 17:47:28,069 MainThread INFO GPU inference completed for 512 sampled frames
2026-08-16 17:47:28,090 MainThread INFO maramures_studio_CGO-xCSmciU_0s-243s.mp4: wrote ../videos_extracted/maramures_studio_CGO-xCSmciU_0s-243s/detections.json with 1216 sampled frames
2026-08-16 17:47:35,730 MainThread INFO GPU inference started for 512 sampled frames
2026-08-16 17:47:40,706 MainThread INFO GPU inference completed for 512 sampled frames
2026-08-16 17:47:48,781 MainThread INFO GPU inference started for 512 sampled frames
2026-08-16 17:47:53,919 MainThread INFO GPU inference completed for 512 sampled frames
2026-08-16 17:48:01,300 MainThread INFO GPU inference started for 512 sampled frames
2026-08-16 17:48:06,324 MainThread INFO GPU inference completed for 512 sampled frames
2026-08-16 17:48:09,225 ThreadPoolExecutor-0_3 INFO maramures_studio_7CAWDWMnqfQ_74s-413s.mp4: decoder completed
2026-08-16 17:48:09,606 ThreadPoolExecutor-0_3 INFO maramures_studio_XrKgabRcDH4_1392s-1805s.mp4: decoder started (frames=20883, 1920x1080, fps=50.000)
2026-08-16 17:48:14,156 MainThread INFO GPU inference started for 512 sampled frames
2026-08-16 17:48:19,491 MainThread INFO GPU inference completed for 512 sampled frames
2026-08-16 17:48:19,519 MainThread INFO maramures_studio_7CAWDWMnqfQ_74s-413s.mp4: wrote ../videos_extracted/maramures_studio_7CAWDWMnqfQ_74s-413s/detections.json with 1696 sampled frames
2026-08-16 17:48:26,814 MainThread INFO GPU inference started for 512 sampled frames
2026-08-16 17:48:32,050 MainThread INFO GPU inference completed for 512 sampled frames
2026-08-16 17:48:39,157 MainThread INFO GPU inference started for 512 sampled frames
2026-08-16 17:48:44,076 MainThread INFO GPU inference completed for 512 sampled frames
2026-08-16 17:48:51,442 MainThread INFO GPU inference started for 512 sampled frames
2026-08-16 17:48:56,284 MainThread INFO GPU inference completed for 512 sampled frames
2026-08-16 17:48:58,107 ThreadPoolExecutor-0_0 INFO maramures_studio_O2zu3OxFqR8_1085s-1345s.mp4: decoder completed
2026-08-16 17:48:58,482 ThreadPoolExecutor-0_0 INFO maramures_studio_ZkWgk05ZNZs_105s-475s.mp4: decoder started (frames=18589, 1920x1080, fps=50.000)
2026-08-16 17:49:01,370 MainThread INFO GPU inference started for 512 sampled frames
2026-08-16 17:49:06,365 MainThread INFO GPU inference completed for 512 sampled frames
2026-08-16 17:49:06,385 MainThread INFO maramures_studio_O2zu3OxFqR8_1085s-1345s.mp4: wrote ../videos_extracted/maramures_studio_O2zu3OxFqR8_1085s-1345s/detections.json with 1301 sampled frames
2026-08-16 17:49:13,890 MainThread INFO GPU inference started for 512 sampled frames
2026-08-16 17:49:18,922 MainThread INFO GPU inference completed for 512 sampled frames
2026-08-16 17:49:26,210 MainThread INFO GPU inference started for 512 sampled frames
2026-08-16 17:49:31,128 MainThread INFO GPU inference completed for 512 sampled frames
2026-08-16 17:49:38,840 MainThread INFO GPU inference started for 512 sampled frames
2026-08-16 17:49:39,740 ThreadPoolExecutor-0_6 INFO maramures_studio_OiW2QqVrSK8_46s-347s.mp4: decoder completed
2026-08-16 17:49:40,066 ThreadPoolExecutor-0_6 INFO maramures_studio_cxrYZLp079c_136s-468s.mp4: decoder started (frames=16600, 1920x1080, fps=50.000)
2026-08-16 17:49:43,796 MainThread INFO GPU inference completed for 512 sampled frames
2026-08-16 17:49:51,973 MainThread INFO GPU inference started for 512 sampled frames
2026-08-16 17:49:55,069 ThreadPoolExecutor-0_5 INFO maramures_studio_VZPYOn-KYKk_627s-794s.mp4: decoder completed
2026-08-16 17:49:55,334 ThreadPoolExecutor-0_5 INFO maramures_studio_ogkormSOuMI_full.mp4: decoder started (frames=8782, 640x480, fps=25.000)
2026-08-16 17:49:57,162 MainThread INFO GPU inference completed for 512 sampled frames
2026-08-16 17:49:57,186 MainThread INFO maramures_studio_OiW2QqVrSK8_46s-347s.mp4: wrote ../videos_extracted/maramures_studio_OiW2QqVrSK8_46s-347s/detections.json with 1506 sampled frames
2026-08-16 17:49:58,530 MainThread INFO GPU inference started for 512 sampled frames
2026-08-16 17:50:04,498 MainThread INFO GPU inference completed for 512 sampled frames
2026-08-16 17:50:04,516 MainThread INFO maramures_studio_VZPYOn-KYKk_627s-794s.mp4: wrote ../videos_extracted/maramures_studio_VZPYOn-KYKk_627s-794s/detections.json with 836 sampled frames
2026-08-16 17:50:05,278 MainThread INFO GPU inference started for 512 sampled frames
2026-08-16 17:50:10,751 MainThread INFO GPU inference completed for 512 sampled frames
2026-08-16 17:50:10,754 MainThread INFO GPU inference started for 512 sampled frames
2026-08-16 17:50:16,458 MainThread INFO GPU inference completed for 512 sampled frames
2026-08-16 17:50:16,460 MainThread INFO GPU inference started for 512 sampled frames
2026-08-16 17:50:16,853 ThreadPoolExecutor-0_5 INFO maramures_studio_ogkormSOuMI_full.mp4: decoder completed
2026-08-16 17:50:17,242 ThreadPoolExecutor-0_5 INFO maramures_studio_rNlA--EuG-Y_110s-390s.mp4: decoder started (frames=14125, 1920x1080, fps=50.000)
2026-08-16 17:50:21,879 MainThread INFO GPU inference completed for 512 sampled frames
2026-08-16 17:50:21,882 MainThread INFO GPU inference started for 512 sampled frames
2026-08-16 17:50:27,436 MainThread INFO GPU inference completed for 512 sampled frames
2026-08-16 17:50:29,340 MainThread INFO GPU inference started for 512 sampled frames
2026-08-16 17:50:35,803 MainThread INFO GPU inference completed for 512 sampled frames
2026-08-16 17:50:35,831 MainThread INFO maramures_studio_ogkormSOuMI_full.mp4: wrote ../videos_extracted/maramures_studio_ogkormSOuMI_full/detections.json with 1757 sampled frames
2026-08-16 17:50:41,691 MainThread INFO GPU inference started for 512 sampled frames
2026-08-16 17:50:46,664 MainThread INFO GPU inference completed for 512 sampled frames
2026-08-16 17:50:55,097 MainThread INFO GPU inference started for 512 sampled frames
2026-08-16 17:50:59,961 MainThread INFO GPU inference completed for 512 sampled frames
2026-08-16 17:51:07,365 MainThread INFO GPU inference started for 512 sampled frames
2026-08-16 17:51:12,118 MainThread INFO GPU inference completed for 512 sampled frames
2026-08-16 17:51:14,425 ThreadPoolExecutor-0_2 INFO maramures_studio_MeWnuNtbg0g_143s-600s.mp4: decoder completed
2026-08-16 17:51:14,853 ThreadPoolExecutor-0_2 INFO maramures_studio_yMNojwI9qCM_555s-800s.mp4: decoder started (frames=12341, 1920x1080, fps=50.000)
2026-08-16 17:51:23,104 MainThread INFO GPU inference started for 512 sampled frames
2026-08-16 17:51:27,990 MainThread INFO GPU inference completed for 512 sampled frames
2026-08-16 17:51:28,024 MainThread INFO maramures_studio_MeWnuNtbg0g_143s-600s.mp4: wrote ../videos_extracted/maramures_studio_MeWnuNtbg0g_143s-600s/detections.json with 2286 sampled frames
2026-08-16 17:51:35,686 MainThread INFO GPU inference started for 512 sampled frames
2026-08-16 17:51:40,297 MainThread INFO GPU inference completed for 512 sampled frames
2026-08-16 17:51:47,909 MainThread INFO GPU inference started for 512 sampled frames
2026-08-16 17:51:53,010 MainThread INFO GPU inference completed for 512 sampled frames
2026-08-16 17:51:55,316 ThreadPoolExecutor-0_4 INFO maramures_studio_QdTq_r1UP8E_355s-784s.mp4: decoder completed
2026-08-16 17:51:55,638 ThreadPoolExecutor-0_4 INFO moldova_itw_2p0a7QigMjU_full.mp4: decoder started (frames=4196, 3840x2160, fps=29.970)
2026-08-16 17:51:57,501 MainThread INFO GPU inference started for 512 sampled frames
2026-08-16 17:52:02,316 MainThread INFO GPU inference completed for 512 sampled frames
2026-08-16 17:52:02,352 MainThread INFO maramures_studio_QdTq_r1UP8E_355s-784s.mp4: wrote ../videos_extracted/maramures_studio_QdTq_r1UP8E_355s-784s/detections.json with 2146 sampled frames
2026-08-16 17:52:13,638 ThreadPoolExecutor-0_1 INFO maramures_studio_BrqhuTzDAWk_0s-569s.mp4: decoder completed
2026-08-16 17:52:13,812 MainThread INFO GPU inference started for 512 sampled frames
2026-08-16 17:52:13,944 ThreadPoolExecutor-0_1 INFO moldova_itw_2xN7A_3r-Dc_full.mp4: decoder started (frames=2030, 1920x1080, fps=23.976)
2026-08-16 17:52:18,687 MainThread INFO GPU inference completed for 512 sampled frames
2026-08-16 17:52:18,732 MainThread INFO maramures_studio_BrqhuTzDAWk_0s-569s.mp4: wrote ../videos_extracted/maramures_studio_BrqhuTzDAWk_0s-569s/detections.json with 2846 sampled frames
2026-08-16 17:52:25,671 MainThread INFO GPU inference started for 512 sampled frames
2026-08-16 17:52:32,063 MainThread INFO GPU inference completed for 512 sampled frames
2026-08-16 17:52:39,716 MainThread INFO GPU inference started for 512 sampled frames
2026-08-16 17:52:44,721 MainThread INFO GPU inference completed for 512 sampled frames
2026-08-16 17:52:53,236 MainThread INFO GPU inference started for 512 sampled frames
2026-08-16 17:52:55,707 ThreadPoolExecutor-0_1 INFO moldova_itw_2xN7A_3r-Dc_full.mp4: decoder completed
2026-08-16 17:52:56,011 ThreadPoolExecutor-0_1 INFO moldova_itw_4flnid90qrE_full.mp4: decoder started (frames=6880, 640x360, fps=30.000)
2026-08-16 17:52:57,842 MainThread INFO GPU inference completed for 512 sampled frames
2026-08-16 17:52:58,813 MainThread INFO GPU inference started for 512 sampled frames
2026-08-16 17:53:04,226 MainThread INFO GPU inference completed for 512 sampled frames
2026-08-16 17:53:04,236 MainThread INFO moldova_itw_2xN7A_3r-Dc_full.mp4: wrote ../videos_extracted/moldova_itw_2xN7A_3r-Dc_full/detections.json with 406 sampled frames
2026-08-16 17:53:04,281 MainThread INFO GPU inference started for 512 sampled frames
2026-08-16 17:53:09,119 MainThread INFO GPU inference completed for 512 sampled frames
2026-08-16 17:53:09,122 MainThread INFO GPU inference started for 512 sampled frames
2026-08-16 17:53:09,496 ThreadPoolExecutor-0_1 INFO moldova_itw_4flnid90qrE_full.mp4: decoder completed
2026-08-16 17:53:09,916 ThreadPoolExecutor-0_1 INFO moldova_itw_5bM-D2mXxMA_77s-480s.mp4: decoder started (frames=12147, 1920x1080, fps=29.970)
2026-08-16 17:53:14,052 MainThread INFO GPU inference completed for 512 sampled frames
2026-08-16 17:53:17,508 MainThread INFO GPU inference started for 512 sampled frames
2026-08-16 17:53:22,746 MainThread INFO GPU inference completed for 512 sampled frames
2026-08-16 17:53:22,769 MainThread INFO moldova_itw_4flnid90qrE_full.mp4: wrote ../videos_extracted/moldova_itw_4flnid90qrE_full/detections.json with 1147 sampled frames
2026-08-16 17:53:30,644 MainThread INFO GPU inference started for 512 sampled frames
2026-08-16 17:53:36,806 MainThread INFO GPU inference completed for 512 sampled frames
2026-08-16 17:53:43,347 MainThread INFO GPU inference started for 512 sampled frames
2026-08-16 17:53:49,358 MainThread INFO GPU inference completed for 512 sampled frames
2026-08-16 17:53:56,342 MainThread INFO GPU inference started for 512 sampled frames
2026-08-16 17:54:01,137 MainThread INFO GPU inference completed for 512 sampled frames
2026-08-16 17:54:09,859 MainThread INFO GPU inference started for 512 sampled frames
2026-08-16 17:54:15,808 MainThread INFO GPU inference completed for 512 sampled frames
2026-08-16 17:54:23,985 MainThread INFO GPU inference started for 512 sampled frames
2026-08-16 17:54:28,722 MainThread INFO GPU inference completed for 512 sampled frames
2026-08-16 17:54:36,938 MainThread INFO GPU inference started for 512 sampled frames
2026-08-16 17:54:42,997 MainThread INFO GPU inference completed for 512 sampled frames
2026-08-16 17:54:51,935 MainThread INFO GPU inference started for 512 sampled frames
2026-08-16 17:54:56,406 MainThread INFO GPU inference completed for 512 sampled frames
2026-08-16 17:55:05,576 MainThread INFO GPU inference started for 512 sampled frames
2026-08-16 17:55:05,644 ThreadPoolExecutor-0_5 INFO maramures_studio_rNlA--EuG-Y_110s-390s.mp4: decoder completed
2026-08-16 17:55:06,002 ThreadPoolExecutor-0_5 INFO moldova_itw_6ezNdBap9es_1288s-1528s.mp4: decoder started (frames=7215, 1920x1080, fps=29.970)
2026-08-16 17:55:09,994 MainThread INFO GPU inference completed for 512 sampled frames
2026-08-16 17:55:13,624 ThreadPoolExecutor-0_3 INFO maramures_studio_XrKgabRcDH4_1392s-1805s.mp4: decoder completed
2026-08-16 17:55:13,978 ThreadPoolExecutor-0_3 INFO moldova_itw_Aokjs2-5n0w_0s-330s.mp4: decoder started (frames=8251, 1280x720, fps=25.000)
2026-08-16 17:55:15,744 MainThread INFO GPU inference started for 512 sampled frames
2026-08-16 17:55:17,585 ThreadPoolExecutor-0_0 INFO maramures_studio_ZkWgk05ZNZs_105s-475s.mp4: decoder completed
2026-08-16 17:55:17,909 ThreadPoolExecutor-0_0 INFO moldova_itw_CDYmQi4dttk_50s-277s.mp4: decoder started (frames=6863, 1280x720, fps=29.970)
2026-08-16 17:55:21,753 MainThread INFO GPU inference completed for 512 sampled frames
2026-08-16 17:55:21,777 MainThread INFO maramures_studio_rNlA--EuG-Y_110s-390s.mp4: wrote ../videos_extracted/maramures_studio_rNlA--EuG-Y_110s-390s/detections.json with 1401 sampled frames
2026-08-16 17:55:21,809 MainThread INFO maramures_studio_XrKgabRcDH4_1392s-1805s.mp4: wrote ../videos_extracted/maramures_studio_XrKgabRcDH4_1392s-1805s/detections.json with 2066 sampled frames
2026-08-16 17:55:24,333 ThreadPoolExecutor-0_6 INFO maramures_studio_cxrYZLp079c_136s-468s.mp4: decoder completed
2026-08-16 17:55:24,333 MainThread INFO GPU inference started for 512 sampled frames
2026-08-16 17:55:24,730 ThreadPoolExecutor-0_6 INFO moldova_itw_IvcQywnfx4k_0s-340s.mp4: decoder started (frames=8501, 1280x720, fps=25.000)
2026-08-16 17:55:30,080 MainThread INFO GPU inference completed for 512 sampled frames
2026-08-16 17:55:30,113 MainThread INFO maramures_studio_ZkWgk05ZNZs_105s-475s.mp4: wrote ../videos_extracted/maramures_studio_ZkWgk05ZNZs_105s-475s/detections.json with 1851 sampled frames
2026-08-16 17:55:30,117 MainThread INFO GPU inference started for 512 sampled frames
2026-08-16 17:55:34,004 ThreadPoolExecutor-0_2 INFO maramures_studio_yMNojwI9qCM_555s-800s.mp4: decoder completed
2026-08-16 17:55:34,450 ThreadPoolExecutor-0_2 INFO moldova_itw_LinGXP5u_xg_full.mp4: decoder started (frames=10645, 1920x1080, fps=30.000)
2026-08-16 17:55:35,823 MainThread INFO GPU inference completed for 512 sampled frames
2026-08-16 17:55:35,847 MainThread INFO maramures_studio_cxrYZLp079c_136s-468s.mp4: wrote ../videos_extracted/maramures_studio_cxrYZLp079c_136s-468s/detections.json with 1660 sampled frames
2026-08-16 17:55:35,857 MainThread INFO GPU inference started for 512 sampled frames
2026-08-16 17:55:41,301 MainThread INFO GPU inference completed for 512 sampled frames
2026-08-16 17:55:41,320 MainThread INFO maramures_studio_yMNojwI9qCM_555s-800s.mp4: wrote ../videos_extracted/maramures_studio_yMNojwI9qCM_555s-800s/detections.json with 1226 sampled frames
2026-08-16 17:55:41,323 MainThread INFO GPU inference started for 512 sampled frames
2026-08-16 17:55:46,682 MainThread INFO GPU inference completed for 512 sampled frames
2026-08-16 17:55:46,687 MainThread INFO GPU inference started for 512 sampled frames
2026-08-16 17:55:52,227 MainThread INFO GPU inference completed for 512 sampled frames
2026-08-16 17:55:52,232 MainThread INFO GPU inference started for 512 sampled frames
2026-08-16 17:55:52,923 ThreadPoolExecutor-0_7 INFO maramures_studio_UYFQcvk7Lt0_0s-608s.mp4: decoder completed
2026-08-16 17:55:53,338 ThreadPoolExecutor-0_7 INFO moldova_itw_RTlsKim_4b0_198s-553s.mp4: decoder started (frames=8946, 1280x720, fps=25.000)
2026-08-16 17:55:57,864 MainThread INFO GPU inference completed for 512 sampled frames
2026-08-16 17:55:57,868 MainThread INFO GPU inference started for 512 sampled frames
2026-08-16 17:56:03,473 MainThread INFO GPU inference completed for 512 sampled frames
2026-08-16 17:56:03,523 MainThread INFO maramures_studio_UYFQcvk7Lt0_0s-608s.mp4: wrote ../videos_extracted/maramures_studio_UYFQcvk7Lt0_0s-608s/detections.json with 3041 sampled frames
2026-08-16 17:56:03,529 MainThread INFO GPU inference started for 512 sampled frames
2026-08-16 17:56:09,016 MainThread INFO GPU inference completed for 512 sampled frames
2026-08-16 17:56:09,021 MainThread INFO GPU inference started for 512 sampled frames
2026-08-16 17:56:14,493 MainThread INFO GPU inference completed for 512 sampled frames
2026-08-16 17:56:14,500 MainThread INFO GPU inference started for 512 sampled frames
2026-08-16 17:56:14,983 ThreadPoolExecutor-0_0 INFO moldova_itw_CDYmQi4dttk_50s-277s.mp4: decoder completed
2026-08-16 17:56:15,293 ThreadPoolExecutor-0_0 INFO moldova_itw_SO2vep84ZwA_0s-390s.mp4: decoder started (frames=9751, 854x480, fps=25.000)
2026-08-16 17:56:19,823 MainThread INFO GPU inference completed for 512 sampled frames
2026-08-16 17:56:19,826 MainThread INFO GPU inference started for 512 sampled frames
2026-08-16 17:56:23,139 ThreadPoolExecutor-0_3 INFO moldova_itw_Aokjs2-5n0w_0s-330s.mp4: decoder completed
2026-08-16 17:56:23,551 ThreadPoolExecutor-0_3 INFO moldova_itw_UmZBtYwEDF0_0s-102s.mp4: decoder started (frames=2447, 1920x1080, fps=23.976)
2026-08-16 17:56:25,390 MainThread INFO GPU inference completed for 512 sampled frames
2026-08-16 17:56:25,396 MainThread INFO GPU inference started for 512 sampled frames
2026-08-16 17:56:30,985 MainThread INFO GPU inference completed for 512 sampled frames
2026-08-16 17:56:31,005 MainThread INFO moldova_itw_CDYmQi4dttk_50s-277s.mp4: wrote ../videos_extracted/moldova_itw_CDYmQi4dttk_50s-277s/detections.json with 1134 sampled frames
2026-08-16 17:56:31,008 MainThread INFO GPU inference started for 512 sampled frames
2026-08-16 17:56:36,329 ThreadPoolExecutor-0_6 INFO moldova_itw_IvcQywnfx4k_0s-340s.mp4: decoder completed
2026-08-16 17:56:36,567 MainThread INFO GPU inference completed for 512 sampled frames
2026-08-16 17:56:36,569 MainThread INFO GPU inference started for 512 sampled frames
2026-08-16 17:56:36,653 ThreadPoolExecutor-0_6 INFO moldova_itw_UmZBtYwEDF0_120s-498s.mp4: decoder started (frames=9196, 1920x1080, fps=23.976)
2026-08-16 17:56:42,107 MainThread INFO GPU inference completed for 512 sampled frames
2026-08-16 17:56:42,134 MainThread INFO moldova_itw_Aokjs2-5n0w_0s-330s.mp4: wrote ../videos_extracted/moldova_itw_Aokjs2-5n0w_0s-330s/detections.json with 1651 sampled frames
2026-08-16 17:56:42,137 MainThread INFO GPU inference started for 512 sampled frames
2026-08-16 17:56:46,637 ThreadPoolExecutor-0_0 INFO moldova_itw_SO2vep84ZwA_0s-390s.mp4: decoder completed
2026-08-16 17:56:46,994 ThreadPoolExecutor-0_0 INFO moldova_itw_V5-utq0N6xA_0s-450s.mp4: decoder started (frames=10791, 1920x1080, fps=23.976)
2026-08-16 17:56:47,471 MainThread INFO GPU inference completed for 512 sampled frames
2026-08-16 17:56:47,474 MainThread INFO GPU inference started for 512 sampled frames
2026-08-16 17:56:53,051 MainThread INFO GPU inference completed for 512 sampled frames
2026-08-16 17:56:53,058 MainThread INFO GPU inference started for 512 sampled frames
2026-08-16 17:56:58,416 MainThread INFO GPU inference completed for 512 sampled frames
2026-08-16 17:56:58,420 MainThread INFO GPU inference started for 512 sampled frames
2026-08-16 17:57:03,952 MainThread INFO GPU inference completed for 512 sampled frames
2026-08-16 17:57:03,994 MainThread INFO moldova_itw_IvcQywnfx4k_0s-340s.mp4: wrote ../videos_extracted/moldova_itw_IvcQywnfx4k_0s-340s/detections.json with 1701 sampled frames
2026-08-16 17:57:03,996 MainThread INFO GPU inference started for 512 sampled frames
2026-08-16 17:57:06,948 ThreadPoolExecutor-0_7 INFO moldova_itw_RTlsKim_4b0_198s-553s.mp4: decoder completed
2026-08-16 17:57:07,284 ThreadPoolExecutor-0_7 INFO moldova_itw_VnoTixs2emE_full.mp4: decoder started (frames=8059, 1920x1080, fps=50.000)
2026-08-16 17:57:09,647 MainThread INFO GPU inference completed for 512 sampled frames
2026-08-16 17:57:09,650 MainThread INFO GPU inference started for 512 sampled frames
2026-08-16 17:57:15,164 MainThread INFO GPU inference completed for 512 sampled frames
2026-08-16 17:57:15,167 MainThread INFO GPU inference started for 512 sampled frames
2026-08-16 17:57:16,408 ThreadPoolExecutor-0_3 INFO moldova_itw_UmZBtYwEDF0_0s-102s.mp4: decoder completed
2026-08-16 17:57:16,763 ThreadPoolExecutor-0_3 INFO moldova_itw_WsRGyInWGuA_full.mp4: decoder started (frames=6514, 1920x1080, fps=30.000)
2026-08-16 17:57:20,898 MainThread INFO GPU inference completed for 512 sampled frames
2026-08-16 17:57:20,929 MainThread INFO moldova_itw_SO2vep84ZwA_0s-390s.mp4: wrote ../videos_extracted/moldova_itw_SO2vep84ZwA_0s-390s/detections.json with 1951 sampled frames
2026-08-16 17:57:20,932 MainThread INFO GPU inference started for 512 sampled frames
2026-08-16 17:57:26,966 MainThread INFO GPU inference completed for 512 sampled frames
2026-08-16 17:57:26,968 MainThread INFO GPU inference started for 512 sampled frames
2026-08-16 17:57:28,549 ThreadPoolExecutor-0_1 INFO moldova_itw_5bM-D2mXxMA_77s-480s.mp4: decoder completed
2026-08-16 17:57:28,883 ThreadPoolExecutor-0_1 INFO moldova_itw_XaC63Vb40qs_152s-780s.mp4: decoder started (frames=15058, 1280x720, fps=25.000)
2026-08-16 17:57:32,743 MainThread INFO GPU inference completed for 512 sampled frames
2026-08-16 17:57:32,746 MainThread INFO GPU inference started for 512 sampled frames
2026-08-16 17:57:38,586 MainThread INFO GPU inference completed for 512 sampled frames
2026-08-16 17:57:38,615 MainThread INFO moldova_itw_RTlsKim_4b0_198s-553s.mp4: wrote ../videos_extracted/moldova_itw_RTlsKim_4b0_198s-553s/detections.json with 1776 sampled frames
2026-08-16 17:57:38,620 MainThread INFO GPU inference started for 512 sampled frames
2026-08-16 17:57:42,944 MainThread INFO GPU inference completed for 512 sampled frames
2026-08-16 17:57:42,955 MainThread INFO moldova_itw_UmZBtYwEDF0_0s-102s.mp4: wrote ../videos_extracted/moldova_itw_UmZBtYwEDF0_0s-102s/detections.json with 490 sampled frames
2026-08-16 17:57:42,957 MainThread INFO GPU inference started for 512 sampled frames
2026-08-16 17:57:44,173 ThreadPoolExecutor-0_5 INFO moldova_itw_6ezNdBap9es_1288s-1528s.mp4: decoder completed
2026-08-16 17:57:44,517 ThreadPoolExecutor-0_5 INFO moldova_itw_Y8Og87FqIuc_80s-170s.mp4: decoder started (frames=2846, 1280x720, fps=29.970)
2026-08-16 17:57:48,764 MainThread INFO GPU inference completed for 512 sampled frames
2026-08-16 17:57:48,814 MainThread INFO moldova_itw_5bM-D2mXxMA_77s-480s.mp4: wrote ../videos_extracted/moldova_itw_5bM-D2mXxMA_77s-480s/detections.json with 2014 sampled frames
2026-08-16 17:57:48,817 MainThread INFO GPU inference started for 512 sampled frames
2026-08-16 17:57:54,715 MainThread INFO GPU inference completed for 512 sampled frames
2026-08-16 17:57:54,718 MainThread INFO GPU inference started for 512 sampled frames
2026-08-16 17:57:58,966 ThreadPoolExecutor-0_4 INFO moldova_itw_2p0a7QigMjU_full.mp4: decoder completed
2026-08-16 17:57:59,321 ThreadPoolExecutor-0_4 INFO moldova_itw_YIAUWG1XV_A_0s-315s.mp4: decoder started (frames=7876, 1920x1080, fps=25.000)
2026-08-16 17:58:00,280 MainThread INFO GPU inference completed for 512 sampled frames
2026-08-16 17:58:00,322 MainThread INFO moldova_itw_6ezNdBap9es_1288s-1528s.mp4: wrote ../videos_extracted/moldova_itw_6ezNdBap9es_1288s-1528s/detections.json with 1200 sampled frames
2026-08-16 17:58:00,325 MainThread INFO GPU inference started for 512 sampled frames
2026-08-16 17:58:06,059 MainThread INFO GPU inference completed for 512 sampled frames
2026-08-16 17:58:06,061 MainThread INFO GPU inference started for 512 sampled frames
2026-08-16 17:58:06,984 ThreadPoolExecutor-0_5 INFO moldova_itw_Y8Og87FqIuc_80s-170s.mp4: decoder completed
2026-08-16 17:58:07,365 ThreadPoolExecutor-0_5 INFO moldova_itw__vZPTcVqDXc_0s-330s.mp4: decoder started (frames=8251, 1280x720, fps=25.000)
2026-08-16 17:58:11,832 MainThread INFO GPU inference completed for 512 sampled frames
2026-08-16 17:58:11,848 MainThread INFO moldova_itw_2p0a7QigMjU_full.mp4: wrote ../videos_extracted/moldova_itw_2p0a7QigMjU_full/detections.json with 700 sampled frames
2026-08-16 17:58:11,849 MainThread INFO GPU inference started for 512 sampled frames
2026-08-16 17:58:17,305 MainThread INFO GPU inference completed for 512 sampled frames
2026-08-16 17:58:17,308 MainThread INFO GPU inference started for 512 sampled frames
2026-08-16 17:58:22,910 MainThread INFO GPU inference completed for 512 sampled frames
2026-08-16 17:58:22,920 MainThread INFO moldova_itw_Y8Og87FqIuc_80s-170s.mp4: wrote ../videos_extracted/moldova_itw_Y8Og87FqIuc_80s-170s/detections.json with 450 sampled frames
2026-08-16 17:58:22,922 MainThread INFO GPU inference started for 512 sampled frames
2026-08-16 17:58:28,623 MainThread INFO GPU inference completed for 512 sampled frames
2026-08-16 17:58:28,626 MainThread INFO GPU inference started for 512 sampled frames
2026-08-16 17:58:34,083 MainThread INFO GPU inference completed for 512 sampled frames
2026-08-16 17:58:34,086 MainThread INFO GPU inference started for 512 sampled frames
2026-08-16 17:58:39,624 MainThread INFO GPU inference completed for 512 sampled frames
2026-08-16 17:58:39,627 MainThread INFO GPU inference started for 512 sampled frames
2026-08-16 17:58:45,298 MainThread INFO GPU inference completed for 512 sampled frames
2026-08-16 17:58:45,303 MainThread INFO GPU inference started for 512 sampled frames
2026-08-16 17:58:51,168 MainThread INFO GPU inference completed for 512 sampled frames
2026-08-16 17:58:51,171 MainThread INFO GPU inference started for 512 sampled frames
2026-08-16 17:58:56,926 MainThread INFO GPU inference completed for 512 sampled frames
2026-08-16 17:58:56,929 MainThread INFO GPU inference started for 512 sampled frames
2026-08-16 17:59:02,366 MainThread INFO GPU inference completed for 512 sampled frames
2026-08-16 17:59:02,369 MainThread INFO GPU inference started for 512 sampled frames
2026-08-16 17:59:07,955 MainThread INFO GPU inference completed for 512 sampled frames
2026-08-16 17:59:07,958 MainThread INFO GPU inference started for 512 sampled frames
2026-08-16 17:59:12,684 ThreadPoolExecutor-0_5 INFO moldova_itw__vZPTcVqDXc_0s-330s.mp4: decoder completed
2026-08-16 17:59:12,927 ThreadPoolExecutor-0_5 INFO moldova_itw_bN7FXOyregQ_full.mp4: decoder started (frames=4352, 854x480, fps=30.000)
2026-08-16 17:59:13,388 MainThread INFO GPU inference completed for 512 sampled frames
2026-08-16 17:59:13,391 MainThread INFO GPU inference started for 512 sampled frames
2026-08-16 17:59:19,212 MainThread INFO GPU inference completed for 512 sampled frames
2026-08-16 17:59:19,215 MainThread INFO GPU inference started for 512 sampled frames
2026-08-16 17:59:25,051 MainThread INFO GPU inference completed for 512 sampled frames
2026-08-16 17:59:25,053 MainThread INFO GPU inference started for 512 sampled frames
2026-08-16 17:59:25,527 ThreadPoolExecutor-0_2 INFO moldova_itw_LinGXP5u_xg_full.mp4: decoder completed
2026-08-16 17:59:25,804 ThreadPoolExecutor-0_2 INFO moldova_itw_c-SOl7TYoNs_full.mp4: decoder started (frames=6053, 480x854, fps=30.000)
2026-08-16 17:59:27,014 ThreadPoolExecutor-0_5 INFO moldova_itw_bN7FXOyregQ_full.mp4: decoder completed
2026-08-16 17:59:27,376 ThreadPoolExecutor-0_5 INFO moldova_itw_cSJ_4Ztb3f4_45s-448s.mp4: decoder started (frames=10098, 1920x1080, fps=25.000)
2026-08-16 17:59:30,820 MainThread INFO GPU inference completed for 512 sampled frames
2026-08-16 17:59:30,823 MainThread INFO GPU inference started for 512 sampled frames
2026-08-16 17:59:33,559 ThreadPoolExecutor-0_1 INFO moldova_itw_XaC63Vb40qs_152s-780s.mp4: decoder completed
2026-08-16 17:59:33,934 ThreadPoolExecutor-0_1 INFO moldova_itw_c_gwHHRy_so_full.mp4: decoder started (frames=2634, 1920x1080, fps=24.000)
2026-08-16 17:59:36,456 MainThread INFO GPU inference completed for 512 sampled frames
2026-08-16 17:59:36,485 MainThread INFO moldova_itw__vZPTcVqDXc_0s-330s.mp4: wrote ../videos_extracted/moldova_itw__vZPTcVqDXc_0s-330s/detections.json with 1651 sampled frames
2026-08-16 17:59:36,487 MainThread INFO GPU inference started for 512 sampled frames
2026-08-16 17:59:37,636 ThreadPoolExecutor-0_3 INFO moldova_itw_WsRGyInWGuA_full.mp4: decoder completed
2026-08-16 17:59:38,000 ThreadPoolExecutor-0_3 INFO moldova_itw_eZ0Xq0xz5Z8_0s-245s.mp4: decoder started (frames=7351, 1920x1080, fps=30.000)
2026-08-16 17:59:42,182 MainThread INFO GPU inference completed for 512 sampled frames
2026-08-16 17:59:42,186 MainThread INFO GPU inference started for 512 sampled frames
2026-08-16 17:59:44,897 ThreadPoolExecutor-0_2 INFO moldova_itw_c-SOl7TYoNs_full.mp4: decoder completed
2026-08-16 17:59:45,245 ThreadPoolExecutor-0_2 INFO moldova_itw_feg22NDNggA_190s-533s.mp4: decoder started (frames=2971, 1920x1080, fps=30.000)
2026-08-16 17:59:47,829 MainThread INFO GPU inference completed for 512 sampled frames
2026-08-16 17:59:47,832 MainThread INFO GPU inference started for 512 sampled frames
2026-08-16 17:59:51,733 ThreadPoolExecutor-0_6 INFO moldova_itw_UmZBtYwEDF0_120s-498s.mp4: decoder completed
2026-08-16 17:59:52,117 ThreadPoolExecutor-0_6 INFO moldova_itw_icIE5zodw8o_0s-300s.mp4: decoder started (frames=9001, 1280x720, fps=30.000)
2026-08-16 17:59:53,053 MainThread INFO GPU inference completed for 512 sampled frames
2026-08-16 17:59:53,079 MainThread INFO moldova_itw_LinGXP5u_xg_full.mp4: wrote ../videos_extracted/moldova_itw_LinGXP5u_xg_full/detections.json with 1775 sampled frames
2026-08-16 17:59:53,091 MainThread INFO moldova_itw_bN7FXOyregQ_full.mp4: wrote ../videos_extracted/moldova_itw_bN7FXOyregQ_full/detections.json with 726 sampled frames
2026-08-16 17:59:53,093 MainThread INFO GPU inference started for 512 sampled frames
2026-08-16 17:59:58,707 MainThread INFO GPU inference completed for 512 sampled frames
2026-08-16 17:59:58,710 MainThread INFO GPU inference started for 512 sampled frames
2026-08-16 18:00:00,032 ThreadPoolExecutor-0_7 INFO moldova_itw_VnoTixs2emE_full.mp4: decoder completed
2026-08-16 18:00:00,508 ThreadPoolExecutor-0_7 INFO moldova_itw_mvTjyko3aUU_0s-361s.mp4: decoder started (frames=9026, 1280x720, fps=25.000)
2026-08-16 18:00:04,590 MainThread INFO GPU inference completed for 512 sampled frames
2026-08-16 18:00:04,636 MainThread INFO moldova_itw_XaC63Vb40qs_152s-780s.mp4: wrote ../videos_extracted/moldova_itw_XaC63Vb40qs_152s-780s/detections.json with 3002 sampled frames
2026-08-16 18:00:04,638 MainThread INFO GPU inference started for 512 sampled frames
2026-08-16 18:00:10,108 MainThread INFO GPU inference completed for 512 sampled frames
2026-08-16 18:00:10,137 MainThread INFO moldova_itw_WsRGyInWGuA_full.mp4: wrote ../videos_extracted/moldova_itw_WsRGyInWGuA_full/detections.json with 1086 sampled frames
2026-08-16 18:00:10,139 MainThread INFO GPU inference started for 512 sampled frames
2026-08-16 18:00:15,803 MainThread INFO GPU inference completed for 512 sampled frames
2026-08-16 18:00:15,823 MainThread INFO moldova_itw_c-SOl7TYoNs_full.mp4: wrote ../videos_extracted/moldova_itw_c-SOl7TYoNs_full/detections.json with 1009 sampled frames
2026-08-16 18:00:15,827 MainThread INFO GPU inference started for 512 sampled frames
2026-08-16 18:00:20,060 MainThread INFO GPU inference completed for 512 sampled frames
2026-08-16 18:00:20,090 MainThread INFO moldova_itw_UmZBtYwEDF0_120s-498s.mp4: wrote ../videos_extracted/moldova_itw_UmZBtYwEDF0_120s-498s/detections.json with 1813 sampled frames
2026-08-16 18:00:20,094 MainThread INFO GPU inference started for 512 sampled frames
2026-08-16 18:00:25,608 MainThread INFO GPU inference completed for 512 sampled frames
2026-08-16 18:00:25,611 MainThread INFO GPU inference started for 512 sampled frames
2026-08-16 18:00:30,865 ThreadPoolExecutor-0_1 INFO moldova_itw_c_gwHHRy_so_full.mp4: decoder completed
2026-08-16 18:00:31,129 ThreadPoolExecutor-0_1 INFO moldova_itw_plDb1FACjTk_full.mp4: decoder started (frames=8959, 1920x1080, fps=23.976)
2026-08-16 18:00:31,357 MainThread INFO GPU inference completed for 512 sampled frames
2026-08-16 18:00:31,371 MainThread INFO moldova_itw_VnoTixs2emE_full.mp4: wrote ../videos_extracted/moldova_itw_VnoTixs2emE_full/detections.json with 806 sampled frames
2026-08-16 18:00:31,376 MainThread INFO GPU inference started for 512 sampled frames
2026-08-16 18:00:36,839 MainThread INFO GPU inference completed for 512 sampled frames
2026-08-16 18:00:36,846 MainThread INFO GPU inference started for 512 sampled frames
2026-08-16 18:00:38,939 ThreadPoolExecutor-0_0 INFO moldova_itw_V5-utq0N6xA_0s-450s.mp4: decoder completed
2026-08-16 18:00:39,338 ThreadPoolExecutor-0_0 INFO moldova_itw_srXEY7VqcM0_full.mp4: decoder started (frames=4802, 1920x1080, fps=50.000)
2026-08-16 18:00:42,626 MainThread INFO GPU inference completed for 512 sampled frames
2026-08-16 18:00:42,629 MainThread INFO GPU inference started for 512 sampled frames
2026-08-16 18:00:45,798 ThreadPoolExecutor-0_4 INFO moldova_itw_YIAUWG1XV_A_0s-315s.mp4: decoder completed
2026-08-16 18:00:46,120 ThreadPoolExecutor-0_4 INFO moldova_itw_vjyPpL7iJFI_full.mp4: decoder started (frames=4920, 1920x1080, fps=24.000)
2026-08-16 18:00:47,090 ThreadPoolExecutor-0_2 INFO moldova_itw_feg22NDNggA_190s-533s.mp4: decoder completed
2026-08-16 18:00:47,517 ThreadPoolExecutor-0_2 INFO moldova_itw_wEyyQSU7nvQ_0s-390s.mp4: decoder started (frames=11690, 1920x1080, fps=29.970)
2026-08-16 18:00:48,315 MainThread INFO GPU inference completed for 512 sampled frames
2026-08-16 18:00:48,320 MainThread INFO GPU inference started for 512 sampled frames
2026-08-16 18:00:53,967 MainThread INFO GPU inference completed for 512 sampled frames
2026-08-16 18:00:53,969 MainThread INFO GPU inference started for 512 sampled frames
2026-08-16 18:00:59,465 MainThread INFO GPU inference completed for 512 sampled frames
2026-08-16 18:00:59,479 MainThread INFO moldova_itw_c_gwHHRy_so_full.mp4: wrote ../videos_extracted/moldova_itw_c_gwHHRy_so_full/detections.json with 527 sampled frames
2026-08-16 18:00:59,482 MainThread INFO GPU inference started for 512 sampled frames
2026-08-16 18:01:05,093 MainThread INFO GPU inference completed for 512 sampled frames
2026-08-16 18:01:05,098 MainThread INFO GPU inference started for 512 sampled frames
2026-08-16 18:01:06,346 ThreadPoolExecutor-0_6 INFO moldova_itw_icIE5zodw8o_0s-300s.mp4: decoder completed
2026-08-16 18:01:06,670 ThreadPoolExecutor-0_6 INFO moldova_itw_wOXq2j2c5vc_full.mp4: decoder started (frames=7542, 854x480, fps=30.000)
2026-08-16 18:01:10,587 MainThread INFO GPU inference completed for 512 sampled frames
2026-08-16 18:01:10,643 MainThread INFO moldova_itw_V5-utq0N6xA_0s-450s.mp4: wrote ../videos_extracted/moldova_itw_V5-utq0N6xA_0s-450s/detections.json with 2159 sampled frames
2026-08-16 18:01:10,646 MainThread INFO GPU inference started for 512 sampled frames
2026-08-16 18:01:16,135 MainThread INFO GPU inference completed for 512 sampled frames
2026-08-16 18:01:16,160 MainThread INFO moldova_itw_YIAUWG1XV_A_0s-315s.mp4: wrote ../videos_extracted/moldova_itw_YIAUWG1XV_A_0s-315s/detections.json with 1576 sampled frames
2026-08-16 18:01:16,172 MainThread INFO moldova_itw_feg22NDNggA_190s-533s.mp4: wrote ../videos_extracted/moldova_itw_feg22NDNggA_190s-533s/detections.json with 479 sampled frames
2026-08-16 18:01:16,177 MainThread INFO GPU inference started for 512 sampled frames
2026-08-16 18:01:16,785 ThreadPoolExecutor-0_7 INFO moldova_itw_mvTjyko3aUU_0s-361s.mp4: decoder completed
2026-08-16 18:01:17,069 ThreadPoolExecutor-0_7 INFO moldova_itw_wOwMeMlDHZY_full.mp4: decoder started (frames=2752, 1280x720, fps=25.000)
2026-08-16 18:01:21,559 MainThread INFO GPU inference completed for 512 sampled frames
2026-08-16 18:01:21,562 MainThread INFO GPU inference started for 512 sampled frames
2026-08-16 18:01:26,767 MainThread INFO GPU inference completed for 512 sampled frames
2026-08-16 18:01:26,772 MainThread INFO GPU inference started for 512 sampled frames
2026-08-16 18:01:31,718 MainThread INFO GPU inference completed for 512 sampled frames
2026-08-16 18:01:31,721 MainThread INFO GPU inference started for 512 sampled frames
2026-08-16 18:01:36,527 MainThread INFO GPU inference completed for 512 sampled frames
2026-08-16 18:01:36,551 MainThread INFO moldova_itw_icIE5zodw8o_0s-300s.mp4: wrote ../videos_extracted/moldova_itw_icIE5zodw8o_0s-300s/detections.json with 1501 sampled frames
2026-08-16 18:01:36,552 ThreadPoolExecutor-0_6 INFO moldova_itw_wOXq2j2c5vc_full.mp4: decoder completed
2026-08-16 18:01:36,556 MainThread INFO GPU inference started for 512 sampled frames
2026-08-16 18:01:36,993 ThreadPoolExecutor-0_6 INFO moldova_itw_yNjZrNg_Uik_411s-961s.mp4: decoder started (frames=13786, 1920x1080, fps=25.000)
2026-08-16 18:01:41,909 MainThread INFO GPU inference completed for 512 sampled frames
2026-08-16 18:01:41,913 MainThread INFO GPU inference started for 512 sampled frames
2026-08-16 18:01:41,913 ThreadPoolExecutor-0_7 INFO moldova_itw_wOwMeMlDHZY_full.mp4: decoder completed
2026-08-16 18:01:42,249 ThreadPoolExecutor-0_7 INFO moldova_studio_0mZOc3ni-WA_148s-780s.mp4: decoder started (frames=38091, 1920x1080, fps=59.940)
2026-08-16 18:01:47,617 MainThread INFO GPU inference completed for 512 sampled frames
2026-08-16 18:01:47,645 MainThread INFO moldova_itw_mvTjyko3aUU_0s-361s.mp4: wrote ../videos_extracted/moldova_itw_mvTjyko3aUU_0s-361s/detections.json with 1806 sampled frames
2026-08-16 18:01:47,646 MainThread INFO GPU inference started for 512 sampled frames
2026-08-16 18:01:53,155 MainThread INFO GPU inference completed for 512 sampled frames
2026-08-16 18:01:53,158 MainThread INFO GPU inference started for 512 sampled frames
2026-08-16 18:01:59,059 MainThread INFO GPU inference completed for 512 sampled frames
2026-08-16 18:01:59,064 MainThread INFO GPU inference started for 512 sampled frames
2026-08-16 18:02:04,497 MainThread INFO GPU inference completed for 512 sampled frames
2026-08-16 18:02:04,504 MainThread INFO GPU inference started for 512 sampled frames
2026-08-16 18:02:09,916 MainThread INFO GPU inference completed for 512 sampled frames
2026-08-16 18:02:09,972 MainThread INFO moldova_itw_wOXq2j2c5vc_full.mp4: wrote ../videos_extracted/moldova_itw_wOXq2j2c5vc_full/detections.json with 1257 sampled frames
2026-08-16 18:02:09,976 MainThread INFO GPU inference started for 512 sampled frames
2026-08-16 18:02:10,796 ThreadPoolExecutor-0_3 INFO moldova_itw_eZ0Xq0xz5Z8_0s-245s.mp4: decoder completed
2026-08-16 18:02:11,200 ThreadPoolExecutor-0_3 INFO moldova_studio_16aWAxZ7dBg_0s-510s.mp4: decoder started (frames=25500, 1920x1080, fps=50.000)
2026-08-16 18:02:15,834 MainThread INFO GPU inference completed for 512 sampled frames
2026-08-16 18:02:15,859 MainThread INFO moldova_itw_wOwMeMlDHZY_full.mp4: wrote ../videos_extracted/moldova_itw_wOwMeMlDHZY_full/detections.json with 551 sampled frames
2026-08-16 18:02:15,861 MainThread INFO GPU inference started for 512 sampled frames
2026-08-16 18:02:16,521 ThreadPoolExecutor-0_0 INFO moldova_itw_srXEY7VqcM0_full.mp4: decoder completed
2026-08-16 18:02:16,830 ThreadPoolExecutor-0_0 INFO moldova_studio_1JhM1K87kaY_0s-352s.mp4: decoder started (frames=8441, 1920x1080, fps=23.976)
2026-08-16 18:02:20,563 MainThread INFO GPU inference completed for 512 sampled frames
2026-08-16 18:02:20,567 MainThread INFO GPU inference started for 512 sampled frames
2026-08-16 18:02:25,121 MainThread INFO GPU inference completed for 512 sampled frames
2026-08-16 18:02:25,123 MainThread INFO GPU inference started for 512 sampled frames
2026-08-16 18:02:27,839 ThreadPoolExecutor-0_4 INFO moldova_itw_vjyPpL7iJFI_full.mp4: decoder completed
2026-08-16 18:02:28,245 ThreadPoolExecutor-0_4 INFO moldova_studio_2UYudJFXYTk_200s-520s.mp4: decoder started (frames=3329, 1920x1080, fps=25.000)
2026-08-16 18:02:29,807 MainThread INFO GPU inference completed for 512 sampled frames
2026-08-16 18:02:29,813 MainThread INFO GPU inference started for 512 sampled frames
2026-08-16 18:02:34,261 MainThread INFO GPU inference completed for 512 sampled frames
2026-08-16 18:02:34,295 MainThread INFO moldova_itw_eZ0Xq0xz5Z8_0s-245s.mp4: wrote ../videos_extracted/moldova_itw_eZ0Xq0xz5Z8_0s-245s/detections.json with 1226 sampled frames
2026-08-16 18:02:34,297 MainThread INFO GPU inference started for 512 sampled frames
2026-08-16 18:02:38,880 MainThread INFO GPU inference completed for 512 sampled frames
2026-08-16 18:02:38,892 MainThread INFO moldova_itw_srXEY7VqcM0_full.mp4: wrote ../videos_extracted/moldova_itw_srXEY7VqcM0_full/detections.json with 481 sampled frames
2026-08-16 18:02:38,895 MainThread INFO GPU inference started for 512 sampled frames
2026-08-16 18:02:43,610 MainThread INFO GPU inference completed for 512 sampled frames
2026-08-16 18:02:43,633 MainThread INFO moldova_itw_vjyPpL7iJFI_full.mp4: wrote ../videos_extracted/moldova_itw_vjyPpL7iJFI_full/detections.json with 984 sampled frames
2026-08-16 18:02:43,636 MainThread INFO GPU inference started for 512 sampled frames
2026-08-16 18:02:48,069 MainThread INFO GPU inference completed for 512 sampled frames
2026-08-16 18:02:49,367 MainThread INFO GPU inference started for 512 sampled frames
2026-08-16 18:02:53,774 MainThread INFO GPU inference completed for 512 sampled frames
2026-08-16 18:02:56,314 MainThread INFO GPU inference started for 512 sampled frames
2026-08-16 18:02:59,927 ThreadPoolExecutor-0_5 INFO moldova_itw_cSJ_4Ztb3f4_45s-448s.mp4: decoder completed
2026-08-16 18:03:00,265 ThreadPoolExecutor-0_5 INFO moldova_studio_A1lHINwxSLg_190s-548s.mp4: decoder started (frames=8322, 1920x1080, fps=25.000)
2026-08-16 18:03:00,656 MainThread INFO GPU inference completed for 512 sampled frames
2026-08-16 18:03:02,789 MainThread INFO GPU inference started for 512 sampled frames
2026-08-16 18:03:07,213 MainThread INFO GPU inference completed for 512 sampled frames
2026-08-16 18:03:07,246 MainThread INFO moldova_itw_cSJ_4Ztb3f4_45s-448s.mp4: wrote ../videos_extracted/moldova_itw_cSJ_4Ztb3f4_45s-448s/detections.json with 2016 sampled frames
2026-08-16 18:03:09,569 MainThread INFO GPU inference started for 512 sampled frames
2026-08-16 18:03:14,044 MainThread INFO GPU inference completed for 512 sampled frames
2026-08-16 18:03:17,394 MainThread INFO GPU inference started for 512 sampled frames
2026-08-16 18:03:21,908 MainThread INFO GPU inference completed for 512 sampled frames
2026-08-16 18:03:25,933 MainThread INFO GPU inference started for 512 sampled frames
2026-08-16 18:03:30,364 MainThread INFO GPU inference completed for 512 sampled frames
2026-08-16 18:03:32,888 MainThread INFO GPU inference started for 512 sampled frames
2026-08-16 18:03:34,785 ThreadPoolExecutor-0_1 INFO moldova_itw_plDb1FACjTk_full.mp4: decoder completed
2026-08-16 18:03:34,857 ThreadPoolExecutor-0_4 INFO moldova_studio_2UYudJFXYTk_200s-520s.mp4: decoder completed
2026-08-16 18:03:35,206 ThreadPoolExecutor-0_1 INFO moldova_studio_AmW0WwZI-QA_0s-478s.mp4: decoder started (frames=11472, 3840x2160, fps=24.000)
2026-08-16 18:03:35,244 ThreadPoolExecutor-0_4 INFO moldova_studio_C9ViMKt1C9M_22s-428s.mp4: decoder started (frames=10221, 1920x1080, fps=25.000)
2026-08-16 18:03:37,642 MainThread INFO GPU inference completed for 512 sampled frames
2026-08-16 18:03:41,836 MainThread INFO GPU inference started for 512 sampled frames
2026-08-16 18:03:46,211 MainThread INFO GPU inference completed for 512 sampled frames
2026-08-16 18:03:46,240 MainThread INFO moldova_itw_plDb1FACjTk_full.mp4: wrote ../videos_extracted/moldova_itw_plDb1FACjTk_full/detections.json with 1792 sampled frames
2026-08-16 18:03:46,252 MainThread INFO moldova_studio_2UYudJFXYTk_200s-520s.mp4: wrote ../videos_extracted/moldova_studio_2UYudJFXYTk_200s-520s/detections.json with 664 sampled frames
2026-08-16 18:03:50,576 MainThread INFO GPU inference started for 512 sampled frames
2026-08-16 18:03:55,295 MainThread INFO GPU inference completed for 512 sampled frames
2026-08-16 18:04:00,643 MainThread INFO GPU inference started for 512 sampled frames
2026-08-16 18:04:05,355 MainThread INFO GPU inference completed for 512 sampled frames
2026-08-16 18:04:08,381 MainThread INFO GPU inference started for 512 sampled frames
2026-08-16 18:04:14,427 MainThread INFO GPU inference completed for 512 sampled frames
2026-08-16 18:04:18,447 MainThread INFO GPU inference started for 512 sampled frames
2026-08-16 18:04:22,745 MainThread INFO GPU inference completed for 512 sampled frames
2026-08-16 18:04:28,734 MainThread INFO GPU inference started for 512 sampled frames
2026-08-16 18:04:33,126 MainThread INFO GPU inference completed for 512 sampled frames
2026-08-16 18:04:36,942 MainThread INFO GPU inference started for 512 sampled frames
2026-08-16 18:04:42,832 MainThread INFO GPU inference completed for 512 sampled frames
2026-08-16 18:04:46,771 MainThread INFO GPU inference started for 512 sampled frames
2026-08-16 18:04:51,285 MainThread INFO GPU inference completed for 512 sampled frames
2026-08-16 18:04:54,331 ThreadPoolExecutor-0_2 INFO moldova_itw_wEyyQSU7nvQ_0s-390s.mp4: decoder completed
2026-08-16 18:04:54,908 ThreadPoolExecutor-0_2 INFO moldova_studio_DWg9DPjmLa8_97s-259s.mp4: decoder started (frames=4076, 1920x1080, fps=25.000)
2026-08-16 18:04:57,280 MainThread INFO GPU inference started for 512 sampled frames
2026-08-16 18:05:01,648 MainThread INFO GPU inference completed for 512 sampled frames
2026-08-16 18:05:01,682 MainThread INFO moldova_itw_wEyyQSU7nvQ_0s-390s.mp4: wrote ../videos_extracted/moldova_itw_wEyyQSU7nvQ_0s-390s/detections.json with 1949 sampled frames
2026-08-16 18:05:05,317 MainThread INFO GPU inference started for 512 sampled frames
2026-08-16 18:05:11,199 MainThread INFO GPU inference completed for 512 sampled frames
2026-08-16 18:05:15,226 MainThread INFO GPU inference started for 512 sampled frames
2026-08-16 18:05:16,660 ThreadPoolExecutor-0_0 INFO moldova_studio_1JhM1K87kaY_0s-352s.mp4: decoder completed
2026-08-16 18:05:17,145 ThreadPoolExecutor-0_0 INFO moldova_studio_DetAmN9HODQ_0s-400s.mp4: decoder started (frames=7082, 1920x1080, fps=29.970)
2026-08-16 18:05:19,802 MainThread INFO GPU inference completed for 512 sampled frames
2026-08-16 18:05:24,710 MainThread INFO GPU inference started for 512 sampled frames
2026-08-16 18:05:29,167 MainThread INFO GPU inference completed for 512 sampled frames
2026-08-16 18:05:29,196 MainThread INFO moldova_studio_1JhM1K87kaY_0s-352s.mp4: wrote ../videos_extracted/moldova_studio_1JhM1K87kaY_0s-352s/detections.json with 1689 sampled frames
2026-08-16 18:05:32,562 MainThread INFO GPU inference started for 512 sampled frames
2026-08-16 18:05:38,585 MainThread INFO GPU inference completed for 512 sampled frames
2026-08-16 18:05:43,904 MainThread INFO GPU inference started for 512 sampled frames
2026-08-16 18:05:48,452 MainThread INFO GPU inference completed for 512 sampled frames
2026-08-16 18:05:51,491 MainThread INFO GPU inference started for 512 sampled frames
2026-08-16 18:05:55,838 MainThread INFO GPU inference completed for 512 sampled frames
2026-08-16 18:05:57,791 ThreadPoolExecutor-0_5 INFO moldova_studio_A1lHINwxSLg_190s-548s.mp4: decoder completed
2026-08-16 18:05:58,137 ThreadPoolExecutor-0_5 INFO moldova_studio_JPjXgv8mzIY_full.mp4: decoder started (frames=2089, 1920x1080, fps=25.000)
2026-08-16 18:06:01,350 MainThread INFO GPU inference started for 512 sampled frames
2026-08-16 18:06:07,217 MainThread INFO GPU inference completed for 512 sampled frames
2026-08-16 18:06:07,249 MainThread INFO moldova_studio_A1lHINwxSLg_190s-548s.mp4: wrote ../videos_extracted/moldova_studio_A1lHINwxSLg_190s-548s/detections.json with 1663 sampled frames
2026-08-16 18:06:11,421 MainThread INFO GPU inference started for 512 sampled frames
2026-08-16 18:06:15,817 MainThread INFO GPU inference completed for 512 sampled frames
2026-08-16 18:06:21,671 MainThread INFO GPU inference started for 512 sampled frames
2026-08-16 18:06:23,607 ThreadPoolExecutor-0_2 INFO moldova_studio_DWg9DPjmLa8_97s-259s.mp4: decoder completed
2026-08-16 18:06:23,992 ThreadPoolExecutor-0_2 INFO moldova_studio_Kb8-Q9b74rg_48s-130s.mp4: decoder started (frames=2020, 1920x1080, fps=23.976)
2026-08-16 18:06:26,316 MainThread INFO GPU inference completed for 512 sampled frames
2026-08-16 18:06:29,829 MainThread INFO GPU inference started for 512 sampled frames
2026-08-16 18:06:30,902 ThreadPoolExecutor-0_6 INFO moldova_itw_yNjZrNg_Uik_411s-961s.mp4: decoder completed
2026-08-16 18:06:31,226 ThreadPoolExecutor-0_6 INFO moldova_studio_LtqoHPtm6tM_0s-425s.mp4: decoder started (frames=25475, 1920x1080, fps=59.940)
2026-08-16 18:06:35,251 MainThread INFO GPU inference completed for 512 sampled frames
2026-08-16 18:06:35,266 MainThread INFO moldova_studio_DWg9DPjmLa8_97s-259s.mp4: wrote ../videos_extracted/moldova_studio_DWg9DPjmLa8_97s-259s/detections.json with 811 sampled frames
2026-08-16 18:06:41,175 MainThread INFO GPU inference started for 512 sampled frames
2026-08-16 18:06:43,001 ThreadPoolExecutor-0_5 INFO moldova_studio_JPjXgv8mzIY_full.mp4: decoder completed
2026-08-16 18:06:44,192 ThreadPoolExecutor-0_5 INFO moldova_studio_MjtY_ZLhCcg_0s-300s.mp4: decoder started (frames=7501, 1920x1080, fps=25.000)
2026-08-16 18:06:45,806 MainThread INFO GPU inference completed for 512 sampled frames
2026-08-16 18:06:45,850 MainThread INFO moldova_itw_yNjZrNg_Uik_411s-961s.mp4: wrote ../videos_extracted/moldova_itw_yNjZrNg_Uik_411s-961s/detections.json with 2751 sampled frames
2026-08-16 18:06:50,370 MainThread INFO GPU inference started for 512 sampled frames
2026-08-16 18:06:54,557 MainThread INFO GPU inference completed for 512 sampled frames
2026-08-16 18:06:54,570 MainThread INFO moldova_studio_JPjXgv8mzIY_full.mp4: wrote ../videos_extracted/moldova_studio_JPjXgv8mzIY_full/detections.json with 418 sampled frames
2026-08-16 18:06:58,529 MainThread INFO GPU inference started for 512 sampled frames
2026-08-16 18:07:04,481 MainThread INFO GPU inference completed for 512 sampled frames
2026-08-16 18:07:07,524 ThreadPoolExecutor-0_2 INFO moldova_studio_Kb8-Q9b74rg_48s-130s.mp4: decoder completed
2026-08-16 18:07:07,916 ThreadPoolExecutor-0_2 INFO moldova_studio_PmGQMGIKEUE_230s-468s.mp4: decoder started (frames=6001, 1920x1080, fps=25.000)
2026-08-16 18:07:12,917 MainThread INFO GPU inference started for 512 sampled frames
2026-08-16 18:07:17,109 ThreadPoolExecutor-0_4 INFO moldova_studio_C9ViMKt1C9M_22s-428s.mp4: decoder completed
2026-08-16 18:07:17,387 MainThread INFO GPU inference completed for 512 sampled frames
2026-08-16 18:07:17,395 MainThread INFO moldova_studio_Kb8-Q9b74rg_48s-130s.mp4: wrote ../videos_extracted/moldova_studio_Kb8-Q9b74rg_48s-130s/detections.json with 394 sampled frames
2026-08-16 18:07:17,436 ThreadPoolExecutor-0_4 INFO moldova_studio_Q9fEefKXgy0_139s-451s.mp4: decoder started (frames=7820, 1920x1080, fps=25.000)
2026-08-16 18:07:21,530 MainThread INFO GPU inference started for 512 sampled frames
2026-08-16 18:07:27,269 MainThread INFO GPU inference completed for 512 sampled frames
2026-08-16 18:07:27,308 MainThread INFO moldova_studio_C9ViMKt1C9M_22s-428s.mp4: wrote ../videos_extracted/moldova_studio_C9ViMKt1C9M_22s-428s/detections.json with 2031 sampled frames
2026-08-16 18:07:32,914 MainThread INFO GPU inference started for 512 sampled frames
2026-08-16 18:07:37,507 MainThread INFO GPU inference completed for 512 sampled frames
2026-08-16 18:07:43,168 MainThread INFO GPU inference started for 512 sampled frames
2026-08-16 18:07:47,752 MainThread INFO GPU inference completed for 512 sampled frames
2026-08-16 18:07:52,979 ThreadPoolExecutor-0_0 INFO moldova_studio_DetAmN9HODQ_0s-400s.mp4: decoder completed
2026-08-16 18:07:53,356 ThreadPoolExecutor-0_0 INFO moldova_studio_Qy3sr8_E1Pc_170s-548s.mp4: decoder started (frames=19030, 1920x1080, fps=50.000)
2026-08-16 18:07:53,523 MainThread INFO GPU inference started for 512 sampled frames
2026-08-16 18:07:59,451 MainThread INFO GPU inference completed for 512 sampled frames
2026-08-16 18:07:59,477 MainThread INFO moldova_studio_DetAmN9HODQ_0s-400s.mp4: wrote ../videos_extracted/moldova_studio_DetAmN9HODQ_0s-400s/detections.json with 1181 sampled frames
2026-08-16 18:08:06,627 MainThread INFO GPU inference started for 512 sampled frames
2026-08-16 18:08:10,962 MainThread INFO GPU inference completed for 512 sampled frames
2026-08-16 18:08:17,247 MainThread INFO GPU inference started for 512 sampled frames
2026-08-16 18:08:22,982 MainThread INFO GPU inference completed for 512 sampled frames
2026-08-16 18:08:28,817 MainThread INFO GPU inference started for 512 sampled frames
2026-08-16 18:08:34,560 MainThread INFO GPU inference completed for 512 sampled frames
2026-08-16 18:08:39,467 MainThread INFO GPU inference started for 512 sampled frames
2026-08-16 18:08:43,773 MainThread INFO GPU inference completed for 512 sampled frames
2026-08-16 18:08:50,833 MainThread INFO GPU inference started for 512 sampled frames
2026-08-16 18:08:56,646 MainThread INFO GPU inference completed for 512 sampled frames
2026-08-16 18:09:03,099 MainThread INFO GPU inference started for 512 sampled frames
2026-08-16 18:09:07,466 MainThread INFO GPU inference completed for 512 sampled frames
2026-08-16 18:09:14,701 MainThread INFO GPU inference started for 512 sampled frames
2026-08-16 18:09:20,778 MainThread INFO GPU inference completed for 512 sampled frames
2026-08-16 18:09:20,993 ThreadPoolExecutor-0_2 INFO moldova_studio_PmGQMGIKEUE_230s-468s.mp4: decoder completed
2026-08-16 18:09:21,338 ThreadPoolExecutor-0_2 INFO moldova_studio_RXE0_SQgTIQ_0s-231s.mp4: decoder started (frames=5776, 1920x1080, fps=25.000)
2026-08-16 18:09:24,114 MainThread INFO GPU inference started for 512 sampled frames
2026-08-16 18:09:30,346 MainThread INFO GPU inference completed for 512 sampled frames
2026-08-16 18:09:30,371 MainThread INFO moldova_studio_PmGQMGIKEUE_230s-468s.mp4: wrote ../videos_extracted/moldova_studio_PmGQMGIKEUE_230s-468s/detections.json with 1191 sampled frames
2026-08-16 18:09:31,332 ThreadPoolExecutor-0_5 INFO moldova_studio_MjtY_ZLhCcg_0s-300s.mp4: decoder completed
2026-08-16 18:09:31,708 ThreadPoolExecutor-0_5 INFO moldova_studio_T7mJzH2nsPQ_full.mp4: decoder started (frames=5291, 1920x1080, fps=25.000)
2026-08-16 18:09:36,816 MainThread INFO GPU inference started for 512 sampled frames
2026-08-16 18:09:41,311 MainThread INFO GPU inference completed for 512 sampled frames
2026-08-16 18:09:41,336 MainThread INFO moldova_studio_MjtY_ZLhCcg_0s-300s.mp4: wrote ../videos_extracted/moldova_studio_MjtY_ZLhCcg_0s-300s/detections.json with 1501 sampled frames
2026-08-16 18:09:47,388 MainThread INFO GPU inference started for 512 sampled frames
2026-08-16 18:09:53,383 MainThread INFO GPU inference completed for 512 sampled frames
2026-08-16 18:09:59,097 MainThread INFO GPU inference started for 512 sampled frames
2026-08-16 18:10:03,587 MainThread INFO GPU inference completed for 512 sampled frames
2026-08-16 18:10:09,596 MainThread INFO GPU inference started for 512 sampled frames
2026-08-16 18:10:12,291 ThreadPoolExecutor-0_4 INFO moldova_studio_Q9fEefKXgy0_139s-451s.mp4: decoder completed
2026-08-16 18:10:12,642 ThreadPoolExecutor-0_4 INFO moldova_studio_UQpeA0H_S40_0s-450s.mp4: decoder started (frames=26974, 1920x1080, fps=59.940)
2026-08-16 18:10:14,250 MainThread INFO GPU inference completed for 512 sampled frames
2026-08-16 18:10:19,984 MainThread INFO GPU inference started for 512 sampled frames
2026-08-16 18:10:25,833 MainThread INFO GPU inference completed for 512 sampled frames
2026-08-16 18:10:25,861 MainThread INFO moldova_studio_Q9fEefKXgy0_139s-451s.mp4: wrote ../videos_extracted/moldova_studio_Q9fEefKXgy0_139s-451s/detections.json with 1561 sampled frames
2026-08-16 18:10:34,602 MainThread INFO GPU inference started for 512 sampled frames
2026-08-16 18:10:38,908 MainThread INFO GPU inference completed for 512 sampled frames
2026-08-16 18:10:45,934 MainThread INFO GPU inference started for 512 sampled frames
2026-08-16 18:10:51,571 MainThread INFO GPU inference completed for 512 sampled frames
2026-08-16 18:11:00,766 MainThread INFO GPU inference started for 512 sampled frames
2026-08-16 18:11:05,126 MainThread INFO GPU inference completed for 512 sampled frames
2026-08-16 18:11:14,503 MainThread INFO GPU inference started for 512 sampled frames
2026-08-16 18:11:20,352 MainThread INFO GPU inference completed for 512 sampled frames
2026-08-16 18:11:25,491 MainThread INFO GPU inference started for 512 sampled frames
2026-08-16 18:11:29,775 MainThread INFO GPU inference completed for 512 sampled frames
2026-08-16 18:11:30,142 ThreadPoolExecutor-0_5 INFO moldova_studio_T7mJzH2nsPQ_full.mp4: decoder completed
2026-08-16 18:11:30,471 ThreadPoolExecutor-0_5 ERROR moldova_studio_Wk5_FDlKA9w_120s-600s.mp4: decoder failed
Traceback (most recent call last):
  File "/export/home/acs/stud/a/alicuriceanu/ro-av-deepfake/ro-av-deepfake-dataset/extractor/extract_detections.py", line 101, in decode_video
    _, frame_count, width, height, source_fps = video_io.video_info(video_path)
                                                ^^^^^^^^^^^^^^^^^^^^^^^^^^^^^^^
  File "/export/home/acs/stud/a/alicuriceanu/ro-av-deepfake/ro-av-deepfake-dataset/extractor/video_io.py", line 23, in video_info
    completed = subprocess.run(command, check=True, text=True, capture_output=True)
                ^^^^^^^^^^^^^^^^^^^^^^^^^^^^^^^^^^^^^^^^^^^^^^^^^^^^^^^^^^^^^^^^^^^
  File "/export/home/acs/stud/a/alicuriceanu/.conda/envs/dataset/lib/python3.12/subprocess.py", line 571, in run
    raise CalledProcessError(retcode, process.args,
subprocess.CalledProcessError: Command '['ffprobe', '-v', 'error', '-select_streams', 'v:0', '-show_entries', 'stream=width,height,nb_frames,duration,avg_frame_rate,r_frame_rate:format=duration', '-of', 'json', '../videos_raw/moldova_studio_Wk5_FDlKA9w_120s-600s.mp4']' returned non-zero exit status 1.
2026-08-16 18:11:30,540 ThreadPoolExecutor-0_2 INFO moldova_studio_RXE0_SQgTIQ_0s-231s.mp4: decoder completed
2026-08-16 18:11:30,776 ThreadPoolExecutor-0_3 INFO moldova_studio_16aWAxZ7dBg_0s-510s.mp4: decoder completed
2026-08-16 18:11:30,899 ThreadPoolExecutor-0_5 INFO moldova_studio_Wonhi3yRu5c_171s-559s.mp4: decoder started (frames=11651, 1920x1080, fps=30.000)
2026-08-16 18:11:30,992 ThreadPoolExecutor-0_2 INFO moldova_studio_ZOuB2beDD1k_100s-470s.mp4: decoder started (frames=9319, 1920x1080, fps=25.000)
2026-08-16 18:11:31,190 ThreadPoolExecutor-0_3 INFO moldova_studio_ZtQ87ao3chU_377s-665s.mp4: decoder started (frames=14430, 1920x1080, fps=50.000)
2026-08-16 18:11:38,896 MainThread INFO GPU inference started for 512 sampled frames
2026-08-16 18:11:43,384 MainThread INFO GPU inference completed for 512 sampled frames
2026-08-16 18:11:43,403 MainThread INFO moldova_studio_T7mJzH2nsPQ_full.mp4: wrote ../videos_extracted/moldova_studio_T7mJzH2nsPQ_full/detections.json with 1059 sampled frames
2026-08-16 18:11:43,422 MainThread INFO moldova_studio_RXE0_SQgTIQ_0s-231s.mp4: wrote ../videos_extracted/moldova_studio_RXE0_SQgTIQ_0s-231s/detections.json with 1156 sampled frames
2026-08-16 18:11:43,473 MainThread INFO moldova_studio_16aWAxZ7dBg_0s-510s.mp4: wrote ../videos_extracted/moldova_studio_16aWAxZ7dBg_0s-510s/detections.json with 2550 sampled frames
2026-08-16 18:11:53,431 MainThread INFO GPU inference started for 512 sampled frames
2026-08-16 18:11:59,235 MainThread INFO GPU inference completed for 512 sampled frames
2026-08-16 18:12:07,699 MainThread INFO GPU inference started for 512 sampled frames
2026-08-16 18:12:13,502 MainThread INFO GPU inference completed for 512 sampled frames
2026-08-16 18:12:18,999 MainThread INFO GPU inference started for 512 sampled frames
2026-08-16 18:12:24,678 MainThread INFO GPU inference completed for 512 sampled frames
2026-08-16 18:12:28,604 MainThread INFO GPU inference started for 512 sampled frames
2026-08-16 18:12:32,954 MainThread INFO GPU inference completed for 512 sampled frames
2026-08-16 18:12:44,087 MainThread INFO GPU inference started for 512 sampled frames
2026-08-16 18:12:49,913 MainThread INFO GPU inference completed for 512 sampled frames
2026-08-16 18:12:59,974 MainThread INFO GPU inference started for 512 sampled frames
2026-08-16 18:13:04,242 MainThread INFO GPU inference completed for 512 sampled frames
2026-08-16 18:13:09,644 MainThread INFO GPU inference started for 512 sampled frames
2026-08-16 18:13:15,230 MainThread INFO GPU inference completed for 512 sampled frames
2026-08-16 18:13:22,036 MainThread INFO GPU inference started for 512 sampled frames
2026-08-16 18:13:26,415 MainThread INFO GPU inference completed for 512 sampled frames
2026-08-16 18:13:36,526 MainThread INFO GPU inference started for 512 sampled frames
2026-08-16 18:13:42,231 MainThread INFO GPU inference completed for 512 sampled frames
2026-08-16 18:13:52,384 MainThread INFO GPU inference started for 512 sampled frames
2026-08-16 18:13:56,696 MainThread INFO GPU inference completed for 512 sampled frames
2026-08-16 18:14:04,197 MainThread INFO GPU inference started for 512 sampled frames
2026-08-16 18:14:09,702 MainThread INFO GPU inference completed for 512 sampled frames
2026-08-16 18:14:19,280 MainThread INFO GPU inference started for 512 sampled frames
2026-08-16 18:14:23,455 MainThread INFO GPU inference completed for 512 sampled frames
2026-08-16 18:14:29,621 MainThread INFO GPU inference started for 512 sampled frames
2026-08-16 18:14:34,004 MainThread INFO GPU inference completed for 512 sampled frames
2026-08-16 18:14:44,086 MainThread INFO GPU inference started for 512 sampled frames
2026-08-16 18:14:49,672 MainThread INFO GPU inference completed for 512 sampled frames
2026-08-16 18:14:56,367 ThreadPoolExecutor-0_0 INFO moldova_studio_Qy3sr8_E1Pc_170s-548s.mp4: decoder completed
2026-08-16 18:14:56,679 ThreadPoolExecutor-0_2 INFO moldova_studio_ZOuB2beDD1k_100s-470s.mp4: decoder completed
2026-08-16 18:14:56,680 MainThread INFO GPU inference started for 512 sampled frames
2026-08-16 18:14:56,863 ThreadPoolExecutor-0_0 INFO moldova_studio__zl5P0Y75_8_141s-1187s.mp4: decoder started (frames=11264, 1920x1080, fps=25.000)
2026-08-16 18:14:57,147 ThreadPoolExecutor-0_2 INFO moldova_studio_aa4-ymH-xtI_75s-536s.mp4: decoder started (frames=11061, 1920x1080, fps=23.976)
2026-08-16 18:15:01,215 MainThread INFO GPU inference completed for 512 sampled frames
2026-08-16 18:15:01,248 MainThread INFO moldova_studio_Qy3sr8_E1Pc_170s-548s.mp4: wrote ../videos_extracted/moldova_studio_Qy3sr8_E1Pc_170s-548s/detections.json with 1890 sampled frames
2026-08-16 18:15:04,485 MainThread INFO GPU inference started for 512 sampled frames
2026-08-16 18:15:10,715 MainThread INFO GPU inference completed for 512 sampled frames
2026-08-16 18:15:10,748 MainThread INFO moldova_studio_ZOuB2beDD1k_100s-470s.mp4: wrote ../videos_extracted/moldova_studio_ZOuB2beDD1k_100s-470s/detections.json with 1851 sampled frames
2026-08-16 18:15:19,553 MainThread INFO GPU inference started for 512 sampled frames
2026-08-16 18:15:23,964 MainThread INFO GPU inference completed for 512 sampled frames
2026-08-16 18:15:33,172 MainThread INFO GPU inference started for 512 sampled frames
2026-08-16 18:15:39,182 MainThread INFO GPU inference completed for 512 sampled frames
2026-08-16 18:15:42,908 ThreadPoolExecutor-0_7 INFO moldova_studio_0mZOc3ni-WA_148s-780s.mp4: decoder completed
2026-08-16 18:15:43,336 ThreadPoolExecutor-0_7 INFO moldova_studio_d-pYjTylAUo_0s-304s.mp4: decoder started (frames=9121, 1920x1080, fps=30.000)
2026-08-16 18:15:45,440 MainThread INFO GPU inference started for 512 sampled frames
2026-08-16 18:15:50,042 MainThread INFO GPU inference completed for 512 sampled frames
2026-08-16 18:15:50,105 MainThread INFO moldova_studio_0mZOc3ni-WA_148s-780s.mp4: wrote ../videos_extracted/moldova_studio_0mZOc3ni-WA_148s-780s/detections.json with 3157 sampled frames
2026-08-16 18:15:50,569 ThreadPoolExecutor-0_5 INFO moldova_studio_Wonhi3yRu5c_171s-559s.mp4: decoder completed
2026-08-16 18:15:50,992 ThreadPoolExecutor-0_5 INFO moldova_studio_dyy00N9FlEg_86s-424s.mp4: decoder started (frames=20316, 1920x1080, fps=59.940)
2026-08-16 18:15:55,597 MainThread INFO GPU inference started for 512 sampled frames
2026-08-16 18:15:58,421 ThreadPoolExecutor-0_6 INFO moldova_studio_LtqoHPtm6tM_0s-425s.mp4: decoder completed
2026-08-16 18:15:58,836 ThreadPoolExecutor-0_6 INFO moldova_studio_iutbxy_EIDo_134s-459s.mp4: decoder started (frames=19500, 1920x1080, fps=59.940)
2026-08-16 18:15:59,816 MainThread INFO GPU inference completed for 512 sampled frames
2026-08-16 18:15:59,847 MainThread INFO moldova_studio_Wonhi3yRu5c_171s-559s.mp4: wrote ../videos_extracted/moldova_studio_Wonhi3yRu5c_171s-559s/detections.json with 1941 sampled frames
2026-08-16 18:16:08,483 MainThread INFO GPU inference started for 512 sampled frames
2026-08-16 18:16:14,425 MainThread INFO GPU inference completed for 512 sampled frames
2026-08-16 18:16:14,469 MainThread INFO moldova_studio_LtqoHPtm6tM_0s-425s.mp4: wrote ../videos_extracted/moldova_studio_LtqoHPtm6tM_0s-425s/detections.json with 2123 sampled frames
2026-08-16 18:16:22,536 MainThread INFO GPU inference started for 512 sampled frames
2026-08-16 18:16:26,896 MainThread INFO GPU inference completed for 512 sampled frames
2026-08-16 18:16:30,798 MainThread INFO GPU inference started for 512 sampled frames
2026-08-16 18:16:36,723 MainThread INFO GPU inference completed for 512 sampled frames
2026-08-16 18:16:44,842 MainThread INFO GPU inference started for 512 sampled frames
2026-08-16 18:16:48,939 ThreadPoolExecutor-0_3 INFO moldova_studio_ZtQ87ao3chU_377s-665s.mp4: decoder completed
2026-08-16 18:16:49,149 MainThread INFO GPU inference completed for 512 sampled frames
2026-08-16 18:16:49,333 ThreadPoolExecutor-0_3 INFO moldova_studio_kFUEAWrpOBo_0s-300s.mp4: decoder started (frames=8993, 1920x1080, fps=29.970)
2026-08-16 18:16:53,437 MainThread INFO GPU inference started for 512 sampled frames
2026-08-16 18:16:59,238 MainThread INFO GPU inference completed for 512 sampled frames
2026-08-16 18:16:59,269 MainThread INFO moldova_studio_ZtQ87ao3chU_377s-665s.mp4: wrote ../videos_extracted/moldova_studio_ZtQ87ao3chU_377s-665s/detections.json with 1440 sampled frames
2026-08-16 18:17:06,114 MainThread INFO GPU inference started for 512 sampled frames
2026-08-16 18:17:11,744 MainThread INFO GPU inference completed for 512 sampled frames
2026-08-16 18:17:15,225 MainThread INFO GPU inference started for 512 sampled frames
2026-08-16 18:17:19,848 MainThread INFO GPU inference completed for 512 sampled frames
2026-08-16 18:17:26,793 MainThread INFO GPU inference started for 512 sampled frames
2026-08-16 18:17:32,627 MainThread INFO GPU inference completed for 512 sampled frames
2026-08-16 18:17:38,126 MainThread INFO GPU inference started for 512 sampled frames
2026-08-16 18:17:43,100 MainThread INFO GPU inference completed for 512 sampled frames
2026-08-16 18:17:49,220 MainThread INFO GPU inference started for 512 sampled frames
2026-08-16 18:17:55,221 MainThread INFO GPU inference completed for 512 sampled frames
2026-08-16 18:17:58,880 MainThread INFO GPU inference started for 512 sampled frames
2026-08-16 18:18:04,975 MainThread INFO GPU inference completed for 512 sampled frames
2026-08-16 18:18:10,468 MainThread INFO GPU inference started for 512 sampled frames
2026-08-16 18:18:15,066 MainThread INFO GPU inference completed for 512 sampled frames
2026-08-16 18:18:21,085 MainThread INFO GPU inference started for 512 sampled frames
2026-08-16 18:18:27,228 MainThread INFO GPU inference completed for 512 sampled frames
2026-08-16 18:18:32,145 MainThread INFO GPU inference started for 512 sampled frames
2026-08-16 18:18:36,700 MainThread INFO GPU inference completed for 512 sampled frames
2026-08-16 18:18:44,792 MainThread INFO GPU inference started for 512 sampled frames
2026-08-16 18:18:49,199 MainThread INFO GPU inference completed for 512 sampled frames
2026-08-16 18:18:52,399 MainThread INFO GPU inference started for 512 sampled frames
2026-08-16 18:18:58,201 MainThread INFO GPU inference completed for 512 sampled frames
2026-08-16 18:19:04,012 ThreadPoolExecutor-0_2 INFO moldova_studio_aa4-ymH-xtI_75s-536s.mp4: decoder completed
2026-08-16 18:19:04,190 ThreadPoolExecutor-0_7 INFO moldova_studio_d-pYjTylAUo_0s-304s.mp4: decoder completed
2026-08-16 18:19:04,192 MainThread INFO GPU inference started for 512 sampled frames
2026-08-16 18:19:04,406 ThreadPoolExecutor-0_2 INFO moldova_studio_kxCdGYaF1RY_full.mp4: decoder started (frames=6009, 1920x1080, fps=25.000)
2026-08-16 18:19:04,637 ThreadPoolExecutor-0_7 INFO moldova_studio_mPE2pBpTEM0_785s-1066s.mp4: decoder started (frames=8437, 854x480, fps=30.000)
2026-08-16 18:19:07,426 ThreadPoolExecutor-0_0 INFO moldova_studio__zl5P0Y75_8_141s-1187s.mp4: decoder completed
2026-08-16 18:19:07,769 ThreadPoolExecutor-0_0 INFO moldova_studio_mWTHoyTNoOA_272s-465s.mp4: decoder started (frames=4926, 1920x1080, fps=25.000)
2026-08-16 18:19:08,562 MainThread INFO GPU inference completed for 512 sampled frames
2026-08-16 18:19:08,604 MainThread INFO moldova_studio_aa4-ymH-xtI_75s-536s.mp4: wrote ../videos_extracted/moldova_studio_aa4-ymH-xtI_75s-536s/detections.json with 2211 sampled frames
2026-08-16 18:19:11,907 MainThread INFO GPU inference started for 512 sampled frames
2026-08-16 18:19:17,535 MainThread INFO GPU inference completed for 512 sampled frames
2026-08-16 18:19:17,558 MainThread INFO moldova_studio_d-pYjTylAUo_0s-304s.mp4: wrote ../videos_extracted/moldova_studio_d-pYjTylAUo_0s-304s/detections.json with 1521 sampled frames
2026-08-16 18:19:17,601 MainThread INFO moldova_studio__zl5P0Y75_8_141s-1187s.mp4: wrote ../videos_extracted/moldova_studio__zl5P0Y75_8_141s-1187s/detections.json with 2239 sampled frames
2026-08-16 18:19:18,232 MainThread INFO GPU inference started for 512 sampled frames
2026-08-16 18:19:24,088 MainThread INFO GPU inference completed for 512 sampled frames
2026-08-16 18:19:24,091 MainThread INFO GPU inference started for 512 sampled frames
2026-08-16 18:19:29,400 MainThread INFO GPU inference completed for 512 sampled frames
2026-08-16 18:19:29,430 MainThread INFO GPU inference started for 512 sampled frames
2026-08-16 18:19:33,521 ThreadPoolExecutor-0_7 INFO moldova_studio_mPE2pBpTEM0_785s-1066s.mp4: decoder completed
2026-08-16 18:19:33,783 ThreadPoolExecutor-0_7 INFO moldova_studio_nWbSfHvQfEk_full.mp4: decoder started (frames=7409, 1920x1080, fps=30.000)
2026-08-16 18:19:34,534 MainThread INFO GPU inference completed for 512 sampled frames
2026-08-16 18:19:35,580 MainThread INFO GPU inference started for 512 sampled frames
2026-08-16 18:19:41,311 MainThread INFO GPU inference completed for 512 sampled frames
2026-08-16 18:19:41,338 MainThread INFO moldova_studio_mPE2pBpTEM0_785s-1066s.mp4: wrote ../videos_extracted/moldova_studio_mPE2pBpTEM0_785s-1066s/detections.json with 1406 sampled frames
2026-08-16 18:19:46,574 MainThread INFO GPU inference started for 512 sampled frames
2026-08-16 18:19:52,634 MainThread INFO GPU inference completed for 512 sampled frames
2026-08-16 18:19:55,238 MainThread INFO GPU inference started for 512 sampled frames
2026-08-16 18:19:59,517 MainThread INFO GPU inference completed for 512 sampled frames
2026-08-16 18:20:05,775 ThreadPoolExecutor-0_3 INFO moldova_studio_kFUEAWrpOBo_0s-300s.mp4: decoder completed
2026-08-16 18:20:06,104 ThreadPoolExecutor-0_3 INFO moldova_studio_oLXEgqT5Vw4_67s-446s.mp4: decoder started (frames=9487, 1920x1080, fps=25.000)
2026-08-16 18:20:07,520 MainThread INFO GPU inference started for 512 sampled frames
2026-08-16 18:20:09,875 ThreadPoolExecutor-0_4 INFO moldova_studio_UQpeA0H_S40_0s-450s.mp4: decoder completed
2026-08-16 18:20:10,170 ThreadPoolExecutor-0_4 INFO moldova_studio_pMiS-1hAqKM_full.mp4: decoder started (frames=7757, 1920x1080, fps=23.976)
2026-08-16 18:20:12,199 MainThread INFO GPU inference completed for 512 sampled frames
2026-08-16 18:20:12,225 MainThread INFO moldova_studio_kFUEAWrpOBo_0s-300s.mp4: wrote ../videos_extracted/moldova_studio_kFUEAWrpOBo_0s-300s/detections.json with 1499 sampled frames
2026-08-16 18:20:15,355 MainThread INFO GPU inference started for 512 sampled frames
2026-08-16 18:20:20,917 MainThread INFO GPU inference completed for 512 sampled frames
2026-08-16 18:20:20,964 MainThread INFO moldova_studio_UQpeA0H_S40_0s-450s.mp4: wrote ../videos_extracted/moldova_studio_UQpeA0H_S40_0s-450s/detections.json with 2248 sampled frames
2026-08-16 18:20:26,517 MainThread INFO GPU inference started for 512 sampled frames
2026-08-16 18:20:30,947 MainThread INFO GPU inference completed for 512 sampled frames
2026-08-16 18:20:35,188 ThreadPoolExecutor-0_1 INFO moldova_studio_AmW0WwZI-QA_0s-478s.mp4: decoder completed
2026-08-16 18:20:35,603 ThreadPoolExecutor-0_1 INFO moldova_studio_sVO13R1D3zA_127s-475s.mp4: decoder started (frames=17541, 1920x1080, fps=50.000)
2026-08-16 18:20:36,672 MainThread INFO GPU inference started for 512 sampled frames
2026-08-16 18:20:42,593 MainThread INFO GPU inference completed for 512 sampled frames
2026-08-16 18:20:42,636 MainThread INFO moldova_studio_AmW0WwZI-QA_0s-478s.mp4: wrote ../videos_extracted/moldova_studio_AmW0WwZI-QA_0s-478s/detections.json with 2295 sampled frames
2026-08-16 18:20:45,664 MainThread INFO GPU inference started for 512 sampled frames
2026-08-16 18:20:50,186 MainThread INFO GPU inference completed for 512 sampled frames
2026-08-16 18:20:53,535 ThreadPoolExecutor-0_0 INFO moldova_studio_mWTHoyTNoOA_272s-465s.mp4: decoder completed
2026-08-16 18:20:53,862 ThreadPoolExecutor-0_0 INFO moldova_studio_umbP_QsVS3k_full.mp4: decoder started (frames=4145, 1920x1080, fps=30.000)
2026-08-16 18:20:54,911 MainThread INFO GPU inference started for 512 sampled frames
2026-08-16 18:20:59,437 MainThread INFO GPU inference completed for 512 sampled frames
2026-08-16 18:20:59,456 MainThread INFO moldova_studio_mWTHoyTNoOA_272s-465s.mp4: wrote ../videos_extracted/moldova_studio_mWTHoyTNoOA_272s-465s/detections.json with 965 sampled frames
2026-08-16 18:21:03,358 MainThread INFO GPU inference started for 512 sampled frames
2026-08-16 18:21:07,813 MainThread INFO GPU inference completed for 512 sampled frames
2026-08-16 18:21:11,521 MainThread INFO GPU inference started for 512 sampled frames
2026-08-16 18:21:16,043 MainThread INFO GPU inference completed for 512 sampled frames
2026-08-16 18:21:16,875 ThreadPoolExecutor-0_2 INFO moldova_studio_kxCdGYaF1RY_full.mp4: decoder completed
2026-08-16 18:21:17,274 ThreadPoolExecutor-0_2 INFO moldova_studio_vF3NMm3j97g_375s-1093s.mp4: decoder started (frames=17353, 1920x1080, fps=24.000)
2026-08-16 18:21:21,601 MainThread INFO GPU inference started for 512 sampled frames
2026-08-16 18:21:26,159 MainThread INFO GPU inference completed for 512 sampled frames
2026-08-16 18:21:26,185 MainThread INFO moldova_studio_kxCdGYaF1RY_full.mp4: wrote ../videos_extracted/moldova_studio_kxCdGYaF1RY_full/detections.json with 1202 sampled frames
2026-08-16 18:21:29,092 MainThread INFO GPU inference started for 512 sampled frames
2026-08-16 18:21:33,614 MainThread INFO GPU inference completed for 512 sampled frames
2026-08-16 18:21:39,317 MainThread INFO GPU inference started for 512 sampled frames
2026-08-16 18:21:43,973 MainThread INFO GPU inference completed for 512 sampled frames
2026-08-16 18:21:47,247 MainThread INFO GPU inference started for 512 sampled frames
2026-08-16 18:21:51,530 MainThread INFO GPU inference completed for 512 sampled frames
2026-08-16 18:21:54,968 MainThread INFO GPU inference started for 512 sampled frames
2026-08-16 18:21:59,404 MainThread INFO GPU inference completed for 512 sampled frames
2026-08-16 18:22:04,073 MainThread INFO GPU inference started for 512 sampled frames
2026-08-16 18:22:07,702 ThreadPoolExecutor-0_7 INFO moldova_studio_nWbSfHvQfEk_full.mp4: decoder completed
2026-08-16 18:22:08,094 ThreadPoolExecutor-0_7 INFO moldova_studio_xhQNsoTBIpI_748s-1110s.mp4: decoder started (frames=9151, 1920x1080, fps=25.000)
2026-08-16 18:22:08,400 MainThread INFO GPU inference completed for 512 sampled frames
2026-08-16 18:22:11,502 MainThread INFO GPU inference started for 512 sampled frames
2026-08-16 18:22:15,898 MainThread INFO GPU inference completed for 512 sampled frames
2026-08-16 18:22:15,916 MainThread INFO moldova_studio_nWbSfHvQfEk_full.mp4: wrote ../videos_extracted/moldova_studio_nWbSfHvQfEk_full/detections.json with 1235 sampled frames
2026-08-16 18:22:16,989 ThreadPoolExecutor-0_0 INFO moldova_studio_umbP_QsVS3k_full.mp4: decoder completed
2026-08-16 18:22:17,463 ThreadPoolExecutor-0_0 INFO moldova_studio_zvEP7pnFXKE_48s-315s.mp4: decoder started (frames=6724, 1920x1080, fps=25.000)
2026-08-16 18:22:19,750 MainThread INFO GPU inference started for 512 sampled frames
2026-08-16 18:22:24,078 MainThread INFO GPU inference completed for 512 sampled frames
2026-08-16 18:22:24,093 MainThread INFO moldova_studio_umbP_QsVS3k_full.mp4: wrote ../videos_extracted/moldova_studio_umbP_QsVS3k_full/detections.json with 691 sampled frames
2026-08-16 18:22:26,745 MainThread INFO GPU inference started for 512 sampled frames
2026-08-16 18:22:31,184 MainThread INFO GPU inference completed for 512 sampled frames
2026-08-16 18:22:35,050 MainThread INFO GPU inference started for 512 sampled frames
2026-08-16 18:22:39,640 MainThread INFO GPU inference completed for 512 sampled frames
2026-08-16 18:22:43,639 MainThread INFO GPU inference started for 512 sampled frames
2026-08-16 18:22:45,355 ThreadPoolExecutor-0_4 INFO moldova_studio_pMiS-1hAqKM_full.mp4: decoder completed
2026-08-16 18:22:45,698 ThreadPoolExecutor-0_4 INFO muntenia_itw_-xYXejMcWgw_full.mp4: decoder started (frames=7934, 1280x720, fps=50.000)
2026-08-16 18:22:48,320 MainThread INFO GPU inference completed for 512 sampled frames
2026-08-16 18:22:51,162 MainThread INFO GPU inference started for 512 sampled frames
2026-08-16 18:22:56,822 MainThread INFO GPU inference completed for 512 sampled frames
2026-08-16 18:22:56,854 MainThread INFO moldova_studio_pMiS-1hAqKM_full.mp4: wrote ../videos_extracted/moldova_studio_pMiS-1hAqKM_full/detections.json with 1552 sampled frames
2026-08-16 18:22:57,927 ThreadPoolExecutor-0_6 INFO moldova_studio_iutbxy_EIDo_134s-459s.mp4: decoder completed
2026-08-16 18:22:58,249 ThreadPoolExecutor-0_6 INFO muntenia_itw_13u2o7Oaals_full.mp4: decoder started (frames=8358, 1920x1080, fps=50.000)
2026-08-16 18:23:00,491 MainThread INFO GPU inference started for 512 sampled frames
2026-08-16 18:23:05,442 ThreadPoolExecutor-0_5 INFO moldova_studio_dyy00N9FlEg_86s-424s.mp4: decoder completed
2026-08-16 18:23:05,767 ThreadPoolExecutor-0_5 INFO muntenia_itw_3LRKcnKKa3k_full.mp4: decoder started (frames=8834, 1920x1080, fps=50.000)
2026-08-16 18:23:06,160 MainThread INFO GPU inference completed for 512 sampled frames
2026-08-16 18:23:06,207 MainThread INFO moldova_studio_iutbxy_EIDo_134s-459s.mp4: wrote ../videos_extracted/moldova_studio_iutbxy_EIDo_134s-459s/detections.json with 1624 sampled frames
2026-08-16 18:23:07,312 MainThread INFO GPU inference started for 512 sampled frames
2026-08-16 18:23:13,190 MainThread INFO GPU inference completed for 512 sampled frames
2026-08-16 18:23:13,223 MainThread INFO moldova_studio_dyy00N9FlEg_86s-424s.mp4: wrote ../videos_extracted/moldova_studio_dyy00N9FlEg_86s-424s/detections.json with 1689 sampled frames
2026-08-16 18:23:14,581 MainThread INFO GPU inference started for 512 sampled frames
2026-08-16 18:23:20,308 MainThread INFO GPU inference completed for 512 sampled frames
2026-08-16 18:23:23,550 MainThread INFO GPU inference started for 512 sampled frames
2026-08-16 18:23:23,620 ThreadPoolExecutor-0_3 INFO moldova_studio_oLXEgqT5Vw4_67s-446s.mp4: decoder completed
2026-08-16 18:23:23,946 ThreadPoolExecutor-0_3 INFO muntenia_itw_5E2eZ99C7Ns_0s-300s.mp4: decoder started (frames=8992, 3840x2160, fps=29.970)
2026-08-16 18:23:29,425 MainThread INFO GPU inference completed for 512 sampled frames
2026-08-16 18:23:32,653 MainThread INFO GPU inference started for 512 sampled frames
2026-08-16 18:23:38,602 MainThread INFO GPU inference completed for 512 sampled frames
2026-08-16 18:23:38,645 MainThread INFO moldova_studio_oLXEgqT5Vw4_67s-446s.mp4: wrote ../videos_extracted/moldova_studio_oLXEgqT5Vw4_67s-446s/detections.json with 1896 sampled frames
2026-08-16 18:23:41,340 MainThread INFO GPU inference started for 512 sampled frames
2026-08-16 18:23:43,870 ThreadPoolExecutor-0_4 INFO muntenia_itw_-xYXejMcWgw_full.mp4: decoder completed
2026-08-16 18:23:44,228 ThreadPoolExecutor-0_4 INFO muntenia_itw_8593OI6yYao_71s-287s.mp4: decoder started (frames=11022, 1920x1080, fps=50.000)
2026-08-16 18:23:47,211 MainThread INFO GPU inference completed for 512 sampled frames
2026-08-16 18:23:50,843 MainThread INFO GPU inference started for 512 sampled frames
2026-08-16 18:23:56,512 MainThread INFO GPU inference completed for 512 sampled frames
2026-08-16 18:23:56,535 MainThread INFO muntenia_itw_-xYXejMcWgw_full.mp4: wrote ../videos_extracted/muntenia_itw_-xYXejMcWgw_full/detections.json with 794 sampled frames
2026-08-16 18:24:00,566 MainThread INFO GPU inference started for 512 sampled frames
2026-08-16 18:24:06,602 MainThread INFO GPU inference completed for 512 sampled frames
2026-08-16 18:24:10,857 MainThread INFO GPU inference started for 512 sampled frames
2026-08-16 18:24:15,420 MainThread INFO GPU inference completed for 512 sampled frames
2026-08-16 18:24:22,249 MainThread INFO GPU inference started for 512 sampled frames
2026-08-16 18:24:26,754 MainThread INFO GPU inference completed for 512 sampled frames
2026-08-16 18:24:31,196 MainThread INFO GPU inference started for 512 sampled frames
2026-08-16 18:24:37,093 MainThread INFO GPU inference completed for 512 sampled frames
2026-08-16 18:24:38,781 ThreadPoolExecutor-0_0 INFO moldova_studio_zvEP7pnFXKE_48s-315s.mp4: decoder completed
2026-08-16 18:24:39,117 ThreadPoolExecutor-0_0 INFO muntenia_itw_BtxuhDROe2I_full.mp4: decoder started (frames=13299, 1920x1080, fps=50.000)
2026-08-16 18:24:45,435 MainThread INFO GPU inference started for 512 sampled frames
2026-08-16 18:24:50,027 MainThread INFO GPU inference completed for 512 sampled frames
2026-08-16 18:24:50,050 MainThread INFO moldova_studio_zvEP7pnFXKE_48s-315s.mp4: wrote ../videos_extracted/moldova_studio_zvEP7pnFXKE_48s-315s/detections.json with 1336 sampled frames
2026-08-16 18:24:57,687 MainThread INFO GPU inference started for 512 sampled frames
2026-08-16 18:25:02,195 MainThread INFO GPU inference completed for 512 sampled frames
2026-08-16 18:25:06,676 MainThread INFO GPU inference started for 512 sampled frames
2026-08-16 18:25:12,594 MainThread INFO GPU inference completed for 512 sampled frames
2026-08-16 18:25:18,219 ThreadPoolExecutor-0_7 INFO moldova_studio_xhQNsoTBIpI_748s-1110s.mp4: decoder completed
2026-08-16 18:25:18,541 ThreadPoolExecutor-0_7 INFO muntenia_itw_E79saLCJRng_full.mp4: decoder started (frames=9921, 1920x1080, fps=50.000)
2026-08-16 18:25:18,621 MainThread INFO GPU inference started for 512 sampled frames
2026-08-16 18:25:23,326 MainThread INFO GPU inference completed for 512 sampled frames
2026-08-16 18:25:23,356 MainThread INFO moldova_studio_xhQNsoTBIpI_748s-1110s.mp4: wrote ../videos_extracted/moldova_studio_xhQNsoTBIpI_748s-1110s/detections.json with 1811 sampled frames
2026-08-16 18:25:32,280 MainThread INFO GPU inference started for 512 sampled frames
2026-08-16 18:25:36,817 MainThread INFO GPU inference completed for 512 sampled frames
2026-08-16 18:25:44,562 MainThread INFO GPU inference started for 512 sampled frames
2026-08-16 18:25:50,687 MainThread INFO GPU inference completed for 512 sampled frames
2026-08-16 18:25:57,184 ThreadPoolExecutor-0_6 INFO muntenia_itw_13u2o7Oaals_full.mp4: decoder completed
2026-08-16 18:25:57,522 ThreadPoolExecutor-0_6 INFO muntenia_itw_EsA-ty7pjh8_15s-315s.mp4: decoder started (frames=7591, 1920x1080, fps=25.000)
2026-08-16 18:25:59,565 MainThread INFO GPU inference started for 512 sampled frames
2026-08-16 18:26:04,098 MainThread INFO GPU inference completed for 512 sampled frames
2026-08-16 18:26:04,118 MainThread INFO muntenia_itw_13u2o7Oaals_full.mp4: wrote ../videos_extracted/muntenia_itw_13u2o7Oaals_full/detections.json with 836 sampled frames
2026-08-16 18:26:12,481 MainThread INFO GPU inference started for 512 sampled frames
2026-08-16 18:26:14,891 ThreadPoolExecutor-0_5 INFO muntenia_itw_3LRKcnKKa3k_full.mp4: decoder completed
2026-08-16 18:26:16,691 ThreadPoolExecutor-0_5 INFO muntenia_itw_FoAO4PeWURI_1628s-1796s.mp4: decoder started (frames=4324, 1920x1080, fps=25.000)
2026-08-16 18:26:18,159 MainThread INFO GPU inference completed for 512 sampled frames
2026-08-16 18:26:22,815 MainThread INFO GPU inference started for 512 sampled frames
2026-08-16 18:26:27,075 MainThread INFO GPU inference completed for 512 sampled frames
2026-08-16 18:26:27,096 MainThread INFO muntenia_itw_3LRKcnKKa3k_full.mp4: wrote ../videos_extracted/muntenia_itw_3LRKcnKKa3k_full/detections.json with 884 sampled frames
2026-08-16 18:26:32,929 MainThread INFO GPU inference started for 512 sampled frames
2026-08-16 18:26:37,084 MainThread INFO GPU inference completed for 512 sampled frames
2026-08-16 18:26:43,320 MainThread INFO GPU inference started for 512 sampled frames
2026-08-16 18:26:45,218 ThreadPoolExecutor-0_1 INFO moldova_studio_sVO13R1D3zA_127s-475s.mp4: decoder completed
2026-08-16 18:26:45,627 ThreadPoolExecutor-0_1 INFO muntenia_itw_FoAO4PeWURI_2055s-2300s.mp4: decoder started (frames=6172, 1920x1080, fps=25.000)
2026-08-16 18:26:47,850 MainThread INFO GPU inference completed for 512 sampled frames
2026-08-16 18:26:55,887 MainThread INFO GPU inference started for 512 sampled frames
2026-08-16 18:27:01,569 MainThread INFO GPU inference completed for 512 sampled frames
2026-08-16 18:27:01,602 MainThread INFO moldova_studio_sVO13R1D3zA_127s-475s.mp4: wrote ../videos_extracted/moldova_studio_sVO13R1D3zA_127s-475s/detections.json with 1741 sampled frames
2026-08-16 18:27:04,909 MainThread INFO GPU inference started for 512 sampled frames
2026-08-16 18:27:09,095 MainThread INFO GPU inference completed for 512 sampled frames
2026-08-16 18:27:13,274 MainThread INFO GPU inference started for 512 sampled frames
2026-08-16 18:27:17,428 MainThread INFO GPU inference completed for 512 sampled frames
2026-08-16 18:27:25,415 ThreadPoolExecutor-0_2 INFO moldova_studio_vF3NMm3j97g_375s-1093s.mp4: decoder completed
2026-08-16 18:27:25,415 MainThread INFO GPU inference started for 512 sampled frames
2026-08-16 18:27:25,747 ThreadPoolExecutor-0_2 INFO muntenia_itw_FoAO4PeWURI_2336s-2576s.mp4: decoder started (frames=6032, 1920x1080, fps=25.000)
2026-08-16 18:27:30,718 MainThread INFO GPU inference completed for 512 sampled frames
2026-08-16 18:27:34,979 MainThread INFO GPU inference started for 512 sampled frames
2026-08-16 18:27:38,790 MainThread INFO GPU inference completed for 512 sampled frames
2026-08-16 18:27:38,853 MainThread INFO moldova_studio_vF3NMm3j97g_375s-1093s.mp4: wrote ../videos_extracted/moldova_studio_vF3NMm3j97g_375s-1093s/detections.json with 3447 sampled frames
2026-08-16 18:27:40,451 ThreadPoolExecutor-0_4 INFO muntenia_itw_8593OI6yYao_71s-287s.mp4: decoder completed
2026-08-16 18:27:40,841 ThreadPoolExecutor-0_4 INFO muntenia_itw_FxYjYgPWm5o_full.mp4: decoder started (frames=7409, 1920x1080, fps=50.000)
2026-08-16 18:27:46,224 MainThread INFO GPU inference started for 512 sampled frames
2026-08-16 18:27:50,423 MainThread INFO GPU inference completed for 512 sampled frames
2026-08-16 18:27:50,454 MainThread INFO muntenia_itw_8593OI6yYao_71s-287s.mp4: wrote ../videos_extracted/muntenia_itw_8593OI6yYao_71s-287s/detections.json with 1080 sampled frames
2026-08-16 18:27:50,541 ThreadPoolExecutor-0_5 INFO muntenia_itw_FoAO4PeWURI_1628s-1796s.mp4: decoder completed
2026-08-16 18:27:50,897 ThreadPoolExecutor-0_5 INFO muntenia_itw_Im436sz7RXo_full.mp4: decoder started (frames=14908, 1920x1080, fps=50.000)
2026-08-16 18:27:55,063 MainThread INFO GPU inference started for 512 sampled frames
2026-08-16 18:28:00,677 MainThread INFO GPU inference completed for 512 sampled frames
2026-08-16 18:28:00,707 MainThread INFO muntenia_itw_FoAO4PeWURI_1628s-1796s.mp4: wrote ../videos_extracted/muntenia_itw_FoAO4PeWURI_1628s-1796s/detections.json with 840 sampled frames
2026-08-16 18:28:07,624 MainThread INFO GPU inference started for 512 sampled frames
2026-08-16 18:28:11,772 MainThread INFO GPU inference completed for 512 sampled frames
2026-08-16 18:28:19,703 MainThread INFO GPU inference started for 512 sampled frames
2026-08-16 18:28:23,864 MainThread INFO GPU inference completed for 512 sampled frames
2026-08-16 18:28:28,955 MainThread INFO GPU inference started for 512 sampled frames
2026-08-16 18:28:34,952 MainThread INFO GPU inference completed for 512 sampled frames
2026-08-16 18:28:39,511 MainThread INFO GPU inference started for 512 sampled frames
2026-08-16 18:28:45,305 MainThread INFO GPU inference completed for 512 sampled frames
2026-08-16 18:28:47,859 ThreadPoolExecutor-0_6 INFO muntenia_itw_EsA-ty7pjh8_15s-315s.mp4: decoder completed
2026-08-16 18:28:48,237 ThreadPoolExecutor-0_6 INFO muntenia_itw_NDxTNQ0dO7o_90s-828s.mp4: decoder started (frames=8875, 1920x1080, fps=25.000)
2026-08-16 18:28:51,162 MainThread INFO GPU inference started for 512 sampled frames
2026-08-16 18:28:55,382 MainThread INFO GPU inference completed for 512 sampled frames
2026-08-16 18:28:55,406 MainThread INFO muntenia_itw_EsA-ty7pjh8_15s-315s.mp4: wrote ../videos_extracted/muntenia_itw_EsA-ty7pjh8_15s-315s/detections.json with 1501 sampled frames
2026-08-16 18:29:00,498 ThreadPoolExecutor-0_7 INFO muntenia_itw_E79saLCJRng_full.mp4: decoder completed
2026-08-16 18:29:00,829 ThreadPoolExecutor-0_7 INFO muntenia_itw_NcIyTGwJEQ4_full.mp4: decoder started (frames=8748, 1920x1080, fps=29.970)
2026-08-16 18:29:02,317 MainThread INFO GPU inference started for 512 sampled frames
2026-08-16 18:29:03,405 ThreadPoolExecutor-0_1 INFO muntenia_itw_FoAO4PeWURI_2055s-2300s.mp4: decoder completed
2026-08-16 18:29:03,704 ThreadPoolExecutor-0_1 INFO muntenia_itw_RU4BZLjDjj0_full.mp4: decoder started (frames=12600, 1920x1080, fps=50.000)
2026-08-16 18:29:06,705 MainThread INFO GPU inference completed for 512 sampled frames
2026-08-16 18:29:06,727 MainThread INFO muntenia_itw_E79saLCJRng_full.mp4: wrote ../videos_extracted/muntenia_itw_E79saLCJRng_full/detections.json with 993 sampled frames
2026-08-16 18:29:12,870 MainThread INFO GPU inference started for 512 sampled frames
2026-08-16 18:29:18,683 MainThread INFO GPU inference completed for 512 sampled frames
2026-08-16 18:29:18,718 MainThread INFO muntenia_itw_FoAO4PeWURI_2055s-2300s.mp4: wrote ../videos_extracted/muntenia_itw_FoAO4PeWURI_2055s-2300s/detections.json with 1225 sampled frames
2026-08-16 18:29:24,625 MainThread INFO GPU inference started for 512 sampled frames
2026-08-16 18:29:28,871 MainThread INFO GPU inference completed for 512 sampled frames
2026-08-16 18:29:31,836 ThreadPoolExecutor-0_0 INFO muntenia_itw_BtxuhDROe2I_full.mp4: decoder completed
2026-08-16 18:29:32,132 ThreadPoolExecutor-0_0 INFO muntenia_itw_S6UGFE8FnrY_full.mp4: decoder started (frames=10329, 1920x1080, fps=25.000)
2026-08-16 18:29:33,820 MainThread INFO GPU inference started for 512 sampled frames
2026-08-16 18:29:37,330 ThreadPoolExecutor-0_2 INFO muntenia_itw_FoAO4PeWURI_2336s-2576s.mp4: decoder completed
2026-08-16 18:29:37,634 ThreadPoolExecutor-0_2 INFO muntenia_itw_S8v12PiPsqM_full.mp4: decoder started (frames=6443, 1920x1080, fps=50.000)
2026-08-16 18:29:37,941 MainThread INFO GPU inference completed for 512 sampled frames
2026-08-16 18:29:38,000 MainThread INFO muntenia_itw_BtxuhDROe2I_full.mp4: wrote ../videos_extracted/muntenia_itw_BtxuhDROe2I_full/detections.json with 1330 sampled frames
2026-08-16 18:29:45,263 MainThread INFO GPU inference started for 512 sampled frames
2026-08-16 18:29:51,080 MainThread INFO GPU inference completed for 512 sampled frames
2026-08-16 18:29:51,111 MainThread INFO muntenia_itw_FoAO4PeWURI_2336s-2576s.mp4: wrote ../videos_extracted/muntenia_itw_FoAO4PeWURI_2336s-2576s/detections.json with 1200 sampled frames
2026-08-16 18:29:59,139 MainThread INFO GPU inference started for 512 sampled frames
2026-08-16 18:30:03,521 MainThread INFO GPU inference completed for 512 sampled frames
2026-08-16 18:30:10,259 MainThread INFO GPU inference started for 512 sampled frames
2026-08-16 18:30:14,610 MainThread INFO GPU inference completed for 512 sampled frames
2026-08-16 18:30:19,348 MainThread INFO GPU inference started for 512 sampled frames
2026-08-16 18:30:24,850 ThreadPoolExecutor-0_4 INFO muntenia_itw_FxYjYgPWm5o_full.mp4: decoder completed
2026-08-16 18:30:25,168 ThreadPoolExecutor-0_4 INFO muntenia_itw_SfsfTEPKbEk_full.mp4: decoder started (frames=10389, 1920x1080, fps=50.000)
2026-08-16 18:30:25,187 MainThread INFO GPU inference completed for 512 sampled frames
2026-08-16 18:30:32,813 MainThread INFO GPU inference started for 512 sampled frames
2026-08-16 18:30:37,215 MainThread INFO GPU inference completed for 512 sampled frames
2026-08-16 18:30:37,230 MainThread INFO muntenia_itw_FxYjYgPWm5o_full.mp4: wrote ../videos_extracted/muntenia_itw_FxYjYgPWm5o_full/detections.json with 741 sampled frames
2026-08-16 18:30:42,415 MainThread INFO GPU inference started for 512 sampled frames
2026-08-16 18:30:46,736 MainThread INFO GPU inference completed for 512 sampled frames
2026-08-16 18:30:51,660 MainThread INFO GPU inference started for 512 sampled frames
2026-08-16 18:30:57,485 MainThread INFO GPU inference completed for 512 sampled frames
2026-08-16 18:31:05,127 MainThread INFO GPU inference started for 512 sampled frames
2026-08-16 18:31:09,460 MainThread INFO GPU inference completed for 512 sampled frames
2026-08-16 18:31:17,231 MainThread INFO GPU inference started for 512 sampled frames
2026-08-16 18:31:21,596 MainThread INFO GPU inference completed for 512 sampled frames
2026-08-16 18:31:25,187 MainThread INFO GPU inference started for 512 sampled frames
2026-08-16 18:31:30,779 MainThread INFO GPU inference completed for 512 sampled frames
2026-08-16 18:31:38,618 MainThread INFO GPU inference started for 512 sampled frames
2026-08-16 18:31:42,737 MainThread INFO GPU inference completed for 512 sampled frames
2026-08-16 18:31:51,954 MainThread INFO GPU inference started for 512 sampled frames
2026-08-16 18:31:56,281 MainThread INFO GPU inference completed for 512 sampled frames
2026-08-16 18:31:58,134 ThreadPoolExecutor-0_2 INFO muntenia_itw_S8v12PiPsqM_full.mp4: decoder completed
2026-08-16 18:31:58,518 ThreadPoolExecutor-0_2 INFO muntenia_itw_SqO13W1cpow_full.mp4: decoder started (frames=17888, 1920x1080, fps=50.000)
2026-08-16 18:31:59,942 MainThread INFO GPU inference started for 512 sampled frames
2026-08-16 18:32:02,230 ThreadPoolExecutor-0_6 INFO muntenia_itw_NDxTNQ0dO7o_90s-828s.mp4: decoder completed
2026-08-16 18:32:02,536 ThreadPoolExecutor-0_6 INFO muntenia_itw_U4oREYjysJo_full.mp4: decoder started (frames=10793, 1920x1080, fps=50.000)
2026-08-16 18:32:05,783 MainThread INFO GPU inference completed for 512 sampled frames
2026-08-16 18:32:05,802 MainThread INFO muntenia_itw_S8v12PiPsqM_full.mp4: wrote ../videos_extracted/muntenia_itw_S8v12PiPsqM_full/detections.json with 645 sampled frames
2026-08-16 18:32:14,437 MainThread INFO GPU inference started for 512 sampled frames
2026-08-16 18:32:15,897 ThreadPoolExecutor-0_7 INFO muntenia_itw_NcIyTGwJEQ4_full.mp4: decoder completed
2026-08-16 18:32:16,202 ThreadPoolExecutor-0_7 INFO muntenia_itw_XJtz_42-CM0_full.mp4: decoder started (frames=13587, 1920x1080, fps=50.000)
2026-08-16 18:32:18,665 MainThread INFO GPU inference completed for 512 sampled frames
2026-08-16 18:32:18,688 MainThread INFO muntenia_itw_NDxTNQ0dO7o_90s-828s.mp4: wrote ../videos_extracted/muntenia_itw_NDxTNQ0dO7o_90s-828s/detections.json with 1761 sampled frames
2026-08-16 18:32:28,441 MainThread INFO GPU inference started for 512 sampled frames
2026-08-16 18:32:34,125 MainThread INFO GPU inference completed for 512 sampled frames
2026-08-16 18:32:34,149 MainThread INFO muntenia_itw_NcIyTGwJEQ4_full.mp4: wrote ../videos_extracted/muntenia_itw_NcIyTGwJEQ4_full/detections.json with 1458 sampled frames
2026-08-16 18:32:43,160 MainThread INFO GPU inference started for 512 sampled frames
2026-08-16 18:32:47,485 MainThread INFO GPU inference completed for 512 sampled frames
2026-08-16 18:32:57,415 MainThread INFO GPU inference started for 512 sampled frames
2026-08-16 18:33:01,762 MainThread INFO GPU inference completed for 512 sampled frames
2026-08-16 18:33:08,350 MainThread INFO GPU inference started for 512 sampled frames
2026-08-16 18:33:14,110 MainThread INFO GPU inference completed for 512 sampled frames
2026-08-16 18:33:18,362 ThreadPoolExecutor-0_5 INFO muntenia_itw_Im436sz7RXo_full.mp4: decoder completed
2026-08-16 18:33:18,665 ThreadPoolExecutor-0_5 INFO muntenia_itw_Z9Gwe-WLWS4_full.mp4: decoder started (frames=14344, 1920x1080, fps=50.000)
2026-08-16 18:33:18,901 MainThread INFO GPU inference started for 512 sampled frames
2026-08-16 18:33:20,976 ThreadPoolExecutor-0_0 INFO muntenia_itw_S6UGFE8FnrY_full.mp4: decoder completed
2026-08-16 18:33:21,940 ThreadPoolExecutor-0_0 INFO muntenia_itw__MmOZcPRYkE_0s-187s.mp4: decoder started (frames=4676, 854x470, fps=25.000)
2026-08-16 18:33:23,563 MainThread INFO GPU inference completed for 512 sampled frames
2026-08-16 18:33:23,586 MainThread INFO muntenia_itw_Im436sz7RXo_full.mp4: wrote ../videos_extracted/muntenia_itw_Im436sz7RXo_full/detections.json with 1491 sampled frames
2026-08-16 18:33:27,004 MainThread INFO GPU inference started for 512 sampled frames
2026-08-16 18:33:32,577 MainThread INFO GPU inference completed for 512 sampled frames
2026-08-16 18:33:32,619 MainThread INFO muntenia_itw_S6UGFE8FnrY_full.mp4: wrote ../videos_extracted/muntenia_itw_S6UGFE8FnrY_full/detections.json with 2066 sampled frames
2026-08-16 18:33:34,157 MainThread INFO GPU inference started for 512 sampled frames
2026-08-16 18:33:37,696 ThreadPoolExecutor-0_0 INFO muntenia_itw__MmOZcPRYkE_0s-187s.mp4: decoder completed
2026-08-16 18:33:38,062 ThreadPoolExecutor-0_0 INFO muntenia_itw_bblTlEwGQ2Q_68s-240s.mp4: decoder started (frames=4337, 1920x1080, fps=25.000)
2026-08-16 18:33:39,823 MainThread INFO GPU inference completed for 512 sampled frames
2026-08-16 18:33:41,943 MainThread INFO GPU inference started for 512 sampled frames
2026-08-16 18:33:43,882 ThreadPoolExecutor-0_1 INFO muntenia_itw_RU4BZLjDjj0_full.mp4: decoder completed
2026-08-16 18:33:44,281 ThreadPoolExecutor-0_1 INFO muntenia_itw_bh0_4ZYfHxc_full.mp4: decoder started (frames=7053, 1920x1080, fps=30.000)
2026-08-16 18:33:47,641 MainThread INFO GPU inference completed for 512 sampled frames
2026-08-16 18:33:47,655 MainThread INFO muntenia_itw__MmOZcPRYkE_0s-187s.mp4: wrote ../videos_extracted/muntenia_itw__MmOZcPRYkE_0s-187s/detections.json with 937 sampled frames
2026-08-16 18:33:54,709 MainThread INFO GPU inference started for 512 sampled frames
2026-08-16 18:33:59,483 MainThread INFO GPU inference completed for 512 sampled frames
2026-08-16 18:33:59,525 MainThread INFO muntenia_itw_RU4BZLjDjj0_full.mp4: wrote ../videos_extracted/muntenia_itw_RU4BZLjDjj0_full/detections.json with 1260 sampled frames
2026-08-16 18:34:08,032 MainThread INFO GPU inference started for 512 sampled frames
2026-08-16 18:34:11,520 ThreadPoolExecutor-0_4 INFO muntenia_itw_SfsfTEPKbEk_full.mp4: decoder completed
2026-08-16 18:34:11,849 ThreadPoolExecutor-0_4 INFO muntenia_itw_eE1IOagGHcA_full.mp4: decoder started (frames=9000, 1920x1080, fps=25.000)
2026-08-16 18:34:12,556 MainThread INFO GPU inference completed for 512 sampled frames
2026-08-16 18:34:17,019 MainThread INFO GPU inference started for 512 sampled frames
2026-08-16 18:34:22,767 MainThread INFO GPU inference completed for 512 sampled frames
2026-08-16 18:34:22,789 MainThread INFO muntenia_itw_SfsfTEPKbEk_full.mp4: wrote ../videos_extracted/muntenia_itw_SfsfTEPKbEk_full/detections.json with 1039 sampled frames
2026-08-16 18:34:29,214 MainThread INFO GPU inference started for 512 sampled frames
2026-08-16 18:34:33,462 MainThread INFO GPU inference completed for 512 sampled frames
2026-08-16 18:34:39,202 MainThread INFO GPU inference started for 512 sampled frames
2026-08-16 18:34:43,618 MainThread INFO GPU inference completed for 512 sampled frames
2026-08-16 18:34:50,855 MainThread INFO GPU inference started for 512 sampled frames
2026-08-16 18:34:56,623 MainThread INFO GPU inference completed for 512 sampled frames
2026-08-16 18:35:03,590 MainThread INFO GPU inference started for 512 sampled frames
2026-08-16 18:35:08,001 MainThread INFO GPU inference completed for 512 sampled frames
2026-08-16 18:35:10,086 ThreadPoolExecutor-0_0 INFO muntenia_itw_bblTlEwGQ2Q_68s-240s.mp4: decoder completed
2026-08-16 18:35:10,464 ThreadPoolExecutor-0_0 INFO muntenia_itw_gGw0AcMAHro_full.mp4: decoder started (frames=8211, 1920x1080, fps=50.000)
2026-08-16 18:35:14,010 MainThread INFO GPU inference started for 512 sampled frames
2026-08-16 18:35:18,506 MainThread INFO GPU inference completed for 512 sampled frames
2026-08-16 18:35:18,523 MainThread INFO muntenia_itw_bblTlEwGQ2Q_68s-240s.mp4: wrote ../videos_extracted/muntenia_itw_bblTlEwGQ2Q_68s-240s/detections.json with 861 sampled frames
2026-08-16 18:35:23,773 MainThread INFO GPU inference started for 512 sampled frames
2026-08-16 18:35:29,683 MainThread INFO GPU inference completed for 512 sampled frames
2026-08-16 18:35:37,083 MainThread INFO GPU inference started for 512 sampled frames
2026-08-16 18:35:41,520 MainThread INFO GPU inference completed for 512 sampled frames
2026-08-16 18:35:49,392 MainThread INFO GPU inference started for 512 sampled frames
2026-08-16 18:35:53,649 MainThread INFO GPU inference completed for 512 sampled frames
2026-08-16 18:36:00,835 ThreadPoolExecutor-0_6 INFO muntenia_itw_U4oREYjysJo_full.mp4: decoder completed
2026-08-16 18:36:00,836 MainThread INFO GPU inference started for 512 sampled frames
2026-08-16 18:36:01,176 ThreadPoolExecutor-0_6 INFO muntenia_itw_iJ4q9_k0wOQ_full.mp4: decoder started (frames=11271, 1920x1080, fps=50.000)
2026-08-16 18:36:06,681 MainThread INFO GPU inference completed for 512 sampled frames
2026-08-16 18:36:14,370 MainThread INFO GPU inference started for 512 sampled frames
2026-08-16 18:36:17,907 ThreadPoolExecutor-0_1 INFO muntenia_itw_bh0_4ZYfHxc_full.mp4: decoder completed
2026-08-16 18:36:18,241 ThreadPoolExecutor-0_1 INFO muntenia_itw_jby05QL8QuA_full.mp4: decoder started (frames=7610, 1920x1080, fps=50.000)
2026-08-16 18:36:18,687 MainThread INFO GPU inference completed for 512 sampled frames
2026-08-16 18:36:18,716 MainThread INFO muntenia_itw_U4oREYjysJo_full.mp4: wrote ../videos_extracted/muntenia_itw_U4oREYjysJo_full/detections.json with 1080 sampled frames
2026-08-16 18:36:28,443 MainThread INFO GPU inference started for 512 sampled frames
2026-08-16 18:36:34,118 MainThread INFO GPU inference completed for 512 sampled frames
2026-08-16 18:36:34,137 MainThread INFO muntenia_itw_bh0_4ZYfHxc_full.mp4: wrote ../videos_extracted/muntenia_itw_bh0_4ZYfHxc_full/detections.json with 1176 sampled frames
2026-08-16 18:36:38,392 ThreadPoolExecutor-0_3 INFO muntenia_itw_5E2eZ99C7Ns_0s-300s.mp4: decoder completed
2026-08-16 18:36:38,718 ThreadPoolExecutor-0_3 INFO muntenia_itw_kA4sqQ5v8z8_full.mp4: decoder started (frames=6714, 1920x1080, fps=50.000)
2026-08-16 18:36:40,733 MainThread INFO GPU inference started for 512 sampled frames
2026-08-16 18:36:46,626 MainThread INFO GPU inference completed for 512 sampled frames
2026-08-16 18:36:46,656 MainThread INFO muntenia_itw_5E2eZ99C7Ns_0s-300s.mp4: wrote ../videos_extracted/muntenia_itw_5E2eZ99C7Ns_0s-300s/detections.json with 1499 sampled frames
2026-08-16 18:36:52,021 MainThread INFO GPU inference started for 512 sampled frames
2026-08-16 18:36:56,529 MainThread INFO GPU inference completed for 512 sampled frames
2026-08-16 18:37:03,547 MainThread INFO GPU inference started for 512 sampled frames
2026-08-16 18:37:08,184 MainThread INFO GPU inference completed for 512 sampled frames
2026-08-16 18:37:12,383 ThreadPoolExecutor-0_7 INFO muntenia_itw_XJtz_42-CM0_full.mp4: decoder completed
2026-08-16 18:37:12,719 ThreadPoolExecutor-0_7 INFO muntenia_itw_kFuwgXQya2k_full.mp4: decoder started (frames=5569, 1920x1080, fps=50.000)
2026-08-16 18:37:14,699 MainThread INFO GPU inference started for 512 sampled frames
2026-08-16 18:37:19,188 MainThread INFO GPU inference completed for 512 sampled frames
2026-08-16 18:37:19,210 MainThread INFO muntenia_itw_XJtz_42-CM0_full.mp4: wrote ../videos_extracted/muntenia_itw_XJtz_42-CM0_full/detections.json with 1359 sampled frames
2026-08-16 18:37:24,651 MainThread INFO GPU inference started for 512 sampled frames
2026-08-16 18:37:25,356 ThreadPoolExecutor-0_4 INFO muntenia_itw_eE1IOagGHcA_full.mp4: decoder completed
2026-08-16 18:37:25,643 ThreadPoolExecutor-0_4 INFO muntenia_itw_kpAETLLos6c_full.mp4: decoder started (frames=7513, 1920x1080, fps=50.000)
2026-08-16 18:37:29,116 MainThread INFO GPU inference completed for 512 sampled frames
2026-08-16 18:37:37,426 MainThread INFO GPU inference started for 512 sampled frames
2026-08-16 18:37:41,891 MainThread INFO GPU inference completed for 512 sampled frames
2026-08-16 18:37:41,917 MainThread INFO muntenia_itw_eE1IOagGHcA_full.mp4: wrote ../videos_extracted/muntenia_itw_eE1IOagGHcA_full/detections.json with 1800 sampled frames
2026-08-16 18:37:49,810 MainThread INFO GPU inference started for 512 sampled frames
2026-08-16 18:37:54,409 MainThread INFO GPU inference completed for 512 sampled frames
2026-08-16 18:38:00,202 ThreadPoolExecutor-0_0 INFO muntenia_itw_gGw0AcMAHro_full.mp4: decoder completed
2026-08-16 18:38:00,543 ThreadPoolExecutor-0_0 INFO muntenia_itw_l2I7D1HsJmw_full.mp4: decoder started (frames=5038, 1920x1080, fps=25.000)
2026-08-16 18:38:02,223 MainThread INFO GPU inference started for 512 sampled frames
2026-08-16 18:38:06,800 MainThread INFO GPU inference completed for 512 sampled frames
2026-08-16 18:38:06,828 MainThread INFO muntenia_itw_gGw0AcMAHro_full.mp4: wrote ../videos_extracted/muntenia_itw_gGw0AcMAHro_full/detections.json with 822 sampled frames
2026-08-16 18:38:13,500 MainThread INFO GPU inference started for 512 sampled frames
2026-08-16 18:38:18,090 MainThread INFO GPU inference completed for 512 sampled frames
2026-08-16 18:38:20,461 ThreadPoolExecutor-0_2 INFO muntenia_itw_SqO13W1cpow_full.mp4: decoder completed
2026-08-16 18:38:20,827 ThreadPoolExecutor-0_2 INFO muntenia_itw_lPmO3FKPPOU_full.mp4: decoder started (frames=9729, 1920x1080, fps=50.000)
2026-08-16 18:38:22,749 ThreadPoolExecutor-0_5 INFO muntenia_itw_Z9Gwe-WLWS4_full.mp4: decoder completed
2026-08-16 18:38:23,065 ThreadPoolExecutor-0_5 INFO muntenia_itw_oIokVVAzA20_full.mp4: decoder started (frames=22285, 1920x1080, fps=50.000)
2026-08-16 18:38:24,943 MainThread INFO GPU inference started for 512 sampled frames
2026-08-16 18:38:29,496 MainThread INFO GPU inference completed for 512 sampled frames
2026-08-16 18:38:29,542 MainThread INFO muntenia_itw_SqO13W1cpow_full.mp4: wrote ../videos_extracted/muntenia_itw_SqO13W1cpow_full/detections.json with 1789 sampled frames
2026-08-16 18:38:29,566 MainThread INFO muntenia_itw_Z9Gwe-WLWS4_full.mp4: wrote ../videos_extracted/muntenia_itw_Z9Gwe-WLWS4_full/detections.json with 1435 sampled frames
2026-08-16 18:38:36,557 MainThread INFO GPU inference started for 512 sampled frames
2026-08-16 18:38:40,979 MainThread INFO GPU inference completed for 512 sampled frames
2026-08-16 18:38:47,394 ThreadPoolExecutor-0_1 INFO muntenia_itw_jby05QL8QuA_full.mp4: decoder completed
2026-08-16 18:38:47,766 ThreadPoolExecutor-0_1 INFO muntenia_itw_pFGtwbWqbcE_full.mp4: decoder started (frames=8230, 1920x1080, fps=50.000)
2026-08-16 18:38:47,947 MainThread INFO GPU inference started for 512 sampled frames
2026-08-16 18:38:48,775 ThreadPoolExecutor-0_3 INFO muntenia_itw_kA4sqQ5v8z8_full.mp4: decoder completed
2026-08-16 18:38:49,068 ThreadPoolExecutor-0_3 INFO muntenia_itw_pTJxhiR2izE_full.mp4: decoder started (frames=7694, 1920x1080, fps=50.000)
2026-08-16 18:38:52,818 MainThread INFO GPU inference completed for 512 sampled frames
2026-08-16 18:38:52,833 MainThread INFO muntenia_itw_jby05QL8QuA_full.mp4: wrote ../videos_extracted/muntenia_itw_jby05QL8QuA_full/detections.json with 761 sampled frames
2026-08-16 18:38:59,636 MainThread INFO GPU inference started for 512 sampled frames
2026-08-16 18:39:00,121 ThreadPoolExecutor-0_7 INFO muntenia_itw_kFuwgXQya2k_full.mp4: decoder completed
2026-08-16 18:39:00,508 ThreadPoolExecutor-0_7 INFO muntenia_itw_s95oDZGLwzk_full.mp4: decoder started (frames=8588, 1920x1080, fps=50.000)
2026-08-16 18:39:04,227 MainThread INFO GPU inference completed for 512 sampled frames
2026-08-16 18:39:04,241 MainThread INFO muntenia_itw_kA4sqQ5v8z8_full.mp4: wrote ../videos_extracted/muntenia_itw_kA4sqQ5v8z8_full/detections.json with 672 sampled frames
2026-08-16 18:39:12,398 MainThread INFO GPU inference started for 512 sampled frames
2026-08-16 18:39:17,073 MainThread INFO GPU inference completed for 512 sampled frames
2026-08-16 18:39:17,087 MainThread INFO muntenia_itw_kFuwgXQya2k_full.mp4: wrote ../videos_extracted/muntenia_itw_kFuwgXQya2k_full/detections.json with 557 sampled frames
2026-08-16 18:39:23,034 MainThread INFO GPU inference started for 512 sampled frames
2026-08-16 18:39:27,657 MainThread INFO GPU inference completed for 512 sampled frames
2026-08-16 18:39:33,687 MainThread INFO GPU inference started for 512 sampled frames
2026-08-16 18:39:38,569 MainThread INFO GPU inference completed for 512 sampled frames
2026-08-16 18:39:38,857 ThreadPoolExecutor-0_0 INFO muntenia_itw_l2I7D1HsJmw_full.mp4: decoder completed
2026-08-16 18:39:39,214 ThreadPoolExecutor-0_0 INFO muntenia_itw_sdzjhy_V-Kw_full.mp4: decoder started (frames=6205, 1920x1080, fps=50.000)
2026-08-16 18:39:42,770 MainThread INFO GPU inference started for 512 sampled frames
2026-08-16 18:39:46,415 ThreadPoolExecutor-0_6 INFO muntenia_itw_iJ4q9_k0wOQ_full.mp4: decoder completed
2026-08-16 18:39:46,707 ThreadPoolExecutor-0_6 INFO muntenia_itw_yGAvQgsYIhU_full.mp4: decoder started (frames=10153, 1920x1080, fps=50.000)
2026-08-16 18:39:47,267 MainThread INFO GPU inference completed for 512 sampled frames
2026-08-16 18:39:47,286 MainThread INFO muntenia_itw_l2I7D1HsJmw_full.mp4: wrote ../videos_extracted/muntenia_itw_l2I7D1HsJmw_full/detections.json with 1008 sampled frames
2026-08-16 18:39:52,515 ThreadPoolExecutor-0_4 INFO muntenia_itw_kpAETLLos6c_full.mp4: decoder completed
2026-08-16 18:39:52,860 ThreadPoolExecutor-0_4 INFO muntenia_studio_-LBYLfFqxtw_full.mp4: decoder started (frames=5583, 1080x1920, fps=25.000)
2026-08-16 18:39:57,377 MainThread INFO GPU inference started for 512 sampled frames
2026-08-16 18:40:01,719 MainThread INFO GPU inference completed for 512 sampled frames
2026-08-16 18:40:01,741 MainThread INFO muntenia_itw_iJ4q9_k0wOQ_full.mp4: wrote ../videos_extracted/muntenia_itw_iJ4q9_k0wOQ_full/detections.json with 1128 sampled frames
2026-08-16 18:40:01,755 MainThread INFO muntenia_itw_kpAETLLos6c_full.mp4: wrote ../videos_extracted/muntenia_itw_kpAETLLos6c_full/detections.json with 752 sampled frames
2026-08-16 18:40:04,661 MainThread INFO GPU inference started for 512 sampled frames
2026-08-16 18:40:10,532 MainThread INFO GPU inference completed for 512 sampled frames
2026-08-16 18:40:18,264 MainThread INFO GPU inference started for 512 sampled frames
2026-08-16 18:40:23,940 MainThread INFO GPU inference completed for 512 sampled frames
2026-08-16 18:40:30,771 MainThread INFO GPU inference started for 512 sampled frames
2026-08-16 18:40:36,799 MainThread INFO GPU inference completed for 512 sampled frames
2026-08-16 18:40:42,362 MainThread INFO GPU inference started for 512 sampled frames
2026-08-16 18:40:48,156 MainThread INFO GPU inference completed for 512 sampled frames
2026-08-16 18:40:54,480 MainThread INFO GPU inference started for 512 sampled frames
2026-08-16 18:41:00,605 MainThread INFO GPU inference completed for 512 sampled frames
2026-08-16 18:41:07,143 MainThread INFO GPU inference started for 512 sampled frames
2026-08-16 18:41:13,420 MainThread INFO GPU inference completed for 512 sampled frames
2026-08-16 18:41:19,083 MainThread INFO GPU inference started for 512 sampled frames
2026-08-16 18:41:21,985 ThreadPoolExecutor-0_3 INFO muntenia_itw_pTJxhiR2izE_full.mp4: decoder completed
2026-08-16 18:41:22,460 ThreadPoolExecutor-0_3 INFO muntenia_studio_0H_jKNtoAuA_0s-367s.mp4: decoder started (frames=8801, 1920x1080, fps=23.976)
2026-08-16 18:41:25,295 MainThread INFO GPU inference completed for 512 sampled frames
2026-08-16 18:41:27,593 MainThread INFO GPU inference started for 512 sampled frames
2026-08-16 18:41:31,303 ThreadPoolExecutor-0_1 INFO muntenia_itw_pFGtwbWqbcE_full.mp4: decoder completed
2026-08-16 18:41:31,655 ThreadPoolExecutor-0_1 INFO muntenia_studio_1pb9MZb-Gk8_full.mp4: decoder started (frames=5568, 1920x1080, fps=50.000)
2026-08-16 18:41:33,871 MainThread INFO GPU inference completed for 512 sampled frames
2026-08-16 18:41:33,885 MainThread INFO muntenia_itw_pTJxhiR2izE_full.mp4: wrote ../videos_extracted/muntenia_itw_pTJxhiR2izE_full/detections.json with 770 sampled frames
2026-08-16 18:41:34,633 MainThread INFO GPU inference started for 512 sampled frames
2026-08-16 18:41:34,788 ThreadPoolExecutor-0_2 INFO muntenia_itw_lPmO3FKPPOU_full.mp4: decoder completed
2026-08-16 18:41:35,197 ThreadPoolExecutor-0_2 INFO muntenia_studio_4VwNq-_r784_50s-356s.mp4: decoder started (frames=7701, 1920x1080, fps=25.000)
2026-08-16 18:41:40,480 MainThread INFO GPU inference completed for 512 sampled frames
2026-08-16 18:41:40,500 MainThread INFO muntenia_itw_pFGtwbWqbcE_full.mp4: wrote ../videos_extracted/muntenia_itw_pFGtwbWqbcE_full/detections.json with 823 sampled frames
2026-08-16 18:41:42,015 ThreadPoolExecutor-0_0 INFO muntenia_itw_sdzjhy_V-Kw_full.mp4: decoder completed
2026-08-16 18:41:42,415 ThreadPoolExecutor-0_0 INFO muntenia_studio_5Id-Q-wonU0_87s-441s.mp4: decoder started (frames=8918, 1920x1080, fps=25.000)
2026-08-16 18:41:43,430 ThreadPoolExecutor-0_4 INFO muntenia_studio_-LBYLfFqxtw_full.mp4: decoder completed
2026-08-16 18:41:43,810 ThreadPoolExecutor-0_4 INFO muntenia_studio_5mFv4KIutzI_0s-317s.mp4: decoder started (frames=7926, 1920x1080, fps=25.000)
2026-08-16 18:41:45,784 MainThread INFO GPU inference started for 512 sampled frames
2026-08-16 18:41:51,401 ThreadPoolExecutor-0_7 INFO muntenia_itw_s95oDZGLwzk_full.mp4: decoder completed
2026-08-16 18:41:51,712 ThreadPoolExecutor-0_7 INFO muntenia_studio_7emqY87TaR8_0s-230s.mp4: decoder started (frames=5750, 1920x1080, fps=25.000)
2026-08-16 18:41:51,757 MainThread INFO GPU inference completed for 512 sampled frames
2026-08-16 18:41:51,775 MainThread INFO muntenia_itw_lPmO3FKPPOU_full.mp4: wrote ../videos_extracted/muntenia_itw_lPmO3FKPPOU_full/detections.json with 973 sampled frames
2026-08-16 18:41:51,790 MainThread INFO muntenia_itw_sdzjhy_V-Kw_full.mp4: wrote ../videos_extracted/muntenia_itw_sdzjhy_V-Kw_full/detections.json with 621 sampled frames
2026-08-16 18:41:51,807 MainThread INFO muntenia_studio_-LBYLfFqxtw_full.mp4: wrote ../videos_extracted/muntenia_studio_-LBYLfFqxtw_full/detections.json with 1117 sampled frames
2026-08-16 18:41:54,128 MainThread INFO GPU inference started for 512 sampled frames
2026-08-16 18:41:58,588 MainThread INFO GPU inference completed for 512 sampled frames
2026-08-16 18:41:58,604 MainThread INFO muntenia_itw_s95oDZGLwzk_full.mp4: wrote ../videos_extracted/muntenia_itw_s95oDZGLwzk_full/detections.json with 859 sampled frames
2026-08-16 18:42:01,857 MainThread INFO GPU inference started for 512 sampled frames
2026-08-16 18:42:06,315 MainThread INFO GPU inference completed for 512 sampled frames
2026-08-16 18:42:10,633 MainThread INFO GPU inference started for 512 sampled frames
2026-08-16 18:42:15,122 MainThread INFO GPU inference completed for 512 sampled frames
2026-08-16 18:42:19,155 MainThread INFO GPU inference started for 512 sampled frames
2026-08-16 18:42:23,772 MainThread INFO GPU inference completed for 512 sampled frames
2026-08-16 18:42:27,078 MainThread INFO GPU inference started for 512 sampled frames
2026-08-16 18:42:31,752 MainThread INFO GPU inference completed for 512 sampled frames
2026-08-16 18:42:34,471 MainThread INFO GPU inference started for 512 sampled frames
2026-08-16 18:42:38,959 MainThread INFO GPU inference completed for 512 sampled frames
2026-08-16 18:42:41,358 MainThread INFO GPU inference started for 512 sampled frames
2026-08-16 18:42:46,032 MainThread INFO GPU inference completed for 512 sampled frames
2026-08-16 18:42:49,760 MainThread INFO GPU inference started for 512 sampled frames
2026-08-16 18:42:54,364 MainThread INFO GPU inference completed for 512 sampled frames
2026-08-16 18:42:59,625 MainThread INFO GPU inference started for 512 sampled frames
2026-08-16 18:43:04,166 MainThread INFO GPU inference completed for 512 sampled frames
2026-08-16 18:43:06,429 MainThread INFO GPU inference started for 512 sampled frames
2026-08-16 18:43:09,699 ThreadPoolExecutor-0_6 INFO muntenia_itw_yGAvQgsYIhU_full.mp4: decoder completed
2026-08-16 18:43:10,012 ThreadPoolExecutor-0_6 INFO muntenia_studio_7vCd_vqa_yw_853s-1195s.mp4: decoder started (frames=8577, 1920x1080, fps=25.000)
2026-08-16 18:43:10,857 MainThread INFO GPU inference completed for 512 sampled frames
2026-08-16 18:43:13,403 MainThread INFO GPU inference started for 512 sampled frames
2026-08-16 18:43:17,807 MainThread INFO GPU inference completed for 512 sampled frames
2026-08-16 18:43:17,830 MainThread INFO muntenia_itw_yGAvQgsYIhU_full.mp4: wrote ../videos_extracted/muntenia_itw_yGAvQgsYIhU_full/detections.json with 1016 sampled frames
2026-08-16 18:43:20,109 MainThread INFO GPU inference started for 512 sampled frames
2026-08-16 18:43:24,561 MainThread INFO GPU inference completed for 512 sampled frames
2026-08-16 18:43:25,521 ThreadPoolExecutor-0_1 INFO muntenia_studio_1pb9MZb-Gk8_full.mp4: decoder completed
2026-08-16 18:43:25,954 ThreadPoolExecutor-0_1 INFO muntenia_studio_Afr3IAH3O1o_126s-494s.mp4: decoder started (frames=11127, 1920x1080, fps=29.970)
2026-08-16 18:43:28,624 MainThread INFO GPU inference started for 512 sampled frames
2026-08-16 18:43:33,018 MainThread INFO GPU inference completed for 512 sampled frames
2026-08-16 18:43:33,029 MainThread INFO muntenia_studio_1pb9MZb-Gk8_full.mp4: wrote ../videos_extracted/muntenia_studio_1pb9MZb-Gk8_full/detections.json with 557 sampled frames
2026-08-16 18:43:35,406 MainThread INFO GPU inference started for 512 sampled frames
2026-08-16 18:43:39,876 MainThread INFO GPU inference completed for 512 sampled frames
2026-08-16 18:43:42,337 MainThread INFO GPU inference started for 512 sampled frames
2026-08-16 18:43:46,868 MainThread INFO GPU inference completed for 512 sampled frames
2026-08-16 18:43:48,844 ThreadPoolExecutor-0_7 INFO muntenia_studio_7emqY87TaR8_0s-230s.mp4: decoder completed
2026-08-16 18:43:48,846 MainThread INFO GPU inference started for 512 sampled frames
2026-08-16 18:43:49,170 ThreadPoolExecutor-0_7 INFO muntenia_studio_BrBOE7F6lSM_0s-364s.mp4: decoder started (frames=9100, 1920x1080, fps=25.000)
2026-08-16 18:43:53,390 MainThread INFO GPU inference completed for 512 sampled frames
2026-08-16 18:43:56,908 MainThread INFO GPU inference started for 512 sampled frames
2026-08-16 18:44:01,410 MainThread INFO GPU inference completed for 512 sampled frames
2026-08-16 18:44:01,430 MainThread INFO muntenia_studio_7emqY87TaR8_0s-230s.mp4: wrote ../videos_extracted/muntenia_studio_7emqY87TaR8_0s-230s/detections.json with 1150 sampled frames
2026-08-16 18:44:05,292 MainThread INFO GPU inference started for 512 sampled frames
2026-08-16 18:44:09,720 MainThread INFO GPU inference completed for 512 sampled frames
2026-08-16 18:44:11,665 ThreadPoolExecutor-0_2 INFO muntenia_studio_4VwNq-_r784_50s-356s.mp4: decoder completed
2026-08-16 18:44:11,969 ThreadPoolExecutor-0_2 INFO muntenia_studio_ByUq0v8GFxg_full.mp4: decoder started (frames=6099, 1920x1080, fps=50.000)
2026-08-16 18:44:11,986 MainThread INFO GPU inference started for 512 sampled frames
2026-08-16 18:44:16,642 MainThread INFO GPU inference completed for 512 sampled frames
2026-08-16 18:44:16,681 MainThread INFO muntenia_studio_4VwNq-_r784_50s-356s.mp4: wrote ../videos_extracted/muntenia_studio_4VwNq-_r784_50s-356s/detections.json with 1531 sampled frames
2026-08-16 18:44:19,417 MainThread INFO GPU inference started for 512 sampled frames
2026-08-16 18:44:22,639 ThreadPoolExecutor-0_3 INFO muntenia_studio_0H_jKNtoAuA_0s-367s.mp4: decoder completed
2026-08-16 18:44:22,974 ThreadPoolExecutor-0_3 INFO muntenia_studio_DXZA7qiG7Cc_25s-199s.mp4: decoder started (frames=4464, 1920x1080, fps=25.000)
2026-08-16 18:44:23,771 MainThread INFO GPU inference completed for 512 sampled frames
2026-08-16 18:44:23,787 ThreadPoolExecutor-0_4 INFO muntenia_studio_5mFv4KIutzI_0s-317s.mp4: decoder completed
2026-08-16 18:44:24,099 ThreadPoolExecutor-0_4 INFO muntenia_studio_DuoR9Ao_Eno_full.mp4: decoder started (frames=6858, 1920x1080, fps=50.000)
2026-08-16 18:44:27,572 MainThread INFO GPU inference started for 512 sampled frames
2026-08-16 18:44:32,046 MainThread INFO GPU inference completed for 512 sampled frames
2026-08-16 18:44:32,077 MainThread INFO muntenia_studio_0H_jKNtoAuA_0s-367s.mp4: wrote ../videos_extracted/muntenia_studio_0H_jKNtoAuA_0s-367s/detections.json with 1761 sampled frames
2026-08-16 18:44:32,101 MainThread INFO muntenia_studio_5mFv4KIutzI_0s-317s.mp4: wrote ../videos_extracted/muntenia_studio_5mFv4KIutzI_0s-317s/detections.json with 1586 sampled frames
2026-08-16 18:44:35,003 MainThread INFO GPU inference started for 512 sampled frames
2026-08-16 18:44:39,567 MainThread INFO GPU inference completed for 512 sampled frames
2026-08-16 18:44:43,690 ThreadPoolExecutor-0_0 INFO muntenia_studio_5Id-Q-wonU0_87s-441s.mp4: decoder completed
2026-08-16 18:44:44,025 ThreadPoolExecutor-0_0 INFO muntenia_studio_FCgMQ_fIeC0_0s-240s.mp4: decoder started (frames=6001, 1920x1080, fps=25.000)
2026-08-16 18:44:44,235 MainThread INFO GPU inference started for 512 sampled frames
2026-08-16 18:44:48,747 MainThread INFO GPU inference completed for 512 sampled frames
2026-08-16 18:44:48,780 MainThread INFO muntenia_studio_5Id-Q-wonU0_87s-441s.mp4: wrote ../videos_extracted/muntenia_studio_5Id-Q-wonU0_87s-441s/detections.json with 1771 sampled frames
2026-08-16 18:44:52,469 MainThread INFO GPU inference started for 512 sampled frames
2026-08-16 18:44:56,988 MainThread INFO GPU inference completed for 512 sampled frames
2026-08-16 18:45:00,755 MainThread INFO GPU inference started for 512 sampled frames
2026-08-16 18:45:05,225 MainThread INFO GPU inference completed for 512 sampled frames
2026-08-16 18:45:08,059 MainThread INFO GPU inference started for 512 sampled frames
2026-08-16 18:45:12,545 MainThread INFO GPU inference completed for 512 sampled frames
2026-08-16 18:45:15,833 MainThread INFO GPU inference started for 512 sampled frames
2026-08-16 18:45:20,259 MainThread INFO GPU inference completed for 512 sampled frames
2026-08-16 18:45:25,982 MainThread INFO GPU inference started for 512 sampled frames
2026-08-16 18:45:30,515 MainThread INFO GPU inference completed for 512 sampled frames
2026-08-16 18:45:33,377 MainThread INFO GPU inference started for 512 sampled frames
2026-08-16 18:45:37,927 MainThread INFO GPU inference completed for 512 sampled frames
2026-08-16 18:45:41,795 MainThread INFO GPU inference started for 512 sampled frames
2026-08-16 18:45:46,139 MainThread INFO GPU inference completed for 512 sampled frames
2026-08-16 18:45:48,354 ThreadPoolExecutor-0_5 INFO muntenia_itw_oIokVVAzA20_full.mp4: decoder completed
2026-08-16 18:45:48,761 ThreadPoolExecutor-0_5 INFO muntenia_studio_FCgMQ_fIeC0_241s-540s.mp4: decoder started (frames=7501, 1920x1080, fps=25.000)
2026-08-16 18:45:48,849 MainThread INFO GPU inference started for 512 sampled frames
2026-08-16 18:45:51,367 ThreadPoolExecutor-0_3 INFO muntenia_studio_DXZA7qiG7Cc_25s-199s.mp4: decoder completed
2026-08-16 18:45:51,775 ThreadPoolExecutor-0_3 INFO muntenia_studio_FQ92EEvnKPA_148s-499s.mp4: decoder started (frames=8876, 1920x1080, fps=25.000)
2026-08-16 18:45:53,462 MainThread INFO GPU inference completed for 512 sampled frames
2026-08-16 18:45:53,500 MainThread INFO muntenia_itw_oIokVVAzA20_full.mp4: wrote ../videos_extracted/muntenia_itw_oIokVVAzA20_full/detections.json with 2229 sampled frames
2026-08-16 18:45:56,554 MainThread INFO GPU inference started for 512 sampled frames
2026-08-16 18:46:00,930 MainThread INFO GPU inference completed for 512 sampled frames
2026-08-16 18:46:00,960 MainThread INFO muntenia_studio_DXZA7qiG7Cc_25s-199s.mp4: wrote ../videos_extracted/muntenia_studio_DXZA7qiG7Cc_25s-199s/detections.json with 871 sampled frames
2026-08-16 18:46:03,440 ThreadPoolExecutor-0_6 INFO muntenia_studio_7vCd_vqa_yw_853s-1195s.mp4: decoder completed
2026-08-16 18:46:03,801 MainThread INFO GPU inference started for 512 sampled frames
2026-08-16 18:46:03,949 ThreadPoolExecutor-0_6 INFO muntenia_studio_HnkeukG5y2s_475s-1138s.mp4: decoder started (frames=16701, 1920x1080, fps=25.000)
2026-08-16 18:46:08,323 MainThread INFO GPU inference completed for 512 sampled frames
2026-08-16 18:46:08,503 MainThread INFO muntenia_studio_7vCd_vqa_yw_853s-1195s.mp4: wrote ../videos_extracted/muntenia_studio_7vCd_vqa_yw_853s-1195s/detections.json with 1710 sampled frames
2026-08-16 18:46:10,466 MainThread INFO GPU inference started for 512 sampled frames
2026-08-16 18:46:14,758 MainThread INFO GPU inference completed for 512 sampled frames
2026-08-16 18:46:17,231 ThreadPoolExecutor-0_2 INFO muntenia_studio_ByUq0v8GFxg_full.mp4: decoder completed
2026-08-16 18:46:17,645 ThreadPoolExecutor-0_2 INFO muntenia_studio_IkHYMfXa34k_full.mp4: decoder started (frames=2170, 1920x1080, fps=25.000)
2026-08-16 18:46:20,678 MainThread INFO GPU inference started for 512 sampled frames
2026-08-16 18:46:25,087 MainThread INFO GPU inference completed for 512 sampled frames
2026-08-16 18:46:25,098 MainThread INFO muntenia_studio_ByUq0v8GFxg_full.mp4: wrote ../videos_extracted/muntenia_studio_ByUq0v8GFxg_full/detections.json with 610 sampled frames
2026-08-16 18:46:27,314 MainThread INFO GPU inference started for 512 sampled frames
2026-08-16 18:46:31,728 MainThread INFO GPU inference completed for 512 sampled frames
2026-08-16 18:46:33,910 MainThread INFO GPU inference started for 512 sampled frames
2026-08-16 18:46:38,452 MainThread INFO GPU inference completed for 512 sampled frames
2026-08-16 18:46:41,508 MainThread INFO GPU inference started for 512 sampled frames
2026-08-16 18:46:43,272 ThreadPoolExecutor-0_4 INFO muntenia_studio_DuoR9Ao_Eno_full.mp4: decoder completed
2026-08-16 18:46:43,635 ThreadPoolExecutor-0_4 INFO muntenia_studio_Mp7xZXKE3Cc_0s-399s.mp4: decoder started (frames=9975, 1920x1080, fps=25.000)
2026-08-16 18:46:45,774 ThreadPoolExecutor-0_0 INFO muntenia_studio_FCgMQ_fIeC0_0s-240s.mp4: decoder completed
2026-08-16 18:46:46,000 MainThread INFO GPU inference completed for 512 sampled frames
2026-08-16 18:46:46,079 ThreadPoolExecutor-0_0 INFO muntenia_studio_PWyT2eALt0w_full.mp4: decoder started (frames=7384, 1920x1080, fps=50.000)
2026-08-16 18:46:48,336 MainThread INFO GPU inference started for 512 sampled frames
2026-08-16 18:46:52,784 MainThread INFO GPU inference completed for 512 sampled frames
2026-08-16 18:46:52,799 MainThread INFO muntenia_studio_DuoR9Ao_Eno_full.mp4: wrote ../videos_extracted/muntenia_studio_DuoR9Ao_Eno_full/detections.json with 686 sampled frames
2026-08-16 18:46:52,818 MainThread INFO muntenia_studio_FCgMQ_fIeC0_0s-240s.mp4: wrote ../videos_extracted/muntenia_studio_FCgMQ_fIeC0_0s-240s/detections.json with 1201 sampled frames
2026-08-16 18:46:55,198 ThreadPoolExecutor-0_7 INFO muntenia_studio_BrBOE7F6lSM_0s-364s.mp4: decoder completed
2026-08-16 18:46:55,431 MainThread INFO GPU inference started for 512 sampled frames
2026-08-16 18:46:55,532 ThreadPoolExecutor-0_7 INFO muntenia_studio_QxDXAS2v0_k_full.mp4: decoder started (frames=5457, 1920x1080, fps=50.000)
2026-08-16 18:47:00,111 MainThread INFO GPU inference completed for 512 sampled frames
2026-08-16 18:47:00,138 MainThread INFO muntenia_studio_BrBOE7F6lSM_0s-364s.mp4: wrote ../videos_extracted/muntenia_studio_BrBOE7F6lSM_0s-364s/detections.json with 1820 sampled frames
2026-08-16 18:47:00,780 ThreadPoolExecutor-0_2 INFO muntenia_studio_IkHYMfXa34k_full.mp4: decoder completed
2026-08-16 18:47:01,146 ThreadPoolExecutor-0_2 INFO muntenia_studio_TlJeSiAhaQs_160s-470s.mp4: decoder started (frames=7783, 1920x1080, fps=25.000)
2026-08-16 18:47:01,802 MainThread INFO GPU inference started for 512 sampled frames
2026-08-16 18:47:06,300 MainThread INFO GPU inference completed for 512 sampled frames
2026-08-16 18:47:06,307 MainThread INFO muntenia_studio_IkHYMfXa34k_full.mp4: wrote ../videos_extracted/muntenia_studio_IkHYMfXa34k_full/detections.json with 434 sampled frames
2026-08-16 18:47:08,834 MainThread INFO GPU inference started for 512 sampled frames
2026-08-16 18:47:10,590 ThreadPoolExecutor-0_1 INFO muntenia_studio_Afr3IAH3O1o_126s-494s.mp4: decoder completed
2026-08-16 18:47:10,957 ThreadPoolExecutor-0_1 INFO muntenia_studio_U3BaX28PKUY_133s-393s.mp4: decoder started (frames=6556, 1920x1080, fps=25.000)
2026-08-16 18:47:13,321 MainThread INFO GPU inference completed for 512 sampled frames
2026-08-16 18:47:16,656 MainThread INFO GPU inference started for 512 sampled frames
2026-08-16 18:47:21,026 MainThread INFO GPU inference completed for 512 sampled frames
2026-08-16 18:47:21,062 MainThread INFO muntenia_studio_Afr3IAH3O1o_126s-494s.mp4: wrote ../videos_extracted/muntenia_studio_Afr3IAH3O1o_126s-494s/detections.json with 1839 sampled frames
2026-08-16 18:47:23,177 MainThread INFO GPU inference started for 512 sampled frames
2026-08-16 18:47:27,780 MainThread INFO GPU inference completed for 512 sampled frames
2026-08-16 18:47:32,511 MainThread INFO GPU inference started for 512 sampled frames
2026-08-16 18:47:37,027 MainThread INFO GPU inference completed for 512 sampled frames
2026-08-16 18:47:38,924 MainThread INFO GPU inference started for 512 sampled frames
2026-08-16 18:47:43,564 MainThread INFO GPU inference completed for 512 sampled frames
2026-08-16 18:47:46,247 MainThread INFO GPU inference started for 512 sampled frames
2026-08-16 18:47:50,807 MainThread INFO GPU inference completed for 512 sampled frames
2026-08-16 18:47:53,578 MainThread INFO GPU inference started for 512 sampled frames
2026-08-16 18:47:57,972 MainThread INFO GPU inference completed for 512 sampled frames
2026-08-16 18:48:00,901 MainThread INFO GPU inference started for 512 sampled frames
2026-08-16 18:48:05,537 MainThread INFO GPU inference completed for 512 sampled frames
2026-08-16 18:48:07,824 MainThread INFO GPU inference started for 512 sampled frames
2026-08-16 18:48:12,313 MainThread INFO GPU inference completed for 512 sampled frames
2026-08-16 18:48:14,265 MainThread INFO GPU inference started for 512 sampled frames
2026-08-16 18:48:18,754 MainThread INFO GPU inference completed for 512 sampled frames
2026-08-16 18:48:20,376 ThreadPoolExecutor-0_5 INFO muntenia_studio_FCgMQ_fIeC0_241s-540s.mp4: decoder completed
2026-08-16 18:48:20,695 ThreadPoolExecutor-0_5 INFO muntenia_studio_UXJYmkX3loc_full.mp4: decoder started (frames=9867, 1920x1080, fps=25.000)
2026-08-16 18:48:23,721 MainThread INFO GPU inference started for 512 sampled frames
2026-08-16 18:48:28,358 MainThread INFO GPU inference completed for 512 sampled frames
2026-08-16 18:48:28,386 MainThread INFO muntenia_studio_FCgMQ_fIeC0_241s-540s.mp4: wrote ../videos_extracted/muntenia_studio_FCgMQ_fIeC0_241s-540s/detections.json with 1496 sampled frames
2026-08-16 18:48:30,305 MainThread INFO GPU inference started for 512 sampled frames
2026-08-16 18:48:34,834 MainThread INFO GPU inference completed for 512 sampled frames
2026-08-16 18:48:38,152 MainThread INFO GPU inference started for 512 sampled frames
2026-08-16 18:48:42,566 MainThread INFO GPU inference completed for 512 sampled frames
2026-08-16 18:48:45,192 ThreadPoolExecutor-0_7 INFO muntenia_studio_QxDXAS2v0_k_full.mp4: decoder completed
2026-08-16 18:48:45,194 MainThread INFO GPU inference started for 512 sampled frames
2026-08-16 18:48:45,536 ThreadPoolExecutor-0_7 INFO muntenia_studio_VEgn4uCR6kQ_full.mp4: decoder started (frames=8151, 1920x1080, fps=25.000)
2026-08-16 18:48:47,524 ThreadPoolExecutor-0_3 INFO muntenia_studio_FQ92EEvnKPA_148s-499s.mp4: decoder completed
2026-08-16 18:48:47,856 ThreadPoolExecutor-0_3 INFO muntenia_studio_VQ-rgNcijdw_13s-180s.mp4: decoder started (frames=4230, 1920x1080, fps=25.000)
2026-08-16 18:48:49,653 MainThread INFO GPU inference completed for 512 sampled frames
2026-08-16 18:48:52,339 MainThread INFO GPU inference started for 512 sampled frames
2026-08-16 18:48:56,717 MainThread INFO GPU inference completed for 512 sampled frames
2026-08-16 18:48:56,730 MainThread INFO muntenia_studio_QxDXAS2v0_k_full.mp4: wrote ../videos_extracted/muntenia_studio_QxDXAS2v0_k_full/detections.json with 546 sampled frames
2026-08-16 18:48:56,762 MainThread INFO muntenia_studio_FQ92EEvnKPA_148s-499s.mp4: wrote ../videos_extracted/muntenia_studio_FQ92EEvnKPA_148s-499s/detections.json with 1756 sampled frames
2026-08-16 18:48:59,482 MainThread INFO GPU inference started for 512 sampled frames
2026-08-16 18:49:03,849 MainThread INFO GPU inference completed for 512 sampled frames
2026-08-16 18:49:06,082 MainThread INFO GPU inference started for 512 sampled frames
2026-08-16 18:49:10,272 MainThread INFO GPU inference completed for 512 sampled frames
2026-08-16 18:49:12,599 ThreadPoolExecutor-0_0 INFO muntenia_studio_PWyT2eALt0w_full.mp4: decoder completed
2026-08-16 18:49:12,601 MainThread INFO GPU inference started for 512 sampled frames
2026-08-16 18:49:12,927 ThreadPoolExecutor-0_0 INFO muntenia_studio_Y-456XfFHog_0s-600s.mp4: decoder started (frames=18000, 3840x2160, fps=30.000)
2026-08-16 18:49:16,952 MainThread INFO GPU inference completed for 512 sampled frames
2026-08-16 18:49:16,966 MainThread INFO muntenia_studio_PWyT2eALt0w_full.mp4: wrote ../videos_extracted/muntenia_studio_PWyT2eALt0w_full/detections.json with 739 sampled frames
2026-08-16 18:49:19,669 MainThread INFO GPU inference started for 512 sampled frames
2026-08-16 18:49:21,610 ThreadPoolExecutor-0_1 INFO muntenia_studio_U3BaX28PKUY_133s-393s.mp4: decoder completed
2026-08-16 18:49:21,994 ThreadPoolExecutor-0_1 INFO muntenia_studio_Y1d9c6ksSxo_926s-1026s.mp4: decoder started (frames=2587, 1920x1080, fps=25.000)
2026-08-16 18:49:24,033 MainThread INFO GPU inference completed for 512 sampled frames
2026-08-16 18:49:27,492 MainThread INFO GPU inference started for 512 sampled frames
2026-08-16 18:49:31,889 MainThread INFO GPU inference completed for 512 sampled frames
2026-08-16 18:49:31,912 MainThread INFO muntenia_studio_U3BaX28PKUY_133s-393s.mp4: wrote ../videos_extracted/muntenia_studio_U3BaX28PKUY_133s-393s/detections.json with 1301 sampled frames
2026-08-16 18:49:34,340 MainThread INFO GPU inference started for 512 sampled frames
2026-08-16 18:49:36,056 ThreadPoolExecutor-0_2 INFO muntenia_studio_TlJeSiAhaQs_160s-470s.mp4: decoder completed
2026-08-16 18:49:36,430 ThreadPoolExecutor-0_2 INFO muntenia_studio__z8UmVSwzTk_0s-365s.mp4: decoder started (frames=8753, 1920x1080, fps=23.976)
2026-08-16 18:49:38,790 MainThread INFO GPU inference completed for 512 sampled frames
2026-08-16 18:49:42,468 MainThread INFO GPU inference started for 512 sampled frames
2026-08-16 18:49:46,942 MainThread INFO GPU inference completed for 512 sampled frames
2026-08-16 18:49:46,968 MainThread INFO muntenia_studio_TlJeSiAhaQs_160s-470s.mp4: wrote ../videos_extracted/muntenia_studio_TlJeSiAhaQs_160s-470s/detections.json with 1551 sampled frames
2026-08-16 18:49:49,074 MainThread INFO GPU inference started for 512 sampled frames
2026-08-16 18:49:54,855 MainThread INFO GPU inference completed for 512 sampled frames
2026-08-16 18:49:59,565 MainThread INFO GPU inference started for 512 sampled frames
2026-08-16 18:50:04,251 MainThread INFO GPU inference completed for 512 sampled frames
2026-08-16 18:50:08,401 MainThread INFO GPU inference started for 512 sampled frames
2026-08-16 18:50:10,229 ThreadPoolExecutor-0_4 INFO muntenia_studio_Mp7xZXKE3Cc_0s-399s.mp4: decoder completed
2026-08-16 18:50:10,617 ThreadPoolExecutor-0_4 INFO muntenia_studio_augDR0Ku8ec_0s-175s.mp4: decoder started (frames=8750, 1920x1080, fps=50.000)
2026-08-16 18:50:13,011 MainThread INFO GPU inference completed for 512 sampled frames
2026-08-16 18:50:15,079 ThreadPoolExecutor-0_1 INFO muntenia_studio_Y1d9c6ksSxo_926s-1026s.mp4: decoder completed
2026-08-16 18:50:15,080 MainThread INFO GPU inference started for 512 sampled frames
2026-08-16 18:50:15,360 ThreadPoolExecutor-0_1 INFO muntenia_studio_cMn2JcyOEHU_full.mp4: decoder started (frames=4293, 1920x1080, fps=50.000)
2026-08-16 18:50:16,766 ThreadPoolExecutor-0_3 INFO muntenia_studio_VQ-rgNcijdw_13s-180s.mp4: decoder completed
2026-08-16 18:50:17,162 ThreadPoolExecutor-0_3 INFO muntenia_studio_dWtVjgFWfIo_212s-540s.mp4: decoder started (frames=8203, 1920x1080, fps=25.000)
2026-08-16 18:50:19,591 MainThread INFO GPU inference completed for 512 sampled frames
2026-08-16 18:50:19,626 MainThread INFO muntenia_studio_Mp7xZXKE3Cc_0s-399s.mp4: wrote ../videos_extracted/muntenia_studio_Mp7xZXKE3Cc_0s-399s/detections.json with 1995 sampled frames
2026-08-16 18:50:23,165 MainThread INFO GPU inference started for 512 sampled frames
2026-08-16 18:50:29,225 MainThread INFO GPU inference completed for 512 sampled frames
2026-08-16 18:50:29,239 MainThread INFO muntenia_studio_Y1d9c6ksSxo_926s-1026s.mp4: wrote ../videos_extracted/muntenia_studio_Y1d9c6ksSxo_926s-1026s/detections.json with 501 sampled frames
2026-08-16 18:50:29,252 MainThread INFO muntenia_studio_VQ-rgNcijdw_13s-180s.mp4: wrote ../videos_extracted/muntenia_studio_VQ-rgNcijdw_13s-180s/detections.json with 835 sampled frames
2026-08-16 18:50:32,626 MainThread INFO GPU inference started for 512 sampled frames
2026-08-16 18:50:36,879 MainThread INFO GPU inference completed for 512 sampled frames
2026-08-16 18:50:43,216 MainThread INFO GPU inference started for 512 sampled frames
2026-08-16 18:50:47,331 MainThread INFO GPU inference completed for 512 sampled frames
2026-08-16 18:50:51,451 MainThread INFO GPU inference started for 512 sampled frames
2026-08-16 18:50:55,943 MainThread INFO GPU inference completed for 512 sampled frames
2026-08-16 18:50:59,086 MainThread INFO GPU inference started for 512 sampled frames
2026-08-16 18:51:04,993 MainThread INFO GPU inference completed for 512 sampled frames
2026-08-16 18:51:09,151 MainThread INFO GPU inference started for 512 sampled frames
2026-08-16 18:51:13,650 MainThread INFO GPU inference completed for 512 sampled frames
2026-08-16 18:51:19,544 MainThread INFO GPU inference started for 512 sampled frames
2026-08-16 18:51:24,131 MainThread INFO GPU inference completed for 512 sampled frames
2026-08-16 18:51:26,532 MainThread INFO GPU inference started for 512 sampled frames
2026-08-16 18:51:32,404 MainThread INFO GPU inference completed for 512 sampled frames
2026-08-16 18:51:36,169 MainThread INFO GPU inference started for 512 sampled frames
2026-08-16 18:51:40,722 MainThread INFO GPU inference completed for 512 sampled frames
2026-08-16 18:51:41,795 ThreadPoolExecutor-0_7 INFO muntenia_studio_VEgn4uCR6kQ_full.mp4: decoder completed
2026-08-16 18:51:42,111 ThreadPoolExecutor-0_7 INFO muntenia_studio_fREfs3p1BTs_full.mp4: decoder started (frames=2953, 1920x1080, fps=25.000)
2026-08-16 18:51:47,114 MainThread INFO GPU inference started for 512 sampled frames
2026-08-16 18:51:48,484 ThreadPoolExecutor-0_6 INFO muntenia_studio_HnkeukG5y2s_475s-1138s.mp4: decoder completed
2026-08-16 18:51:48,948 ThreadPoolExecutor-0_6 INFO muntenia_studio_ibqc1lkDc0g_73s-358s.mp4: decoder started (frames=7151, 1920x1080, fps=25.000)
2026-08-16 18:51:49,290 ThreadPoolExecutor-0_1 INFO muntenia_studio_cMn2JcyOEHU_full.mp4: decoder completed
2026-08-16 18:51:49,607 ThreadPoolExecutor-0_1 INFO muntenia_studio_jI34U6w8a6U_full.mp4: decoder started (frames=6129, 1920x1080, fps=50.000)
2026-08-16 18:51:51,553 MainThread INFO GPU inference completed for 512 sampled frames
2026-08-16 18:51:51,587 MainThread INFO muntenia_studio_VEgn4uCR6kQ_full.mp4: wrote ../videos_extracted/muntenia_studio_VEgn4uCR6kQ_full/detections.json with 1631 sampled frames
2026-08-16 18:51:53,038 ThreadPoolExecutor-0_5 INFO muntenia_studio_UXJYmkX3loc_full.mp4: decoder completed
2026-08-16 18:51:53,372 ThreadPoolExecutor-0_5 INFO muntenia_studio_j_QOz5ZqDzQ_full.mp4: decoder started (frames=11910, 1920x1080, fps=25.000)
2026-08-16 18:51:54,532 MainThread INFO GPU inference started for 512 sampled frames
2026-08-16 18:51:58,973 MainThread INFO GPU inference completed for 512 sampled frames
2026-08-16 18:51:59,026 MainThread INFO muntenia_studio_HnkeukG5y2s_475s-1138s.mp4: wrote ../videos_extracted/muntenia_studio_HnkeukG5y2s_475s-1138s/detections.json with 3316 sampled frames
2026-08-16 18:51:59,037 MainThread INFO muntenia_studio_cMn2JcyOEHU_full.mp4: wrote ../videos_extracted/muntenia_studio_cMn2JcyOEHU_full/detections.json with 430 sampled frames
2026-08-16 18:51:59,065 MainThread INFO muntenia_studio_UXJYmkX3loc_full.mp4: wrote ../videos_extracted/muntenia_studio_UXJYmkX3loc_full/detections.json with 1974 sampled frames
2026-08-16 18:52:01,742 MainThread INFO GPU inference started for 512 sampled frames
2026-08-16 18:52:07,566 MainThread INFO GPU inference completed for 512 sampled frames
2026-08-16 18:52:13,540 MainThread INFO GPU inference started for 512 sampled frames
2026-08-16 18:52:18,042 MainThread INFO GPU inference completed for 512 sampled frames
2026-08-16 18:52:22,963 MainThread INFO GPU inference started for 512 sampled frames
2026-08-16 18:52:27,367 MainThread INFO GPU inference completed for 512 sampled frames
2026-08-16 18:52:30,439 MainThread INFO GPU inference started for 512 sampled frames
2026-08-16 18:52:34,916 MainThread INFO GPU inference completed for 512 sampled frames
2026-08-16 18:52:38,451 MainThread INFO GPU inference started for 512 sampled frames
2026-08-16 18:52:44,153 MainThread INFO GPU inference completed for 512 sampled frames
2026-08-16 18:52:46,191 ThreadPoolExecutor-0_7 INFO muntenia_studio_fREfs3p1BTs_full.mp4: decoder completed
2026-08-16 18:52:46,576 ThreadPoolExecutor-0_7 INFO muntenia_studio_kjZ5e-lEJTY_157s-634s.mp4: decoder started (frames=11976, 1920x1080, fps=25.000)
2026-08-16 18:52:48,286 MainThread INFO GPU inference started for 512 sampled frames
2026-08-16 18:52:49,258 ThreadPoolExecutor-0_2 INFO muntenia_studio__z8UmVSwzTk_0s-365s.mp4: decoder completed
2026-08-16 18:52:49,649 ThreadPoolExecutor-0_2 INFO muntenia_studio_kjZ5e-lEJTY_28s-130s.mp4: decoder started (frames=2626, 1920x1080, fps=25.000)
2026-08-16 18:52:52,622 MainThread INFO GPU inference completed for 512 sampled frames
2026-08-16 18:52:52,637 MainThread INFO muntenia_studio_fREfs3p1BTs_full.mp4: wrote ../videos_extracted/muntenia_studio_fREfs3p1BTs_full/detections.json with 591 sampled frames
2026-08-16 18:52:58,974 MainThread INFO GPU inference started for 512 sampled frames
2026-08-16 18:53:03,527 MainThread INFO GPU inference completed for 512 sampled frames
2026-08-16 18:53:03,554 MainThread INFO muntenia_studio__z8UmVSwzTk_0s-365s.mp4: wrote ../videos_extracted/muntenia_studio__z8UmVSwzTk_0s-365s/detections.json with 1751 sampled frames
2026-08-16 18:53:05,875 MainThread INFO GPU inference started for 512 sampled frames
2026-08-16 18:53:10,370 MainThread INFO GPU inference completed for 512 sampled frames
2026-08-16 18:53:12,570 MainThread INFO GPU inference started for 512 sampled frames
2026-08-16 18:53:18,292 ThreadPoolExecutor-0_3 INFO muntenia_studio_dWtVjgFWfIo_212s-540s.mp4: decoder completed
2026-08-16 18:53:18,334 MainThread INFO GPU inference completed for 512 sampled frames
2026-08-16 18:53:18,639 ThreadPoolExecutor-0_3 INFO muntenia_studio_lKSeSG-4bys_83s-325s.mp4: decoder started (frames=6082, 1920x1080, fps=25.000)
2026-08-16 18:53:22,691 ThreadPoolExecutor-0_4 INFO muntenia_studio_augDR0Ku8ec_0s-175s.mp4: decoder completed
2026-08-16 18:53:23,056 ThreadPoolExecutor-0_4 INFO muntenia_studio_nfOOPbrFNZY_261s-449s.mp4: decoder started (frames=4778, 1920x1080, fps=25.000)
2026-08-16 18:53:24,699 MainThread INFO GPU inference started for 512 sampled frames
2026-08-16 18:53:28,982 MainThread INFO GPU inference completed for 512 sampled frames
2026-08-16 18:53:29,009 MainThread INFO muntenia_studio_dWtVjgFWfIo_212s-540s.mp4: wrote ../videos_extracted/muntenia_studio_dWtVjgFWfIo_212s-540s/detections.json with 1641 sampled frames
2026-08-16 18:53:29,030 MainThread INFO muntenia_studio_augDR0Ku8ec_0s-175s.mp4: wrote ../videos_extracted/muntenia_studio_augDR0Ku8ec_0s-175s/detections.json with 875 sampled frames
2026-08-16 18:53:34,299 MainThread INFO GPU inference started for 512 sampled frames
2026-08-16 18:53:38,543 MainThread INFO GPU inference completed for 512 sampled frames
2026-08-16 18:53:42,092 MainThread INFO GPU inference started for 512 sampled frames
2026-08-16 18:53:45,327 ThreadPoolExecutor-0_2 INFO muntenia_studio_kjZ5e-lEJTY_28s-130s.mp4: decoder completed
2026-08-16 18:53:45,702 ThreadPoolExecutor-0_2 INFO muntenia_studio_nvaOBxxt0-c_55s-314s.mp4: decoder started (frames=6487, 1920x1080, fps=25.000)
2026-08-16 18:53:46,257 MainThread INFO GPU inference completed for 512 sampled frames
2026-08-16 18:53:50,190 MainThread INFO GPU inference started for 512 sampled frames
2026-08-16 18:53:55,890 MainThread INFO GPU inference completed for 512 sampled frames
2026-08-16 18:53:55,900 MainThread INFO muntenia_studio_kjZ5e-lEJTY_28s-130s.mp4: wrote ../videos_extracted/muntenia_studio_kjZ5e-lEJTY_28s-130s/detections.json with 511 sampled frames
2026-08-16 18:53:58,607 MainThread INFO GPU inference started for 512 sampled frames
2026-08-16 18:54:02,833 MainThread INFO GPU inference completed for 512 sampled frames
2026-08-16 18:54:05,767 ThreadPoolExecutor-0_1 INFO muntenia_studio_jI34U6w8a6U_full.mp4: decoder completed
2026-08-16 18:54:06,108 ThreadPoolExecutor-0_1 INFO muntenia_studio_pVF3A34uJ-o_full.mp4: decoder started (frames=2676, 1920x1080, fps=25.000)
2026-08-16 18:54:07,222 MainThread INFO GPU inference started for 512 sampled frames
2026-08-16 18:54:11,534 MainThread INFO GPU inference completed for 512 sampled frames
2026-08-16 18:54:11,550 MainThread INFO muntenia_studio_jI34U6w8a6U_full.mp4: wrote ../videos_extracted/muntenia_studio_jI34U6w8a6U_full/detections.json with 613 sampled frames
2026-08-16 18:54:16,045 MainThread INFO GPU inference started for 512 sampled frames
2026-08-16 18:54:21,675 MainThread INFO GPU inference completed for 512 sampled frames
2026-08-16 18:54:24,311 MainThread INFO GPU inference started for 512 sampled frames
2026-08-16 18:54:28,487 ThreadPoolExecutor-0_6 INFO muntenia_studio_ibqc1lkDc0g_73s-358s.mp4: decoder completed
2026-08-16 18:54:28,839 ThreadPoolExecutor-0_6 INFO muntenia_studio_pYm2Qlyvnug_0s-240s.mp4: decoder started (frames=6000, 1920x1080, fps=25.000)
2026-08-16 18:54:30,084 MainThread INFO GPU inference completed for 512 sampled frames
2026-08-16 18:54:31,063 MainThread INFO GPU inference started for 512 sampled frames
2026-08-16 18:54:35,193 MainThread INFO GPU inference completed for 512 sampled frames
2026-08-16 18:54:35,229 MainThread INFO muntenia_studio_ibqc1lkDc0g_73s-358s.mp4: wrote ../videos_extracted/muntenia_studio_ibqc1lkDc0g_73s-358s/detections.json with 1426 sampled frames
2026-08-16 18:54:40,542 MainThread INFO GPU inference started for 512 sampled frames
2026-08-16 18:54:44,775 MainThread INFO GPU inference completed for 512 sampled frames
2026-08-16 18:54:48,659 MainThread INFO GPU inference started for 512 sampled frames
2026-08-16 18:54:52,974 MainThread INFO GPU inference completed for 512 sampled frames
2026-08-16 18:54:55,049 MainThread INFO GPU inference started for 512 sampled frames
2026-08-16 18:55:00,791 MainThread INFO GPU inference completed for 512 sampled frames
2026-08-16 18:55:04,317 MainThread INFO GPU inference started for 512 sampled frames
2026-08-16 18:55:05,022 ThreadPoolExecutor-0_1 INFO muntenia_studio_pVF3A34uJ-o_full.mp4: decoder completed
2026-08-16 18:55:05,341 ThreadPoolExecutor-0_1 INFO muntenia_studio_pufRsvYuRYw_22s-114s.mp4: decoder started (frames=5624, 1920x1080, fps=60.000)
2026-08-16 18:55:08,435 MainThread INFO GPU inference completed for 512 sampled frames
2026-08-16 18:55:10,121 ThreadPoolExecutor-0_4 INFO muntenia_studio_nfOOPbrFNZY_261s-449s.mp4: decoder completed
2026-08-16 18:55:10,514 ThreadPoolExecutor-0_4 INFO muntenia_studio_pvAHc4xuLxU_0s-300s.mp4: decoder started (frames=7500, 1920x1080, fps=25.000)
2026-08-16 18:55:13,417 MainThread INFO GPU inference started for 512 sampled frames
2026-08-16 18:55:17,634 MainThread INFO GPU inference completed for 512 sampled frames
2026-08-16 18:55:17,646 MainThread INFO muntenia_studio_pVF3A34uJ-o_full.mp4: wrote ../videos_extracted/muntenia_studio_pVF3A34uJ-o_full/detections.json with 536 sampled frames
2026-08-16 18:55:17,664 MainThread INFO muntenia_studio_nfOOPbrFNZY_261s-449s.mp4: wrote ../videos_extracted/muntenia_studio_nfOOPbrFNZY_261s-449s/detections.json with 941 sampled frames
2026-08-16 18:55:21,799 MainThread INFO GPU inference started for 512 sampled frames
2026-08-16 18:55:26,047 MainThread INFO GPU inference completed for 512 sampled frames
2026-08-16 18:55:28,457 MainThread INFO GPU inference started for 512 sampled frames
2026-08-16 18:55:34,102 MainThread INFO GPU inference completed for 512 sampled frames
2026-08-16 18:55:35,800 ThreadPoolExecutor-0_3 INFO muntenia_studio_lKSeSG-4bys_83s-325s.mp4: decoder completed
2026-08-16 18:55:36,159 ThreadPoolExecutor-0_3 INFO muntenia_studio_qSCh0YfIM-M_0s-499s.mp4: decoder started (frames=12476, 1920x1080, fps=25.000)
2026-08-16 18:55:40,257 MainThread INFO GPU inference started for 512 sampled frames
2026-08-16 18:55:44,500 MainThread INFO GPU inference completed for 512 sampled frames
2026-08-16 18:55:44,520 MainThread INFO muntenia_studio_lKSeSG-4bys_83s-325s.mp4: wrote ../videos_extracted/muntenia_studio_lKSeSG-4bys_83s-325s/detections.json with 1210 sampled frames
2026-08-16 18:55:48,909 MainThread INFO GPU inference started for 512 sampled frames
2026-08-16 18:55:53,103 MainThread INFO GPU inference completed for 512 sampled frames
2026-08-16 18:55:57,154 MainThread INFO GPU inference started for 512 sampled frames
2026-08-16 18:56:01,326 MainThread INFO GPU inference completed for 512 sampled frames
2026-08-16 18:56:03,889 MainThread INFO GPU inference started for 512 sampled frames
2026-08-16 18:56:09,705 MainThread INFO GPU inference completed for 512 sampled frames
2026-08-16 18:56:12,796 ThreadPoolExecutor-0_2 INFO muntenia_studio_nvaOBxxt0-c_55s-314s.mp4: decoder completed
2026-08-16 18:56:13,136 ThreadPoolExecutor-0_2 INFO muntenia_studio_qUaRAN9c3QY_full.mp4: decoder started (frames=6628, 1920x1080, fps=50.000)
2026-08-16 18:56:13,811 MainThread INFO GPU inference started for 512 sampled frames
2026-08-16 18:56:17,912 MainThread INFO GPU inference completed for 512 sampled frames
2026-08-16 18:56:17,937 MainThread INFO muntenia_studio_nvaOBxxt0-c_55s-314s.mp4: wrote ../videos_extracted/muntenia_studio_nvaOBxxt0-c_55s-314s/detections.json with 1296 sampled frames
2026-08-16 18:56:21,639 ThreadPoolExecutor-0_5 INFO muntenia_studio_j_QOz5ZqDzQ_full.mp4: decoder completed
2026-08-16 18:56:22,041 ThreadPoolExecutor-0_5 INFO muntenia_studio_rM_xk6_pDis_223s-688s.mp4: decoder started (frames=11651, 1920x1080, fps=25.000)
2026-08-16 18:56:24,747 MainThread INFO GPU inference started for 512 sampled frames
2026-08-16 18:56:29,154 MainThread INFO GPU inference completed for 512 sampled frames
2026-08-16 18:56:29,192 MainThread INFO muntenia_studio_j_QOz5ZqDzQ_full.mp4: wrote ../videos_extracted/muntenia_studio_j_QOz5ZqDzQ_full/detections.json with 2382 sampled frames
2026-08-16 18:56:33,802 MainThread INFO GPU inference started for 512 sampled frames
2026-08-16 18:56:37,946 MainThread INFO GPU inference completed for 512 sampled frames
2026-08-16 18:56:40,882 MainThread INFO GPU inference started for 512 sampled frames
2026-08-16 18:56:43,525 ThreadPoolExecutor-0_6 INFO muntenia_studio_pYm2Qlyvnug_0s-240s.mp4: decoder completed
2026-08-16 18:56:45,145 ThreadPoolExecutor-0_6 INFO muntenia_studio_u_uMmiOznFU_64s-310s.mp4: decoder started (frames=6251, 1920x1080, fps=25.000)
2026-08-16 18:56:46,799 MainThread INFO GPU inference completed for 512 sampled frames
2026-08-16 18:56:50,987 MainThread INFO GPU inference started for 512 sampled frames
2026-08-16 18:56:55,452 MainThread INFO GPU inference completed for 512 sampled frames
2026-08-16 18:56:55,471 MainThread INFO muntenia_studio_pYm2Qlyvnug_0s-240s.mp4: wrote ../videos_extracted/muntenia_studio_pYm2Qlyvnug_0s-240s/detections.json with 1200 sampled frames
2026-08-16 18:57:02,860 MainThread INFO GPU inference started for 512 sampled frames
2026-08-16 18:57:07,350 MainThread INFO GPU inference completed for 512 sampled frames
2026-08-16 18:57:09,892 MainThread INFO GPU inference started for 512 sampled frames
2026-08-16 18:57:10,657 ThreadPoolExecutor-0_1 INFO muntenia_studio_pufRsvYuRYw_22s-114s.mp4: decoder completed
2026-08-16 18:57:10,995 ThreadPoolExecutor-0_1 INFO muntenia_studio_uwRbf9DTSiM_61s-227s.mp4: decoder started (frames=4160, 1920x1080, fps=25.000)
2026-08-16 18:57:11,096 ThreadPoolExecutor-0_7 INFO muntenia_studio_kjZ5e-lEJTY_157s-634s.mp4: decoder completed
2026-08-16 18:57:11,484 ThreadPoolExecutor-0_7 INFO muntenia_studio_wMRgQ7xGlOk_752s-876s.mp4: decoder started (frames=3855, 1920x1080, fps=29.970)
2026-08-16 18:57:14,558 MainThread INFO GPU inference completed for 512 sampled frames
2026-08-16 18:57:17,364 MainThread INFO GPU inference started for 512 sampled frames
2026-08-16 18:57:23,048 MainThread INFO GPU inference completed for 512 sampled frames
2026-08-16 18:57:23,063 MainThread INFO muntenia_studio_pufRsvYuRYw_22s-114s.mp4: wrote ../videos_extracted/muntenia_studio_pufRsvYuRYw_22s-114s/detections.json with 460 sampled frames
2026-08-16 18:57:23,102 MainThread INFO muntenia_studio_kjZ5e-lEJTY_157s-634s.mp4: wrote ../videos_extracted/muntenia_studio_kjZ5e-lEJTY_157s-634s/detections.json with 2386 sampled frames
2026-08-16 18:57:28,171 MainThread INFO GPU inference started for 512 sampled frames
2026-08-16 18:57:32,639 MainThread INFO GPU inference completed for 512 sampled frames
2026-08-16 18:57:38,185 MainThread INFO GPU inference started for 512 sampled frames
2026-08-16 18:57:42,524 MainThread INFO GPU inference completed for 512 sampled frames
2026-08-16 18:57:45,073 MainThread INFO GPU inference started for 512 sampled frames
2026-08-16 18:57:51,117 MainThread INFO GPU inference completed for 512 sampled frames
2026-08-16 18:57:53,661 MainThread INFO GPU inference started for 512 sampled frames
2026-08-16 18:57:57,709 ThreadPoolExecutor-0_4 INFO muntenia_studio_pvAHc4xuLxU_0s-300s.mp4: decoder completed
2026-08-16 18:57:58,069 ThreadPoolExecutor-0_4 INFO muntenia_studio_wMijZ2QyDss_145s-729s.mp4: decoder started (frames=14645, 1920x1080, fps=25.000)
2026-08-16 18:57:58,079 MainThread INFO GPU inference completed for 512 sampled frames
2026-08-16 18:58:03,163 MainThread INFO GPU inference started for 512 sampled frames
2026-08-16 18:58:07,752 MainThread INFO GPU inference completed for 512 sampled frames
2026-08-16 18:58:07,814 MainThread INFO muntenia_studio_pvAHc4xuLxU_0s-300s.mp4: wrote ../videos_extracted/muntenia_studio_pvAHc4xuLxU_0s-300s/detections.json with 1500 sampled frames
2026-08-16 18:58:10,336 MainThread INFO GPU inference started for 512 sampled frames
2026-08-16 18:58:14,964 MainThread INFO GPU inference completed for 512 sampled frames
2026-08-16 18:58:18,788 MainThread INFO GPU inference started for 512 sampled frames
2026-08-16 18:58:24,641 MainThread INFO GPU inference completed for 512 sampled frames
2026-08-16 18:58:27,366 MainThread INFO GPU inference started for 512 sampled frames
2026-08-16 18:58:31,722 MainThread INFO GPU inference completed for 512 sampled frames
2026-08-16 18:58:34,404 ThreadPoolExecutor-0_7 INFO muntenia_studio_wMRgQ7xGlOk_752s-876s.mp4: decoder completed
2026-08-16 18:58:34,799 ThreadPoolExecutor-0_7 INFO muntenia_studio_x4MdfhgpUj0_0s-494s.mp4: decoder started (frames=12351, 1920x1080, fps=25.000)
2026-08-16 18:58:35,421 MainThread INFO GPU inference started for 512 sampled frames
2026-08-16 18:58:39,992 MainThread INFO GPU inference completed for 512 sampled frames
2026-08-16 18:58:40,005 MainThread INFO muntenia_studio_wMRgQ7xGlOk_752s-876s.mp4: wrote ../videos_extracted/muntenia_studio_wMRgQ7xGlOk_752s-876s/detections.json with 620 sampled frames
2026-08-16 18:58:40,837 ThreadPoolExecutor-0_1 INFO muntenia_studio_uwRbf9DTSiM_61s-227s.mp4: decoder completed
2026-08-16 18:58:40,906 ThreadPoolExecutor-0_2 INFO muntenia_studio_qUaRAN9c3QY_full.mp4: decoder completed
2026-08-16 18:58:41,289 ThreadPoolExecutor-0_1 INFO muntenia_studio_yw6-to1ASyk_479s-806s.mp4: decoder started (frames=8247, 1920x1080, fps=25.000)
2026-08-16 18:58:41,323 ThreadPoolExecutor-0_2 INFO rep_moldova_itw_BhQlr38_yJk_full.mp4: decoder started (frames=5564, 1920x1080, fps=29.970)
2026-08-16 18:58:44,368 MainThread INFO GPU inference started for 512 sampled frames
2026-08-16 18:58:49,090 MainThread INFO GPU inference completed for 512 sampled frames
2026-08-16 18:58:49,107 MainThread INFO muntenia_studio_uwRbf9DTSiM_61s-227s.mp4: wrote ../videos_extracted/muntenia_studio_uwRbf9DTSiM_61s-227s/detections.json with 831 sampled frames
2026-08-16 18:58:49,135 MainThread INFO muntenia_studio_qUaRAN9c3QY_full.mp4: wrote ../videos_extracted/muntenia_studio_qUaRAN9c3QY_full/detections.json with 663 sampled frames
2026-08-16 18:58:50,967 MainThread INFO GPU inference started for 512 sampled frames
2026-08-16 18:58:56,992 MainThread INFO GPU inference completed for 512 sampled frames
2026-08-16 18:58:57,834 ThreadPoolExecutor-0_6 INFO muntenia_studio_u_uMmiOznFU_64s-310s.mp4: decoder completed
2026-08-16 18:58:58,309 ThreadPoolExecutor-0_6 INFO rep_moldova_itw_Gv07KK9-QBY_full.mp4: decoder started (frames=8543, 1920x1080, fps=29.970)
2026-08-16 18:58:58,841 MainThread INFO GPU inference started for 512 sampled frames
2026-08-16 18:59:03,396 MainThread INFO GPU inference completed for 512 sampled frames
2026-08-16 18:59:03,428 MainThread INFO muntenia_studio_u_uMmiOznFU_64s-310s.mp4: wrote ../videos_extracted/muntenia_studio_u_uMmiOznFU_64s-310s/detections.json with 1231 sampled frames
2026-08-16 18:59:08,510 MainThread INFO GPU inference started for 512 sampled frames
2026-08-16 18:59:13,005 MainThread INFO GPU inference completed for 512 sampled frames
2026-08-16 18:59:15,441 MainThread INFO GPU inference started for 512 sampled frames
2026-08-16 18:59:19,997 MainThread INFO GPU inference completed for 512 sampled frames
2026-08-16 18:59:22,422 MainThread INFO GPU inference started for 512 sampled frames
2026-08-16 18:59:28,454 MainThread INFO GPU inference completed for 512 sampled frames
2026-08-16 18:59:30,759 MainThread INFO GPU inference started for 512 sampled frames
2026-08-16 18:59:36,694 MainThread INFO GPU inference completed for 512 sampled frames
2026-08-16 18:59:39,755 MainThread INFO GPU inference started for 512 sampled frames
2026-08-16 18:59:44,205 MainThread INFO GPU inference completed for 512 sampled frames
2026-08-16 18:59:47,319 MainThread INFO GPU inference started for 512 sampled frames
2026-08-16 18:59:51,666 MainThread INFO GPU inference completed for 512 sampled frames
2026-08-16 18:59:55,360 MainThread INFO GPU inference started for 512 sampled frames
2026-08-16 19:00:01,318 MainThread INFO GPU inference completed for 512 sampled frames
2026-08-16 19:00:04,458 MainThread INFO GPU inference started for 512 sampled frames
2026-08-16 19:00:07,674 ThreadPoolExecutor-0_3 INFO muntenia_studio_qSCh0YfIM-M_0s-499s.mp4: decoder completed
2026-08-16 19:00:08,294 ThreadPoolExecutor-0_3 INFO rep_moldova_itw_InZS5NXUtfM_0s-360s.mp4: decoder started (frames=9000, 1920x1080, fps=25.000)
2026-08-16 19:00:10,619 MainThread INFO GPU inference completed for 512 sampled frames
2026-08-16 19:00:12,133 MainThread INFO GPU inference started for 512 sampled frames
2026-08-16 19:00:16,379 MainThread INFO GPU inference completed for 512 sampled frames
2026-08-16 19:00:16,424 MainThread INFO muntenia_studio_qSCh0YfIM-M_0s-499s.mp4: wrote ../videos_extracted/muntenia_studio_qSCh0YfIM-M_0s-499s/detections.json with 2496 sampled frames
2026-08-16 19:00:21,518 MainThread INFO GPU inference started for 512 sampled frames
2026-08-16 19:00:26,059 MainThread INFO GPU inference completed for 512 sampled frames
2026-08-16 19:00:28,658 MainThread INFO GPU inference started for 512 sampled frames
2026-08-16 19:00:34,434 MainThread INFO GPU inference completed for 512 sampled frames
2026-08-16 19:00:36,479 ThreadPoolExecutor-0_5 INFO muntenia_studio_rM_xk6_pDis_223s-688s.mp4: decoder completed
2026-08-16 19:00:36,970 ThreadPoolExecutor-0_5 INFO rep_moldova_itw_T2Hc8tlOQLA_full.mp4: decoder started (frames=14518, 1920x1080, fps=59.940)
2026-08-16 19:00:37,911 MainThread INFO GPU inference started for 512 sampled frames
2026-08-16 19:00:42,140 ThreadPoolExecutor-0_2 INFO rep_moldova_itw_BhQlr38_yJk_full.mp4: decoder completed
2026-08-16 19:00:42,555 ThreadPoolExecutor-0_2 INFO rep_moldova_itw_WkcLVGR32NE_full.mp4: decoder started (frames=9276, 1920x1080, fps=29.970)
2026-08-16 19:00:43,760 MainThread INFO GPU inference completed for 512 sampled frames
2026-08-16 19:00:43,803 MainThread INFO muntenia_studio_rM_xk6_pDis_223s-688s.mp4: wrote ../videos_extracted/muntenia_studio_rM_xk6_pDis_223s-688s/detections.json with 2326 sampled frames
2026-08-16 19:00:46,728 MainThread INFO GPU inference started for 512 sampled frames
2026-08-16 19:00:51,064 MainThread INFO GPU inference completed for 512 sampled frames
2026-08-16 19:00:51,095 MainThread INFO rep_moldova_itw_BhQlr38_yJk_full.mp4: wrote ../videos_extracted/rep_moldova_itw_BhQlr38_yJk_full/detections.json with 928 sampled frames
2026-08-16 19:00:55,735 MainThread INFO GPU inference started for 512 sampled frames
2026-08-16 19:01:00,170 MainThread INFO GPU inference completed for 512 sampled frames
2026-08-16 19:01:04,090 MainThread INFO GPU inference started for 512 sampled frames
2026-08-16 19:01:09,956 MainThread INFO GPU inference completed for 512 sampled frames
2026-08-16 19:01:13,098 MainThread INFO GPU inference started for 512 sampled frames
2026-08-16 19:01:17,450 MainThread INFO GPU inference completed for 512 sampled frames
2026-08-16 19:01:23,131 MainThread INFO GPU inference started for 512 sampled frames
2026-08-16 19:01:27,479 MainThread INFO GPU inference completed for 512 sampled frames
2026-08-16 19:01:32,154 MainThread INFO GPU inference started for 512 sampled frames
2026-08-16 19:01:36,485 MainThread INFO GPU inference completed for 512 sampled frames
2026-08-16 19:01:39,512 ThreadPoolExecutor-0_1 INFO muntenia_studio_yw6-to1ASyk_479s-806s.mp4: decoder completed
2026-08-16 19:01:39,513 MainThread INFO GPU inference started for 512 sampled frames
2026-08-16 19:01:39,836 ThreadPoolExecutor-0_1 INFO rep_moldova_itw_fI2WU5KIuQY_255s-363s.mp4: decoder started (frames=2775, 1920x1080, fps=25.000)
2026-08-16 19:01:45,279 MainThread INFO GPU inference completed for 512 sampled frames
2026-08-16 19:01:45,313 MainThread INFO muntenia_studio_yw6-to1ASyk_479s-806s.mp4: wrote ../videos_extracted/muntenia_studio_yw6-to1ASyk_479s-806s/detections.json with 1636 sampled frames
2026-08-16 19:01:47,995 MainThread INFO GPU inference started for 512 sampled frames
2026-08-16 19:01:52,342 MainThread INFO GPU inference completed for 512 sampled frames
2026-08-16 19:01:58,274 MainThread INFO GPU inference started for 512 sampled frames
2026-08-16 19:02:02,594 MainThread INFO GPU inference completed for 512 sampled frames
2026-08-16 19:02:04,563 ThreadPoolExecutor-0_6 INFO rep_moldova_itw_Gv07KK9-QBY_full.mp4: decoder completed
2026-08-16 19:02:04,852 ThreadPoolExecutor-0_6 INFO rep_moldova_studio_0UdgzOtN0rE_848s-1200s.mp4: decoder started (frames=17730, 1920x1080, fps=50.000)
2026-08-16 19:02:07,385 MainThread INFO GPU inference started for 512 sampled frames
2026-08-16 19:02:11,891 MainThread INFO GPU inference completed for 512 sampled frames
2026-08-16 19:02:11,917 MainThread INFO rep_moldova_itw_Gv07KK9-QBY_full.mp4: wrote ../videos_extracted/rep_moldova_itw_Gv07KK9-QBY_full/detections.json with 1424 sampled frames
2026-08-16 19:02:15,505 MainThread INFO GPU inference started for 512 sampled frames
2026-08-16 19:02:21,341 MainThread INFO GPU inference completed for 512 sampled frames
2026-08-16 19:02:24,498 MainThread INFO GPU inference started for 512 sampled frames
2026-08-16 19:02:28,967 MainThread INFO GPU inference completed for 512 sampled frames
2026-08-16 19:02:36,159 MainThread INFO GPU inference started for 512 sampled frames
2026-08-16 19:02:39,199 ThreadPoolExecutor-0_1 INFO rep_moldova_itw_fI2WU5KIuQY_255s-363s.mp4: decoder completed
2026-08-16 19:02:39,582 ThreadPoolExecutor-0_1 INFO rep_moldova_studio_2WUMgEA8zCM_150s-415s.mp4: decoder started (frames=6776, 1920x1080, fps=25.000)
2026-08-16 19:02:40,474 MainThread INFO GPU inference completed for 512 sampled frames
2026-08-16 19:02:44,474 MainThread INFO GPU inference started for 512 sampled frames
2026-08-16 19:02:50,150 MainThread INFO GPU inference completed for 512 sampled frames
2026-08-16 19:02:50,165 MainThread INFO rep_moldova_itw_fI2WU5KIuQY_255s-363s.mp4: wrote ../videos_extracted/rep_moldova_itw_fI2WU5KIuQY_255s-363s/detections.json with 541 sampled frames
2026-08-16 19:02:53,474 MainThread INFO GPU inference started for 512 sampled frames
2026-08-16 19:02:57,783 MainThread INFO GPU inference completed for 512 sampled frames
2026-08-16 19:03:05,173 ThreadPoolExecutor-0_7 INFO muntenia_studio_x4MdfhgpUj0_0s-494s.mp4: decoder completed
2026-08-16 19:03:05,303 MainThread INFO GPU inference started for 512 sampled frames
2026-08-16 19:03:05,519 ThreadPoolExecutor-0_7 INFO rep_moldova_studio_3f4DnN1Pxjw_60s-420s.mp4: decoder started (frames=18030, 1920x1080, fps=50.000)
2026-08-16 19:03:09,643 MainThread INFO GPU inference completed for 512 sampled frames
2026-08-16 19:03:09,684 MainThread INFO muntenia_studio_x4MdfhgpUj0_0s-494s.mp4: wrote ../videos_extracted/muntenia_studio_x4MdfhgpUj0_0s-494s/detections.json with 2471 sampled frames
2026-08-16 19:03:14,767 MainThread INFO GPU inference started for 512 sampled frames
2026-08-16 19:03:17,436 ThreadPoolExecutor-0_4 INFO muntenia_studio_wMijZ2QyDss_145s-729s.mp4: decoder completed
2026-08-16 19:03:17,725 ThreadPoolExecutor-0_4 INFO rep_moldova_studio_6kATVUeZToI_170s-420s.mp4: decoder started (frames=12604, 1920x1080, fps=50.000)
2026-08-16 19:03:19,363 MainThread INFO GPU inference completed for 512 sampled frames
2026-08-16 19:03:25,413 MainThread INFO GPU inference started for 512 sampled frames
2026-08-16 19:03:26,418 ThreadPoolExecutor-0_3 INFO rep_moldova_itw_InZS5NXUtfM_0s-360s.mp4: decoder completed
2026-08-16 19:03:26,744 ThreadPoolExecutor-0_3 INFO rep_moldova_studio_AVe2BKqq8uE_515s-950s.mp4: decoder started (frames=21910, 1920x1080, fps=50.000)
2026-08-16 19:03:31,169 MainThread INFO GPU inference completed for 512 sampled frames
2026-08-16 19:03:31,217 MainThread INFO muntenia_studio_wMijZ2QyDss_145s-729s.mp4: wrote ../videos_extracted/muntenia_studio_wMijZ2QyDss_145s-729s/detections.json with 2921 sampled frames
2026-08-16 19:03:41,449 MainThread INFO GPU inference started for 512 sampled frames
2026-08-16 19:03:45,846 MainThread INFO GPU inference completed for 512 sampled frames
2026-08-16 19:03:45,876 MainThread INFO rep_moldova_itw_InZS5NXUtfM_0s-360s.mp4: wrote ../videos_extracted/rep_moldova_itw_InZS5NXUtfM_0s-360s/detections.json with 1800 sampled frames
2026-08-16 19:03:50,869 MainThread INFO GPU inference started for 512 sampled frames
2026-08-16 19:03:55,315 MainThread INFO GPU inference completed for 512 sampled frames
2026-08-16 19:04:00,703 MainThread INFO GPU inference started for 512 sampled frames
2026-08-16 19:04:06,545 MainThread INFO GPU inference completed for 512 sampled frames
2026-08-16 19:04:10,063 ThreadPoolExecutor-0_2 INFO rep_moldova_itw_WkcLVGR32NE_full.mp4: decoder completed
2026-08-16 19:04:10,397 ThreadPoolExecutor-0_2 INFO rep_moldova_studio_FAPEdnmr63w_60s-420s.mp4: decoder started (frames=18017, 1920x1080, fps=50.000)
2026-08-16 19:04:17,207 MainThread INFO GPU inference started for 512 sampled frames
2026-08-16 19:04:21,440 MainThread INFO GPU inference completed for 512 sampled frames
2026-08-16 19:04:21,466 MainThread INFO rep_moldova_itw_WkcLVGR32NE_full.mp4: wrote ../videos_extracted/rep_moldova_itw_WkcLVGR32NE_full/detections.json with 1546 sampled frames
2026-08-16 19:04:30,265 MainThread INFO GPU inference started for 512 sampled frames
2026-08-16 19:04:35,689 MainThread INFO GPU inference completed for 512 sampled frames
2026-08-16 19:04:45,341 MainThread INFO GPU inference started for 512 sampled frames
2026-08-16 19:04:49,510 MainThread INFO GPU inference completed for 512 sampled frames
2026-08-16 19:04:59,486 MainThread INFO GPU inference started for 512 sampled frames
2026-08-16 19:05:03,800 MainThread INFO GPU inference completed for 512 sampled frames
2026-08-16 19:05:06,778 ThreadPoolExecutor-0_1 INFO rep_moldova_studio_2WUMgEA8zCM_150s-415s.mp4: decoder completed
2026-08-16 19:05:07,155 ThreadPoolExecutor-0_1 INFO rep_moldova_studio_FSkO1AwlSgM_960s-1500s.mp4: decoder started (frames=27180, 1920x1080, fps=50.000)
2026-08-16 19:05:13,431 MainThread INFO GPU inference started for 512 sampled frames
2026-08-16 19:05:18,856 MainThread INFO GPU inference completed for 512 sampled frames
2026-08-16 19:05:18,879 MainThread INFO rep_moldova_studio_2WUMgEA8zCM_150s-415s.mp4: wrote ../videos_extracted/rep_moldova_studio_2WUMgEA8zCM_150s-415s/detections.json with 1326 sampled frames
2026-08-16 19:05:33,000 MainThread INFO GPU inference started for 512 sampled frames
2026-08-16 19:05:37,750 MainThread INFO GPU inference completed for 512 sampled frames
2026-08-16 19:05:47,651 MainThread INFO GPU inference started for 512 sampled frames
2026-08-16 19:05:53,285 MainThread INFO GPU inference completed for 512 sampled frames
2026-08-16 19:06:01,686 ThreadPoolExecutor-0_5 INFO rep_moldova_itw_T2Hc8tlOQLA_full.mp4: decoder completed
2026-08-16 19:06:01,986 ThreadPoolExecutor-0_5 INFO rep_moldova_studio_F_Cnppr3hFc_342s-600s.mp4: decoder started (frames=12990, 1920x1080, fps=50.000)
2026-08-16 19:06:04,383 MainThread INFO GPU inference started for 512 sampled frames
2026-08-16 19:06:08,674 MainThread INFO GPU inference completed for 512 sampled frames
2026-08-16 19:06:08,697 MainThread INFO rep_moldova_itw_T2Hc8tlOQLA_full.mp4: wrote ../videos_extracted/rep_moldova_itw_T2Hc8tlOQLA_full/detections.json with 1210 sampled frames
2026-08-16 19:06:19,153 MainThread INFO GPU inference started for 512 sampled frames
2026-08-16 19:06:24,773 MainThread INFO GPU inference completed for 512 sampled frames
2026-08-16 19:06:36,686 MainThread INFO GPU inference started for 512 sampled frames
2026-08-16 19:06:40,959 MainThread INFO GPU inference completed for 512 sampled frames
2026-08-16 19:06:50,943 MainThread INFO GPU inference started for 512 sampled frames
2026-08-16 19:06:56,792 MainThread INFO GPU inference completed for 512 sampled frames
2026-08-16 19:07:07,914 MainThread INFO GPU inference started for 512 sampled frames
2026-08-16 19:07:12,356 MainThread INFO GPU inference completed for 512 sampled frames
2026-08-16 19:07:25,137 MainThread INFO GPU inference started for 512 sampled frames
2026-08-16 19:07:29,487 MainThread INFO GPU inference completed for 512 sampled frames
2026-08-16 19:07:38,482 MainThread INFO GPU inference started for 512 sampled frames
2026-08-16 19:07:44,144 MainThread INFO GPU inference completed for 512 sampled frames
2026-08-16 19:07:54,278 MainThread INFO GPU inference started for 512 sampled frames
2026-08-16 19:07:58,668 MainThread INFO GPU inference completed for 512 sampled frames
2026-08-16 19:08:00,742 ThreadPoolExecutor-0_4 INFO rep_moldova_studio_6kATVUeZToI_170s-420s.mp4: decoder completed
2026-08-16 19:08:01,070 ThreadPoolExecutor-0_4 INFO rep_moldova_studio_I6j09Iys4Xo_155s-400s.mp4: decoder started (frames=12281, 1920x1080, fps=50.000)
2026-08-16 19:08:08,976 MainThread INFO GPU inference started for 512 sampled frames
2026-08-16 19:08:14,451 MainThread INFO GPU inference completed for 512 sampled frames
2026-08-16 19:08:14,472 MainThread INFO rep_moldova_studio_6kATVUeZToI_170s-420s.mp4: wrote ../videos_extracted/rep_moldova_studio_6kATVUeZToI_170s-420s/detections.json with 1250 sampled frames
2026-08-16 19:08:24,799 MainThread INFO GPU inference started for 512 sampled frames
2026-08-16 19:08:28,916 MainThread INFO GPU inference completed for 512 sampled frames
2026-08-16 19:08:39,567 MainThread INFO GPU inference started for 512 sampled frames
2026-08-16 19:08:45,241 MainThread INFO GPU inference completed for 512 sampled frames
2026-08-16 19:08:47,173 ThreadPoolExecutor-0_6 INFO rep_moldova_studio_0UdgzOtN0rE_848s-1200s.mp4: decoder completed
2026-08-16 19:08:47,510 ThreadPoolExecutor-0_6 INFO rep_moldova_studio_JLcS5GkJ6E4_0s-410s.mp4: decoder started (frames=12300, 1920x1080, fps=30.000)
2026-08-16 19:08:58,385 MainThread INFO GPU inference started for 512 sampled frames
2026-08-16 19:09:02,596 MainThread INFO GPU inference completed for 512 sampled frames
2026-08-16 19:09:02,626 MainThread INFO rep_moldova_studio_0UdgzOtN0rE_848s-1200s.mp4: wrote ../videos_extracted/rep_moldova_studio_0UdgzOtN0rE_848s-1200s/detections.json with 1760 sampled frames
2026-08-16 19:09:11,510 MainThread INFO GPU inference started for 512 sampled frames
2026-08-16 19:09:17,065 MainThread INFO GPU inference completed for 512 sampled frames
2026-08-16 19:09:26,613 MainThread INFO GPU inference started for 512 sampled frames
2026-08-16 19:09:32,233 MainThread INFO GPU inference completed for 512 sampled frames
2026-08-16 19:09:39,151 MainThread INFO GPU inference started for 512 sampled frames
2026-08-16 19:09:43,375 MainThread INFO GPU inference completed for 512 sampled frames
2026-08-16 19:09:53,699 MainThread INFO GPU inference started for 512 sampled frames
2026-08-16 19:09:54,847 ThreadPoolExecutor-0_7 INFO rep_moldova_studio_3f4DnN1Pxjw_60s-420s.mp4: decoder completed
2026-08-16 19:09:55,205 ThreadPoolExecutor-0_7 INFO rep_moldova_studio_KT1NWjLSDLU_160s-530s.mp4: decoder started (frames=9368, 1920x1080, fps=25.000)
2026-08-16 19:09:59,511 MainThread INFO GPU inference completed for 512 sampled frames
2026-08-16 19:10:06,183 MainThread INFO GPU inference started for 512 sampled frames
2026-08-16 19:10:10,412 MainThread INFO GPU inference completed for 512 sampled frames
2026-08-16 19:10:10,442 MainThread INFO rep_moldova_studio_3f4DnN1Pxjw_60s-420s.mp4: wrote ../videos_extracted/rep_moldova_studio_3f4DnN1Pxjw_60s-420s/detections.json with 1800 sampled frames
2026-08-16 19:10:20,812 MainThread INFO GPU inference started for 512 sampled frames
2026-08-16 19:10:25,195 MainThread INFO GPU inference completed for 512 sampled frames
2026-08-16 19:10:32,340 MainThread INFO GPU inference started for 512 sampled frames
2026-08-16 19:10:38,177 MainThread INFO GPU inference completed for 512 sampled frames
2026-08-16 19:10:47,199 MainThread INFO GPU inference started for 512 sampled frames
2026-08-16 19:10:51,532 MainThread INFO GPU inference completed for 512 sampled frames
2026-08-16 19:10:52,628 ThreadPoolExecutor-0_2 INFO rep_moldova_studio_FAPEdnmr63w_60s-420s.mp4: decoder completed
2026-08-16 19:10:52,988 ThreadPoolExecutor-0_2 INFO rep_moldova_studio_L4L-2REcGQM_0s-540s.mp4: decoder started (frames=16200, 1920x1080, fps=30.000)
2026-08-16 19:10:55,669 ThreadPoolExecutor-0_5 INFO rep_moldova_studio_F_Cnppr3hFc_342s-600s.mp4: decoder completed
2026-08-16 19:10:55,959 ThreadPoolExecutor-0_5 INFO rep_moldova_studio_N0QCeiXX-lE_640s-900s.mp4: decoder started (frames=6500, 1920x1080, fps=25.000)
2026-08-16 19:10:57,335 MainThread INFO GPU inference started for 512 sampled frames
2026-08-16 19:11:03,104 MainThread INFO GPU inference completed for 512 sampled frames
2026-08-16 19:11:03,133 MainThread INFO rep_moldova_studio_FAPEdnmr63w_60s-420s.mp4: wrote ../videos_extracted/rep_moldova_studio_FAPEdnmr63w_60s-420s/detections.json with 1800 sampled frames
2026-08-16 19:11:03,154 MainThread INFO rep_moldova_studio_F_Cnppr3hFc_342s-600s.mp4: wrote ../videos_extracted/rep_moldova_studio_F_Cnppr3hFc_342s-600s/detections.json with 1290 sampled frames
2026-08-16 19:11:09,921 MainThread INFO GPU inference started for 512 sampled frames
2026-08-16 19:11:15,765 MainThread INFO GPU inference completed for 512 sampled frames
2026-08-16 19:11:20,337 MainThread INFO GPU inference started for 512 sampled frames
2026-08-16 19:11:24,594 MainThread INFO GPU inference completed for 512 sampled frames
2026-08-16 19:11:32,474 MainThread INFO GPU inference started for 512 sampled frames
2026-08-16 19:11:38,159 MainThread INFO GPU inference completed for 512 sampled frames
2026-08-16 19:11:42,751 MainThread INFO GPU inference started for 512 sampled frames
2026-08-16 19:11:48,255 MainThread INFO GPU inference completed for 512 sampled frames
2026-08-16 19:11:49,551 ThreadPoolExecutor-0_3 INFO rep_moldova_studio_AVe2BKqq8uE_515s-950s.mp4: decoder completed
2026-08-16 19:11:49,856 ThreadPoolExecutor-0_3 INFO rep_moldova_studio_OVo7OqmsjbA_full.mp4: decoder started (frames=6721, 1920x1080, fps=29.970)
2026-08-16 19:11:54,189 MainThread INFO GPU inference started for 512 sampled frames
2026-08-16 19:11:58,612 MainThread INFO GPU inference completed for 512 sampled frames
2026-08-16 19:11:58,648 MainThread INFO rep_moldova_studio_AVe2BKqq8uE_515s-950s.mp4: wrote ../videos_extracted/rep_moldova_studio_AVe2BKqq8uE_515s-950s/detections.json with 2175 sampled frames
2026-08-16 19:12:02,641 MainThread INFO GPU inference started for 512 sampled frames
2026-08-16 19:12:06,841 MainThread INFO GPU inference completed for 512 sampled frames
2026-08-16 19:12:13,359 MainThread INFO GPU inference started for 512 sampled frames
2026-08-16 19:12:19,165 MainThread INFO GPU inference completed for 512 sampled frames
2026-08-16 19:12:24,106 MainThread INFO GPU inference started for 512 sampled frames
2026-08-16 19:12:28,430 MainThread INFO GPU inference completed for 512 sampled frames
2026-08-16 19:12:34,819 MainThread INFO GPU inference started for 512 sampled frames
2026-08-16 19:12:39,131 MainThread INFO GPU inference completed for 512 sampled frames
2026-08-16 19:12:42,656 ThreadPoolExecutor-0_4 INFO rep_moldova_studio_I6j09Iys4Xo_155s-400s.mp4: decoder completed
2026-08-16 19:12:43,061 ThreadPoolExecutor-0_4 INFO rep_moldova_studio_R3tBFVeAh6M_253s-853s.mp4: decoder started (frames=30078, 1920x1080, fps=50.000)
2026-08-16 19:12:45,004 MainThread INFO GPU inference started for 512 sampled frames
2026-08-16 19:12:50,655 MainThread INFO GPU inference completed for 512 sampled frames
2026-08-16 19:12:50,678 MainThread INFO rep_moldova_studio_I6j09Iys4Xo_155s-400s.mp4: wrote ../videos_extracted/rep_moldova_studio_I6j09Iys4Xo_155s-400s/detections.json with 1225 sampled frames
2026-08-16 19:12:54,966 MainThread INFO GPU inference started for 512 sampled frames
2026-08-16 19:12:59,274 MainThread INFO GPU inference completed for 512 sampled frames
2026-08-16 19:13:07,262 MainThread INFO GPU inference started for 512 sampled frames
2026-08-16 19:13:11,731 MainThread INFO GPU inference completed for 512 sampled frames
2026-08-16 19:13:15,435 MainThread INFO GPU inference started for 512 sampled frames
2026-08-16 19:13:19,868 MainThread INFO GPU inference completed for 512 sampled frames
2026-08-16 19:13:24,100 MainThread INFO GPU inference started for 512 sampled frames
2026-08-16 19:13:24,116 ThreadPoolExecutor-0_5 INFO rep_moldova_studio_N0QCeiXX-lE_640s-900s.mp4: decoder completed
2026-08-16 19:13:24,535 ThreadPoolExecutor-0_5 INFO rep_moldova_studio_R4ch3Cu8FJA_720s-1020s.mp4: decoder started (frames=15090, 1920x1080, fps=50.000)
2026-08-16 19:13:28,468 ThreadPoolExecutor-0_6 INFO rep_moldova_studio_JLcS5GkJ6E4_0s-410s.mp4: decoder completed
2026-08-16 19:13:28,836 ThreadPoolExecutor-0_6 INFO rep_moldova_studio__3OLJk5a0dU_100s-410s.mp4: decoder started (frames=15637, 1920x1080, fps=50.000)
2026-08-16 19:13:29,468 MainThread INFO GPU inference completed for 512 sampled frames
2026-08-16 19:13:29,796 ThreadPoolExecutor-0_7 INFO rep_moldova_studio_KT1NWjLSDLU_160s-530s.mp4: decoder completed
2026-08-16 19:13:30,183 ThreadPoolExecutor-0_7 INFO rep_moldova_studio_dH3Vz_hv85I_4230s-4907s.mp4: decoder started (frames=20313, 1920x1080, fps=30.000)
2026-08-16 19:13:39,087 MainThread INFO GPU inference started for 512 sampled frames
2026-08-16 19:13:43,494 MainThread INFO GPU inference completed for 512 sampled frames
2026-08-16 19:13:43,520 MainThread INFO rep_moldova_studio_N0QCeiXX-lE_640s-900s.mp4: wrote ../videos_extracted/rep_moldova_studio_N0QCeiXX-lE_640s-900s/detections.json with 1300 sampled frames
2026-08-16 19:13:43,551 MainThread INFO rep_moldova_studio_JLcS5GkJ6E4_0s-410s.mp4: wrote ../videos_extracted/rep_moldova_studio_JLcS5GkJ6E4_0s-410s/detections.json with 2050 sampled frames
2026-08-16 19:13:43,578 MainThread INFO rep_moldova_studio_KT1NWjLSDLU_160s-530s.mp4: wrote ../videos_extracted/rep_moldova_studio_KT1NWjLSDLU_160s-530s/detections.json with 1851 sampled frames
2026-08-16 19:13:52,876 MainThread INFO GPU inference started for 512 sampled frames
2026-08-16 19:13:58,521 MainThread INFO GPU inference completed for 512 sampled frames
2026-08-16 19:14:02,860 MainThread INFO GPU inference started for 512 sampled frames
2026-08-16 19:14:08,689 MainThread INFO GPU inference completed for 512 sampled frames
2026-08-16 19:14:13,641 MainThread INFO GPU inference started for 512 sampled frames
2026-08-16 19:14:17,873 MainThread INFO GPU inference completed for 512 sampled frames
2026-08-16 19:14:21,027 ThreadPoolExecutor-0_3 INFO rep_moldova_studio_OVo7OqmsjbA_full.mp4: decoder completed
2026-08-16 19:14:21,419 ThreadPoolExecutor-0_3 INFO rep_moldova_studio_dUexyIZhBRA_196s-600s.mp4: decoder started (frames=20220, 1920x1080, fps=50.000)
2026-08-16 19:14:27,799 MainThread INFO GPU inference started for 512 sampled frames
2026-08-16 19:14:33,450 MainThread INFO GPU inference completed for 512 sampled frames
2026-08-16 19:14:33,480 MainThread INFO rep_moldova_studio_OVo7OqmsjbA_full.mp4: wrote ../videos_extracted/rep_moldova_studio_OVo7OqmsjbA_full/detections.json with 1121 sampled frames
2026-08-16 19:14:39,787 MainThread INFO GPU inference started for 512 sampled frames
2026-08-16 19:14:45,664 MainThread INFO GPU inference completed for 512 sampled frames
2026-08-16 19:14:52,710 MainThread INFO GPU inference started for 512 sampled frames
2026-08-16 19:14:57,170 MainThread INFO GPU inference completed for 512 sampled frames
2026-08-16 19:15:06,398 MainThread INFO GPU inference started for 512 sampled frames
2026-08-16 19:15:12,319 MainThread INFO GPU inference completed for 512 sampled frames
2026-08-16 19:15:20,818 MainThread INFO GPU inference started for 512 sampled frames
2026-08-16 19:15:24,991 MainThread INFO GPU inference completed for 512 sampled frames
2026-08-16 19:15:31,435 ThreadPoolExecutor-0_1 INFO rep_moldova_studio_FSkO1AwlSgM_960s-1500s.mp4: decoder completed
2026-08-16 19:15:31,732 ThreadPoolExecutor-0_1 INFO rep_moldova_studio_fWy0004OAjQ_150s-460s.mp4: decoder started (frames=15576, 1920x1080, fps=50.000)
2026-08-16 19:15:34,961 MainThread INFO GPU inference started for 512 sampled frames
2026-08-16 19:15:39,323 MainThread INFO GPU inference completed for 512 sampled frames
2026-08-16 19:15:39,371 MainThread INFO rep_moldova_studio_FSkO1AwlSgM_960s-1500s.mp4: wrote ../videos_extracted/rep_moldova_studio_FSkO1AwlSgM_960s-1500s/detections.json with 2700 sampled frames
2026-08-16 19:15:46,276 MainThread INFO GPU inference started for 512 sampled frames
2026-08-16 19:15:51,901 MainThread INFO GPU inference completed for 512 sampled frames
2026-08-16 19:16:01,385 MainThread INFO GPU inference started for 512 sampled frames
2026-08-16 19:16:05,626 MainThread INFO GPU inference completed for 512 sampled frames
2026-08-16 19:16:09,821 ThreadPoolExecutor-0_0 INFO muntenia_studio_Y-456XfFHog_0s-600s.mp4: decoder completed
2026-08-16 19:16:10,181 ThreadPoolExecutor-0_0 INFO rep_moldova_studio_frBTWyXiPF0_180s-480s.mp4: decoder started (frames=15091, 1920x1080, fps=50.000)
2026-08-16 19:16:13,194 MainThread INFO GPU inference started for 512 sampled frames
2026-08-16 19:16:19,081 MainThread INFO GPU inference completed for 512 sampled frames
2026-08-16 19:16:19,130 MainThread INFO muntenia_studio_Y-456XfFHog_0s-600s.mp4: wrote ../videos_extracted/muntenia_studio_Y-456XfFHog_0s-600s/detections.json with 3000 sampled frames
2026-08-16 19:16:25,170 MainThread INFO GPU inference started for 512 sampled frames
2026-08-16 19:16:29,679 MainThread INFO GPU inference completed for 512 sampled frames
2026-08-16 19:16:38,684 MainThread INFO GPU inference started for 512 sampled frames
2026-08-16 19:16:43,231 MainThread INFO GPU inference completed for 512 sampled frames
2026-08-16 19:16:48,438 MainThread INFO GPU inference started for 512 sampled frames
2026-08-16 19:16:52,979 MainThread INFO GPU inference completed for 512 sampled frames
2026-08-16 19:16:59,999 ThreadPoolExecutor-0_2 INFO rep_moldova_studio_L4L-2REcGQM_0s-540s.mp4: decoder completed
2026-08-16 19:17:00,390 ThreadPoolExecutor-0_2 INFO rep_moldova_studio_lcYC8GwV5fw_300s-720s.mp4: decoder started (frames=21090, 1920x1080, fps=50.000)
2026-08-16 19:17:01,033 MainThread INFO GPU inference started for 512 sampled frames
2026-08-16 19:17:05,547 MainThread INFO GPU inference completed for 512 sampled frames
2026-08-16 19:17:05,589 MainThread INFO rep_moldova_studio_L4L-2REcGQM_0s-540s.mp4: wrote ../videos_extracted/rep_moldova_studio_L4L-2REcGQM_0s-540s/detections.json with 2700 sampled frames
2026-08-16 19:17:13,033 MainThread INFO GPU inference started for 512 sampled frames
2026-08-16 19:17:17,453 MainThread INFO GPU inference completed for 512 sampled frames
2026-08-16 19:17:26,417 MainThread INFO GPU inference started for 512 sampled frames
2026-08-16 19:17:30,824 MainThread INFO GPU inference completed for 512 sampled frames
2026-08-16 19:17:38,820 MainThread INFO GPU inference started for 512 sampled frames
2026-08-16 19:17:43,096 MainThread INFO GPU inference completed for 512 sampled frames
2026-08-16 19:17:52,210 MainThread INFO GPU inference started for 512 sampled frames
2026-08-16 19:17:56,571 MainThread INFO GPU inference completed for 512 sampled frames
2026-08-16 19:18:03,532 MainThread INFO GPU inference started for 512 sampled frames
2026-08-16 19:18:07,818 MainThread INFO GPU inference completed for 512 sampled frames
2026-08-16 19:18:17,083 MainThread INFO GPU inference started for 512 sampled frames
2026-08-16 19:18:21,232 MainThread INFO GPU inference completed for 512 sampled frames
2026-08-16 19:18:28,785 MainThread INFO GPU inference started for 512 sampled frames
2026-08-16 19:18:33,138 MainThread INFO GPU inference completed for 512 sampled frames
2026-08-16 19:18:42,029 MainThread INFO GPU inference started for 512 sampled frames
2026-08-16 19:18:46,200 MainThread INFO GPU inference completed for 512 sampled frames
2026-08-16 19:18:51,299 MainThread INFO GPU inference started for 512 sampled frames
2026-08-16 19:18:55,588 MainThread INFO GPU inference completed for 512 sampled frames
2026-08-16 19:18:57,616 ThreadPoolExecutor-0_5 INFO rep_moldova_studio_R4ch3Cu8FJA_720s-1020s.mp4: decoder completed
2026-08-16 19:18:57,960 ThreadPoolExecutor-0_5 INFO rep_moldova_studio_o5i9cc7oe38_90s-420s.mp4: decoder started (frames=16681, 1920x1080, fps=50.000)
2026-08-16 19:19:01,330 ThreadPoolExecutor-0_6 INFO rep_moldova_studio__3OLJk5a0dU_100s-410s.mp4: decoder completed
2026-08-16 19:19:01,738 ThreadPoolExecutor-0_6 INFO rep_moldova_studio_oF-YSsRJG6k_60s-1200s.mp4: decoder started (frames=57180, 1920x1080, fps=50.000)
2026-08-16 19:19:02,861 MainThread INFO GPU inference started for 512 sampled frames
2026-08-16 19:19:07,216 MainThread INFO GPU inference completed for 512 sampled frames
2026-08-16 19:19:07,242 MainThread INFO rep_moldova_studio_R4ch3Cu8FJA_720s-1020s.mp4: wrote ../videos_extracted/rep_moldova_studio_R4ch3Cu8FJA_720s-1020s/detections.json with 1500 sampled frames
2026-08-16 19:19:07,271 MainThread INFO rep_moldova_studio__3OLJk5a0dU_100s-410s.mp4: wrote ../videos_extracted/rep_moldova_studio__3OLJk5a0dU_100s-410s/detections.json with 1551 sampled frames
2026-08-16 19:19:14,787 MainThread INFO GPU inference started for 512 sampled frames
2026-08-16 19:19:19,135 MainThread INFO GPU inference completed for 512 sampled frames
2026-08-16 19:19:28,391 MainThread INFO GPU inference started for 512 sampled frames
2026-08-16 19:19:32,694 MainThread INFO GPU inference completed for 512 sampled frames
2026-08-16 19:19:41,588 MainThread INFO GPU inference started for 512 sampled frames
2026-08-16 19:19:45,896 MainThread INFO GPU inference completed for 512 sampled frames
2026-08-16 19:19:54,753 MainThread INFO GPU inference started for 512 sampled frames
2026-08-16 19:19:59,042 MainThread INFO GPU inference completed for 512 sampled frames
2026-08-16 19:20:07,166 MainThread INFO GPU inference started for 512 sampled frames
2026-08-16 19:20:11,486 MainThread INFO GPU inference completed for 512 sampled frames
2026-08-16 19:20:19,573 MainThread INFO GPU inference started for 512 sampled frames
2026-08-16 19:20:23,764 MainThread INFO GPU inference completed for 512 sampled frames
2026-08-16 19:20:33,231 MainThread INFO GPU inference started for 512 sampled frames
2026-08-16 19:20:37,632 MainThread INFO GPU inference completed for 512 sampled frames
2026-08-16 19:20:46,031 MainThread INFO GPU inference started for 512 sampled frames
2026-08-16 19:20:50,004 ThreadPoolExecutor-0_7 INFO rep_moldova_studio_dH3Vz_hv85I_4230s-4907s.mp4: decoder completed
2026-08-16 19:20:50,208 MainThread INFO GPU inference completed for 512 sampled frames
2026-08-16 19:20:50,331 ThreadPoolExecutor-0_7 INFO rep_moldova_studio_sQ3QrGvK03E_570s-900s.mp4: decoder started (frames=16636, 1920x1080, fps=50.000)
2026-08-16 19:20:59,786 MainThread INFO GPU inference started for 512 sampled frames
2026-08-16 19:21:03,938 ThreadPoolExecutor-0_1 INFO rep_moldova_studio_fWy0004OAjQ_150s-460s.mp4: decoder completed
2026-08-16 19:21:04,078 MainThread INFO GPU inference completed for 512 sampled frames
2026-08-16 19:21:04,131 MainThread INFO rep_moldova_studio_dH3Vz_hv85I_4230s-4907s.mp4: wrote ../videos_extracted/rep_moldova_studio_dH3Vz_hv85I_4230s-4907s/detections.json with 3385 sampled frames
2026-08-16 19:21:04,237 ThreadPoolExecutor-0_1 INFO rep_moldova_studio_skGutkhWlqw_1690s-2080s.mp4: decoder started (frames=19614, 1920x1080, fps=50.000)
2026-08-16 19:21:13,507 MainThread INFO GPU inference started for 512 sampled frames
2026-08-16 19:21:17,898 MainThread INFO GPU inference completed for 512 sampled frames
2026-08-16 19:21:17,922 MainThread INFO rep_moldova_studio_fWy0004OAjQ_150s-460s.mp4: wrote ../videos_extracted/rep_moldova_studio_fWy0004OAjQ_150s-460s/detections.json with 1550 sampled frames
2026-08-16 19:21:20,982 ThreadPoolExecutor-0_0 INFO rep_moldova_studio_frBTWyXiPF0_180s-480s.mp4: decoder completed
2026-08-16 19:21:21,300 ThreadPoolExecutor-0_0 INFO rep_moldova_studio_snmhjJR_SkI_715s-908s.mp4: decoder started (frames=9760, 1920x1080, fps=50.000)
2026-08-16 19:21:27,431 MainThread INFO GPU inference started for 512 sampled frames
2026-08-16 19:21:31,799 MainThread INFO GPU inference completed for 512 sampled frames
2026-08-16 19:21:31,826 MainThread INFO rep_moldova_studio_frBTWyXiPF0_180s-480s.mp4: wrote ../videos_extracted/rep_moldova_studio_frBTWyXiPF0_180s-480s/detections.json with 1501 sampled frames
2026-08-16 19:21:39,099 ThreadPoolExecutor-0_3 INFO rep_moldova_studio_dUexyIZhBRA_196s-600s.mp4: decoder completed
2026-08-16 19:21:39,100 MainThread INFO GPU inference started for 512 sampled frames
2026-08-16 19:21:39,432 ThreadPoolExecutor-0_3 INFO rep_moldova_studio_yB7lYXxq92k_1765s-2160s.mp4: decoder started (frames=9915, 1920x1080, fps=25.000)
2026-08-16 19:21:43,494 MainThread INFO GPU inference completed for 512 sampled frames
2026-08-16 19:21:47,413 MainThread INFO GPU inference started for 512 sampled frames
2026-08-16 19:21:52,020 MainThread INFO GPU inference completed for 512 sampled frames
2026-08-16 19:21:52,055 MainThread INFO rep_moldova_studio_dUexyIZhBRA_196s-600s.mp4: wrote ../videos_extracted/rep_moldova_studio_dUexyIZhBRA_196s-600s/detections.json with 2020 sampled frames
2026-08-16 19:21:59,279 MainThread INFO GPU inference started for 512 sampled frames
2026-08-16 19:22:03,588 MainThread INFO GPU inference completed for 512 sampled frames
2026-08-16 19:22:11,457 MainThread INFO GPU inference started for 512 sampled frames
2026-08-16 19:22:15,560 MainThread INFO GPU inference completed for 512 sampled frames
2026-08-16 19:22:25,170 MainThread INFO GPU inference started for 512 sampled frames
2026-08-16 19:22:29,492 MainThread INFO GPU inference completed for 512 sampled frames
2026-08-16 19:22:38,026 MainThread INFO GPU inference started for 512 sampled frames
2026-08-16 19:22:42,307 MainThread INFO GPU inference completed for 512 sampled frames
2026-08-16 19:22:49,006 MainThread INFO GPU inference started for 512 sampled frames
2026-08-16 19:22:53,308 MainThread INFO GPU inference completed for 512 sampled frames
2026-08-16 19:23:01,915 MainThread INFO GPU inference started for 512 sampled frames
2026-08-16 19:23:06,229 MainThread INFO GPU inference completed for 512 sampled frames
2026-08-16 19:23:13,458 ThreadPoolExecutor-0_4 INFO rep_moldova_studio_R3tBFVeAh6M_253s-853s.mp4: decoder completed
2026-08-16 19:23:13,770 ThreadPoolExecutor-0_4 INFO transilvania_itw_-Ia-qL86HZU_full.mp4: decoder started (frames=7130, 1920x1080, fps=29.970)
2026-08-16 19:23:14,149 MainThread INFO GPU inference started for 512 sampled frames
2026-08-16 19:23:18,271 MainThread INFO GPU inference completed for 512 sampled frames
2026-08-16 19:23:18,323 MainThread INFO rep_moldova_studio_R3tBFVeAh6M_253s-853s.mp4: wrote ../videos_extracted/rep_moldova_studio_R3tBFVeAh6M_253s-853s/detections.json with 3000 sampled frames
2026-08-16 19:23:24,045 MainThread INFO GPU inference started for 512 sampled frames
2026-08-16 19:23:28,416 MainThread INFO GPU inference completed for 512 sampled frames
2026-08-16 19:23:34,993 MainThread INFO GPU inference started for 512 sampled frames
2026-08-16 19:23:39,427 MainThread INFO GPU inference completed for 512 sampled frames
2026-08-16 19:23:46,840 MainThread INFO GPU inference started for 512 sampled frames
2026-08-16 19:23:51,288 MainThread INFO GPU inference completed for 512 sampled frames
2026-08-16 19:23:58,985 MainThread INFO GPU inference started for 512 sampled frames
2026-08-16 19:24:03,357 MainThread INFO GPU inference completed for 512 sampled frames
2026-08-16 19:24:10,225 MainThread INFO GPU inference started for 512 sampled frames
2026-08-16 19:24:14,449 MainThread INFO GPU inference completed for 512 sampled frames
2026-08-16 19:24:16,953 ThreadPoolExecutor-0_2 INFO rep_moldova_studio_lcYC8GwV5fw_300s-720s.mp4: decoder completed
2026-08-16 19:24:17,356 ThreadPoolExecutor-0_2 INFO transilvania_itw_0cnAl-z9wrM_70s-276s.mp4: decoder started (frames=5157, 1920x1080, fps=25.000)
2026-08-16 19:24:22,403 MainThread INFO GPU inference started for 512 sampled frames
2026-08-16 19:24:26,825 MainThread INFO GPU inference completed for 512 sampled frames
2026-08-16 19:24:26,859 MainThread INFO rep_moldova_studio_lcYC8GwV5fw_300s-720s.mp4: wrote ../videos_extracted/rep_moldova_studio_lcYC8GwV5fw_300s-720s/detections.json with 2100 sampled frames
2026-08-16 19:24:29,489 MainThread INFO GPU inference started for 512 sampled frames
2026-08-16 19:24:33,833 MainThread INFO GPU inference completed for 512 sampled frames
2026-08-16 19:24:42,633 MainThread INFO GPU inference started for 512 sampled frames
2026-08-16 19:24:46,479 ThreadPoolExecutor-0_0 INFO rep_moldova_studio_snmhjJR_SkI_715s-908s.mp4: decoder completed
2026-08-16 19:24:46,839 ThreadPoolExecutor-0_0 INFO transilvania_itw_1Dgv2Uy_Ig8_760s-1088s.mp4: decoder started (frames=8307, 1920x1080, fps=25.000)
2026-08-16 19:24:46,846 MainThread INFO GPU inference completed for 512 sampled frames
2026-08-16 19:24:47,631 ThreadPoolExecutor-0_5 INFO rep_moldova_studio_o5i9cc7oe38_90s-420s.mp4: decoder completed
2026-08-16 19:24:47,999 ThreadPoolExecutor-0_5 INFO transilvania_itw_1NkDvRq34vs_full.mp4: decoder started (frames=8782, 1920x1080, fps=29.970)
2026-08-16 19:24:51,209 MainThread INFO GPU inference started for 512 sampled frames
2026-08-16 19:24:55,494 MainThread INFO GPU inference completed for 512 sampled frames
2026-08-16 19:24:55,514 MainThread INFO rep_moldova_studio_snmhjJR_SkI_715s-908s.mp4: wrote ../videos_extracted/rep_moldova_studio_snmhjJR_SkI_715s-908s/detections.json with 965 sampled frames
2026-08-16 19:24:55,542 MainThread INFO rep_moldova_studio_o5i9cc7oe38_90s-420s.mp4: wrote ../videos_extracted/rep_moldova_studio_o5i9cc7oe38_90s-420s/detections.json with 1651 sampled frames
2026-08-16 19:24:58,887 MainThread INFO GPU inference started for 512 sampled frames
2026-08-16 19:25:03,285 MainThread INFO GPU inference completed for 512 sampled frames
2026-08-16 19:25:07,277 MainThread INFO GPU inference started for 512 sampled frames
2026-08-16 19:25:08,355 ThreadPoolExecutor-0_3 INFO rep_moldova_studio_yB7lYXxq92k_1765s-2160s.mp4: decoder completed
2026-08-16 19:25:08,741 ThreadPoolExecutor-0_3 INFO transilvania_itw_1UTGWMoCbKw_0s-171s.mp4: decoder started (frames=5126, 1280x720, fps=29.970)
2026-08-16 19:25:11,652 MainThread INFO GPU inference completed for 512 sampled frames
2026-08-16 19:25:15,184 MainThread INFO GPU inference started for 512 sampled frames
2026-08-16 19:25:20,732 MainThread INFO GPU inference completed for 512 sampled frames
2026-08-16 19:25:20,765 MainThread INFO rep_moldova_studio_yB7lYXxq92k_1765s-2160s.mp4: wrote ../videos_extracted/rep_moldova_studio_yB7lYXxq92k_1765s-2160s/detections.json with 1975 sampled frames
2026-08-16 19:25:24,724 MainThread INFO GPU inference started for 512 sampled frames
2026-08-16 19:25:30,535 MainThread INFO GPU inference completed for 512 sampled frames
2026-08-16 19:25:32,721 MainThread INFO GPU inference started for 512 sampled frames
2026-08-16 19:25:38,526 MainThread INFO GPU inference completed for 512 sampled frames
2026-08-16 19:25:38,606 MainThread INFO GPU inference started for 512 sampled frames
2026-08-16 19:25:44,453 MainThread INFO GPU inference completed for 512 sampled frames
2026-08-16 19:25:46,222 ThreadPoolExecutor-0_4 INFO transilvania_itw_-Ia-qL86HZU_full.mp4: decoder completed
2026-08-16 19:25:46,225 MainThread INFO GPU inference started for 512 sampled frames
2026-08-16 19:25:46,558 ThreadPoolExecutor-0_4 INFO transilvania_itw_1xSD71sMTB0_408s-875s.mp4: decoder started (frames=11751, 656x480, fps=25.000)
2026-08-16 19:25:48,726 ThreadPoolExecutor-0_3 INFO transilvania_itw_1UTGWMoCbKw_0s-171s.mp4: decoder completed
2026-08-16 19:25:49,045 ThreadPoolExecutor-0_3 INFO transilvania_itw_2glCHsqvy-A_full.mp4: decoder started (frames=3548, 1080x1920, fps=25.000)
2026-08-16 19:25:52,204 MainThread INFO GPU inference completed for 512 sampled frames
2026-08-16 19:25:52,208 MainThread INFO GPU inference started for 512 sampled frames
2026-08-16 19:25:57,901 MainThread INFO GPU inference completed for 512 sampled frames
2026-08-16 19:25:57,922 MainThread INFO transilvania_itw_-Ia-qL86HZU_full.mp4: wrote ../videos_extracted/transilvania_itw_-Ia-qL86HZU_full/detections.json with 1189 sampled frames
2026-08-16 19:25:57,983 MainThread INFO transilvania_itw_1UTGWMoCbKw_0s-171s.mp4: wrote ../videos_extracted/transilvania_itw_1UTGWMoCbKw_0s-171s/detections.json with 855 sampled frames
2026-08-16 19:25:57,989 MainThread INFO GPU inference started for 512 sampled frames
2026-08-16 19:26:03,621 MainThread INFO GPU inference completed for 512 sampled frames
2026-08-16 19:26:03,624 MainThread INFO GPU inference started for 512 sampled frames
2026-08-16 19:26:08,543 ThreadPoolExecutor-0_2 INFO transilvania_itw_0cnAl-z9wrM_70s-276s.mp4: decoder completed
2026-08-16 19:26:08,803 ThreadPoolExecutor-0_2 INFO transilvania_itw_3JU34CNb-dk_0s-440s.mp4: decoder started (frames=13200, 3840x2160, fps=30.000)
2026-08-16 19:26:08,918 MainThread INFO GPU inference completed for 512 sampled frames
2026-08-16 19:26:08,921 MainThread INFO GPU inference started for 512 sampled frames
2026-08-16 19:26:14,387 MainThread INFO GPU inference completed for 512 sampled frames
2026-08-16 19:26:14,391 MainThread INFO GPU inference started for 512 sampled frames
2026-08-16 19:26:15,178 ThreadPoolExecutor-0_4 INFO transilvania_itw_1xSD71sMTB0_408s-875s.mp4: decoder completed
2026-08-16 19:26:15,604 ThreadPoolExecutor-0_4 INFO transilvania_itw_4hkblcAxrqk_0s-348s.mp4: decoder started (frames=8701, 1920x1080, fps=25.000)
2026-08-16 19:26:19,804 MainThread INFO GPU inference completed for 512 sampled frames
2026-08-16 19:26:19,808 MainThread INFO GPU inference started for 512 sampled frames
2026-08-16 19:26:25,111 MainThread INFO GPU inference completed for 512 sampled frames
2026-08-16 19:26:25,130 MainThread INFO transilvania_itw_0cnAl-z9wrM_70s-276s.mp4: wrote ../videos_extracted/transilvania_itw_0cnAl-z9wrM_70s-276s/detections.json with 1031 sampled frames
2026-08-16 19:26:25,134 MainThread INFO GPU inference started for 512 sampled frames
2026-08-16 19:26:30,689 MainThread INFO GPU inference completed for 512 sampled frames
2026-08-16 19:26:30,696 MainThread INFO GPU inference started for 512 sampled frames
2026-08-16 19:26:36,222 MainThread INFO GPU inference completed for 512 sampled frames
2026-08-16 19:26:36,258 MainThread INFO transilvania_itw_1xSD71sMTB0_408s-875s.mp4: wrote ../videos_extracted/transilvania_itw_1xSD71sMTB0_408s-875s/detections.json with 2336 sampled frames
2026-08-16 19:26:36,262 MainThread INFO GPU inference started for 512 sampled frames
2026-08-16 19:26:42,197 MainThread INFO GPU inference completed for 512 sampled frames
2026-08-16 19:26:42,293 MainThread INFO GPU inference started for 512 sampled frames
2026-08-16 19:26:46,919 ThreadPoolExecutor-0_7 INFO rep_moldova_studio_sQ3QrGvK03E_570s-900s.mp4: decoder completed
2026-08-16 19:26:47,275 ThreadPoolExecutor-0_7 INFO transilvania_itw_5Y7Y20X-9zk_1398s-1776s.mp4: decoder started (frames=9601, 1920x1080, fps=25.000)
2026-08-16 19:26:48,129 MainThread INFO GPU inference completed for 512 sampled frames
2026-08-16 19:26:50,918 MainThread INFO GPU inference started for 512 sampled frames
2026-08-16 19:26:56,653 MainThread INFO GPU inference completed for 512 sampled frames
2026-08-16 19:26:56,683 MainThread INFO rep_moldova_studio_sQ3QrGvK03E_570s-900s.mp4: wrote ../videos_extracted/rep_moldova_studio_sQ3QrGvK03E_570s-900s/detections.json with 1650 sampled frames
2026-08-16 19:26:59,003 MainThread INFO GPU inference started for 512 sampled frames
2026-08-16 19:27:04,869 MainThread INFO GPU inference completed for 512 sampled frames
2026-08-16 19:27:06,390 ThreadPoolExecutor-0_3 INFO transilvania_itw_2glCHsqvy-A_full.mp4: decoder completed
2026-08-16 19:27:06,703 ThreadPoolExecutor-0_3 INFO transilvania_itw_6VuFc2A7SB8_full.mp4: decoder started (frames=6144, 1280x720, fps=29.970)
2026-08-16 19:27:09,406 MainThread INFO GPU inference started for 512 sampled frames
2026-08-16 19:27:15,334 MainThread INFO GPU inference completed for 512 sampled frames
2026-08-16 19:27:15,357 MainThread INFO transilvania_itw_2glCHsqvy-A_full.mp4: wrote ../videos_extracted/transilvania_itw_2glCHsqvy-A_full/detections.json with 710 sampled frames
2026-08-16 19:27:15,360 MainThread INFO GPU inference started for 512 sampled frames
2026-08-16 19:27:21,246 MainThread INFO GPU inference completed for 512 sampled frames
2026-08-16 19:27:23,406 MainThread INFO GPU inference started for 512 sampled frames
2026-08-16 19:27:29,206 MainThread INFO GPU inference completed for 512 sampled frames
2026-08-16 19:27:29,748 MainThread INFO GPU inference started for 512 sampled frames
2026-08-16 19:27:35,712 MainThread INFO GPU inference completed for 512 sampled frames
2026-08-16 19:27:37,830 MainThread INFO GPU inference started for 512 sampled frames
2026-08-16 19:27:42,298 ThreadPoolExecutor-0_0 INFO transilvania_itw_1Dgv2Uy_Ig8_760s-1088s.mp4: decoder completed
2026-08-16 19:27:42,619 ThreadPoolExecutor-0_0 INFO transilvania_itw_6oBqSDZmUOA_full.mp4: decoder started (frames=15652, 1920x1080, fps=50.000)
2026-08-16 19:27:43,622 MainThread INFO GPU inference completed for 512 sampled frames
2026-08-16 19:27:46,187 MainThread INFO GPU inference started for 512 sampled frames
2026-08-16 19:27:51,473 ThreadPoolExecutor-0_3 INFO transilvania_itw_6VuFc2A7SB8_full.mp4: decoder completed
2026-08-16 19:27:51,726 MainThread INFO GPU inference completed for 512 sampled frames
2026-08-16 19:27:51,770 ThreadPoolExecutor-0_3 INFO transilvania_itw_9EgA4QoK3VY_full.mp4: decoder started (frames=8063, 1280x720, fps=29.970)
2026-08-16 19:27:51,777 MainThread INFO transilvania_itw_1Dgv2Uy_Ig8_760s-1088s.mp4: wrote ../videos_extracted/transilvania_itw_1Dgv2Uy_Ig8_760s-1088s/detections.json with 1641 sampled frames
2026-08-16 19:27:52,758 MainThread INFO GPU inference started for 512 sampled frames
2026-08-16 19:27:57,372 ThreadPoolExecutor-0_5 INFO transilvania_itw_1NkDvRq34vs_full.mp4: decoder completed
2026-08-16 19:27:57,736 ThreadPoolExecutor-0_5 INFO transilvania_itw_AIg6JjzPiSI_0s-600s.mp4: decoder started (frames=17984, 1920x1080, fps=29.970)
2026-08-16 19:27:58,307 MainThread INFO GPU inference completed for 512 sampled frames
2026-08-16 19:27:58,346 MainThread INFO transilvania_itw_6VuFc2A7SB8_full.mp4: wrote ../videos_extracted/transilvania_itw_6VuFc2A7SB8_full/detections.json with 1024 sampled frames
2026-08-16 19:27:59,545 ThreadPoolExecutor-0_1 INFO rep_moldova_studio_skGutkhWlqw_1690s-2080s.mp4: decoder completed
2026-08-16 19:27:59,976 MainThread INFO GPU inference started for 512 sampled frames
2026-08-16 19:27:59,999 ThreadPoolExecutor-0_1 INFO transilvania_itw_Ak1duaxrp60_129s-447s.mp4: decoder started (frames=7976, 1920x1080, fps=25.000)
2026-08-16 19:28:06,167 MainThread INFO GPU inference completed for 512 sampled frames
2026-08-16 19:28:06,191 MainThread INFO transilvania_itw_1NkDvRq34vs_full.mp4: wrote ../videos_extracted/transilvania_itw_1NkDvRq34vs_full/detections.json with 1464 sampled frames
2026-08-16 19:28:06,223 MainThread INFO rep_moldova_studio_skGutkhWlqw_1690s-2080s.mp4: wrote ../videos_extracted/rep_moldova_studio_skGutkhWlqw_1690s-2080s/detections.json with 1950 sampled frames
2026-08-16 19:28:08,864 MainThread INFO GPU inference started for 512 sampled frames
2026-08-16 19:28:14,489 MainThread INFO GPU inference completed for 512 sampled frames
2026-08-16 19:28:16,528 MainThread INFO GPU inference started for 512 sampled frames
2026-08-16 19:28:22,542 MainThread INFO GPU inference completed for 512 sampled frames
2026-08-16 19:28:22,894 MainThread INFO GPU inference started for 512 sampled frames
2026-08-16 19:28:28,874 MainThread INFO GPU inference completed for 512 sampled frames
2026-08-16 19:28:30,291 MainThread INFO GPU inference started for 512 sampled frames
2026-08-16 19:28:36,060 MainThread INFO GPU inference completed for 512 sampled frames
2026-08-16 19:28:37,744 MainThread INFO GPU inference started for 512 sampled frames
2026-08-16 19:28:43,834 MainThread INFO GPU inference completed for 512 sampled frames
2026-08-16 19:28:46,012 MainThread INFO GPU inference started for 512 sampled frames
2026-08-16 19:28:51,737 MainThread INFO GPU inference completed for 512 sampled frames
2026-08-16 19:28:52,675 MainThread INFO GPU inference started for 512 sampled frames
2026-08-16 19:28:53,484 ThreadPoolExecutor-0_3 INFO transilvania_itw_9EgA4QoK3VY_full.mp4: decoder completed
2026-08-16 19:28:53,823 ThreadPoolExecutor-0_3 INFO transilvania_itw_BAaEbqM3hpM_full.mp4: decoder started (frames=2415, 1920x1080, fps=25.000)
2026-08-16 19:28:58,352 MainThread INFO GPU inference completed for 512 sampled frames
2026-08-16 19:29:00,583 MainThread INFO GPU inference started for 512 sampled frames
2026-08-16 19:29:06,280 MainThread INFO GPU inference completed for 512 sampled frames
2026-08-16 19:29:06,639 MainThread INFO transilvania_itw_9EgA4QoK3VY_full.mp4: wrote ../videos_extracted/transilvania_itw_9EgA4QoK3VY_full/detections.json with 1344 sampled frames
2026-08-16 19:29:10,549 MainThread INFO GPU inference started for 512 sampled frames
2026-08-16 19:29:14,991 MainThread INFO GPU inference completed for 512 sampled frames
2026-08-16 19:29:19,076 MainThread INFO GPU inference started for 512 sampled frames
2026-08-16 19:29:20,442 ThreadPoolExecutor-0_4 INFO transilvania_itw_4hkblcAxrqk_0s-348s.mp4: decoder completed
2026-08-16 19:29:20,884 ThreadPoolExecutor-0_4 INFO transilvania_itw_BXkMEhe31XY_0s-300s.mp4: decoder started (frames=8993, 1920x1080, fps=29.970)
2026-08-16 19:29:23,706 MainThread INFO GPU inference completed for 512 sampled frames
2026-08-16 19:29:27,763 MainThread INFO GPU inference started for 512 sampled frames
2026-08-16 19:29:33,693 MainThread INFO GPU inference completed for 512 sampled frames
2026-08-16 19:29:33,752 MainThread INFO transilvania_itw_4hkblcAxrqk_0s-348s.mp4: wrote ../videos_extracted/transilvania_itw_4hkblcAxrqk_0s-348s/detections.json with 1741 sampled frames
2026-08-16 19:29:38,666 MainThread INFO GPU inference started for 512 sampled frames
2026-08-16 19:29:42,968 MainThread INFO GPU inference completed for 512 sampled frames
2026-08-16 19:29:45,463 ThreadPoolExecutor-0_3 INFO transilvania_itw_BAaEbqM3hpM_full.mp4: decoder completed
2026-08-16 19:29:45,876 ThreadPoolExecutor-0_3 INFO transilvania_itw_DQa2uPC7N1A_full.mp4: decoder started (frames=2777, 1920x1080, fps=23.976)
2026-08-16 19:29:49,741 MainThread INFO GPU inference started for 512 sampled frames
2026-08-16 19:29:54,162 MainThread INFO GPU inference completed for 512 sampled frames
2026-08-16 19:29:54,171 MainThread INFO transilvania_itw_BAaEbqM3hpM_full.mp4: wrote ../videos_extracted/transilvania_itw_BAaEbqM3hpM_full/detections.json with 483 sampled frames
2026-08-16 19:29:58,513 MainThread INFO GPU inference started for 512 sampled frames
2026-08-16 19:30:02,766 MainThread INFO GPU inference completed for 512 sampled frames
2026-08-16 19:30:08,425 MainThread INFO GPU inference started for 512 sampled frames
2026-08-16 19:30:08,512 ThreadPoolExecutor-0_7 INFO transilvania_itw_5Y7Y20X-9zk_1398s-1776s.mp4: decoder completed
2026-08-16 19:30:08,847 ThreadPoolExecutor-0_7 INFO transilvania_itw_Dg8mZb62zj8_full.mp4: decoder started (frames=4272, 1920x1080, fps=29.970)
2026-08-16 19:30:14,376 MainThread INFO GPU inference completed for 512 sampled frames
2026-08-16 19:30:17,727 MainThread INFO GPU inference started for 512 sampled frames
2026-08-16 19:30:22,278 MainThread INFO GPU inference completed for 512 sampled frames
2026-08-16 19:30:22,313 MainThread INFO transilvania_itw_5Y7Y20X-9zk_1398s-1776s.mp4: wrote ../videos_extracted/transilvania_itw_5Y7Y20X-9zk_1398s-1776s/detections.json with 1891 sampled frames
2026-08-16 19:30:26,613 MainThread INFO GPU inference started for 512 sampled frames
2026-08-16 19:30:31,204 MainThread INFO GPU inference completed for 512 sampled frames
2026-08-16 19:30:34,795 MainThread INFO GPU inference started for 512 sampled frames
2026-08-16 19:30:40,430 MainThread INFO GPU inference completed for 512 sampled frames
2026-08-16 19:30:44,882 ThreadPoolExecutor-0_3 INFO transilvania_itw_DQa2uPC7N1A_full.mp4: decoder completed
2026-08-16 19:30:44,887 MainThread INFO GPU inference started for 512 sampled frames
2026-08-16 19:30:45,366 ThreadPoolExecutor-0_3 INFO transilvania_itw_EVr0CzpDfvY_full.mp4: decoder started (frames=8874, 1920x1080, fps=25.000)
2026-08-16 19:30:49,089 MainThread INFO GPU inference completed for 512 sampled frames
2026-08-16 19:30:52,633 ThreadPoolExecutor-0_1 INFO transilvania_itw_Ak1duaxrp60_129s-447s.mp4: decoder completed
2026-08-16 19:30:52,998 ThreadPoolExecutor-0_1 INFO transilvania_itw_JN5XTTn2uUo_0s-200s.mp4: decoder started (frames=5996, 1280x720, fps=29.970)
2026-08-16 19:30:55,853 MainThread INFO GPU inference started for 512 sampled frames
2026-08-16 19:31:01,516 MainThread INFO GPU inference completed for 512 sampled frames
2026-08-16 19:31:01,533 MainThread INFO transilvania_itw_DQa2uPC7N1A_full.mp4: wrote ../videos_extracted/transilvania_itw_DQa2uPC7N1A_full/detections.json with 556 sampled frames
2026-08-16 19:31:01,559 MainThread INFO transilvania_itw_Ak1duaxrp60_129s-447s.mp4: wrote ../videos_extracted/transilvania_itw_Ak1duaxrp60_129s-447s/detections.json with 1591 sampled frames
2026-08-16 19:31:07,243 MainThread INFO GPU inference started for 512 sampled frames
2026-08-16 19:31:12,610 MainThread INFO GPU inference completed for 512 sampled frames
2026-08-16 19:31:12,613 MainThread INFO GPU inference started for 512 sampled frames
2026-08-16 19:31:18,176 MainThread INFO GPU inference completed for 512 sampled frames
2026-08-16 19:31:21,159 MainThread INFO GPU inference started for 512 sampled frames
2026-08-16 19:31:26,640 MainThread INFO GPU inference completed for 512 sampled frames
2026-08-16 19:31:27,863 MainThread INFO GPU inference started for 512 sampled frames
2026-08-16 19:31:33,308 MainThread INFO GPU inference completed for 512 sampled frames
2026-08-16 19:31:35,742 MainThread INFO GPU inference started for 512 sampled frames
2026-08-16 19:31:36,815 ThreadPoolExecutor-0_1 INFO transilvania_itw_JN5XTTn2uUo_0s-200s.mp4: decoder completed
2026-08-16 19:31:37,157 ThreadPoolExecutor-0_1 INFO transilvania_itw_KyCwGL0aMQg_full.mp4: decoder started (frames=2493, 1920x1080, fps=23.976)
2026-08-16 19:31:41,430 MainThread INFO GPU inference completed for 512 sampled frames
2026-08-16 19:31:43,734 MainThread INFO GPU inference started for 512 sampled frames
2026-08-16 19:31:44,695 ThreadPoolExecutor-0_7 INFO transilvania_itw_Dg8mZb62zj8_full.mp4: decoder completed
2026-08-16 19:31:45,053 ThreadPoolExecutor-0_7 INFO transilvania_itw_LV31NAzf3WY_full.mp4: decoder started (frames=7167, 1920x1080, fps=50.000)
2026-08-16 19:31:49,468 MainThread INFO GPU inference completed for 512 sampled frames
2026-08-16 19:31:49,486 MainThread INFO transilvania_itw_JN5XTTn2uUo_0s-200s.mp4: wrote ../videos_extracted/transilvania_itw_JN5XTTn2uUo_0s-200s/detections.json with 1000 sampled frames
2026-08-16 19:31:54,762 MainThread INFO GPU inference started for 512 sampled frames
2026-08-16 19:31:59,177 MainThread INFO GPU inference completed for 512 sampled frames
2026-08-16 19:31:59,190 MainThread INFO transilvania_itw_Dg8mZb62zj8_full.mp4: wrote ../videos_extracted/transilvania_itw_Dg8mZb62zj8_full/detections.json with 712 sampled frames
2026-08-16 19:32:06,843 MainThread INFO GPU inference started for 512 sampled frames
2026-08-16 19:32:11,182 MainThread INFO GPU inference completed for 512 sampled frames
2026-08-16 19:32:16,011 MainThread INFO GPU inference started for 512 sampled frames
2026-08-16 19:32:21,760 MainThread INFO GPU inference completed for 512 sampled frames
2026-08-16 19:32:26,498 MainThread INFO GPU inference started for 512 sampled frames
2026-08-16 19:32:30,689 MainThread INFO GPU inference completed for 512 sampled frames
2026-08-16 19:32:30,791 ThreadPoolExecutor-0_1 INFO transilvania_itw_KyCwGL0aMQg_full.mp4: decoder completed
2026-08-16 19:32:31,171 ThreadPoolExecutor-0_1 INFO transilvania_itw_NPuzmiLlRho_90s-606s.mp4: decoder started (frames=12973, 1920x1080, fps=25.000)
2026-08-16 19:32:36,735 MainThread INFO GPU inference started for 512 sampled frames
2026-08-16 19:32:38,869 ThreadPoolExecutor-0_4 INFO transilvania_itw_BXkMEhe31XY_0s-300s.mp4: decoder completed
2026-08-16 19:32:39,238 ThreadPoolExecutor-0_4 INFO transilvania_itw_RxelCFAPPCA_full.mp4: decoder started (frames=7352, 1920x1080, fps=29.970)
2026-08-16 19:32:40,945 MainThread INFO GPU inference completed for 512 sampled frames
2026-08-16 19:32:40,953 MainThread INFO transilvania_itw_KyCwGL0aMQg_full.mp4: wrote ../videos_extracted/transilvania_itw_KyCwGL0aMQg_full/detections.json with 499 sampled frames
2026-08-16 19:32:48,576 MainThread INFO GPU inference started for 512 sampled frames
2026-08-16 19:32:54,213 MainThread INFO GPU inference completed for 512 sampled frames
2026-08-16 19:32:54,238 MainThread INFO transilvania_itw_BXkMEhe31XY_0s-300s.mp4: wrote ../videos_extracted/transilvania_itw_BXkMEhe31XY_0s-300s/detections.json with 1499 sampled frames
2026-08-16 19:32:58,912 MainThread INFO GPU inference started for 512 sampled frames
2026-08-16 19:33:04,809 MainThread INFO GPU inference completed for 512 sampled frames
2026-08-16 19:33:08,903 MainThread INFO GPU inference started for 512 sampled frames
2026-08-16 19:33:13,228 MainThread INFO GPU inference completed for 512 sampled frames
2026-08-16 19:33:19,355 MainThread INFO GPU inference started for 512 sampled frames
2026-08-16 19:33:23,637 MainThread INFO GPU inference completed for 512 sampled frames
2026-08-16 19:33:25,025 ThreadPoolExecutor-0_0 INFO transilvania_itw_6oBqSDZmUOA_full.mp4: decoder completed
2026-08-16 19:33:25,411 ThreadPoolExecutor-0_0 INFO transilvania_itw_SbWbA9wjiA4_750s-1180s.mp4: decoder started (frames=10784, 1920x1080, fps=25.000)
2026-08-16 19:33:27,082 MainThread INFO GPU inference started for 512 sampled frames
2026-08-16 19:33:32,929 MainThread INFO GPU inference completed for 512 sampled frames
2026-08-16 19:33:32,955 MainThread INFO transilvania_itw_6oBqSDZmUOA_full.mp4: wrote ../videos_extracted/transilvania_itw_6oBqSDZmUOA_full/detections.json with 1566 sampled frames
2026-08-16 19:33:39,156 MainThread INFO GPU inference started for 512 sampled frames
2026-08-16 19:33:43,414 MainThread INFO GPU inference completed for 512 sampled frames
2026-08-16 19:33:48,269 MainThread INFO GPU inference started for 512 sampled frames
2026-08-16 19:33:52,662 MainThread INFO GPU inference completed for 512 sampled frames
2026-08-16 19:33:56,982 MainThread INFO GPU inference started for 512 sampled frames
2026-08-16 19:34:01,538 ThreadPoolExecutor-0_3 INFO transilvania_itw_EVr0CzpDfvY_full.mp4: decoder completed
2026-08-16 19:34:01,847 ThreadPoolExecutor-0_3 INFO transilvania_itw_UeteerBMj34_full.mp4: decoder started (frames=3382, 1080x1920, fps=25.000)
2026-08-16 19:34:02,650 MainThread INFO GPU inference completed for 512 sampled frames
2026-08-16 19:34:07,826 MainThread INFO GPU inference started for 512 sampled frames
2026-08-16 19:34:13,816 MainThread INFO GPU inference completed for 512 sampled frames
2026-08-16 19:34:13,845 MainThread INFO transilvania_itw_EVr0CzpDfvY_full.mp4: wrote ../videos_extracted/transilvania_itw_EVr0CzpDfvY_full/detections.json with 1775 sampled frames
2026-08-16 19:34:16,757 MainThread INFO GPU inference started for 512 sampled frames
2026-08-16 19:34:22,573 ThreadPoolExecutor-0_7 INFO transilvania_itw_LV31NAzf3WY_full.mp4: decoder completed
2026-08-16 19:34:22,585 MainThread INFO GPU inference completed for 512 sampled frames
2026-08-16 19:34:22,909 ThreadPoolExecutor-0_7 INFO transilvania_itw_WPCx6pLwulQ_full.mp4: decoder started (frames=8398, 1920x1080, fps=30.000)
2026-08-16 19:34:26,064 MainThread INFO GPU inference started for 512 sampled frames
2026-08-16 19:34:31,501 ThreadPoolExecutor-0_5 INFO transilvania_itw_AIg6JjzPiSI_0s-600s.mp4: decoder completed
2026-08-16 19:34:31,770 ThreadPoolExecutor-0_5 INFO transilvania_itw_fh8JHfpj2I8_0s-420s.mp4: decoder started (frames=12601, 608x1080, fps=30.000)
2026-08-16 19:34:31,882 MainThread INFO GPU inference completed for 512 sampled frames
2026-08-16 19:34:31,897 MainThread INFO transilvania_itw_LV31NAzf3WY_full.mp4: wrote ../videos_extracted/transilvania_itw_LV31NAzf3WY_full/detections.json with 717 sampled frames
2026-08-16 19:34:33,763 MainThread INFO GPU inference started for 512 sampled frames
2026-08-16 19:34:39,432 MainThread INFO GPU inference completed for 512 sampled frames
2026-08-16 19:34:39,477 MainThread INFO transilvania_itw_AIg6JjzPiSI_0s-600s.mp4: wrote ../videos_extracted/transilvania_itw_AIg6JjzPiSI_0s-600s/detections.json with 2998 sampled frames
2026-08-16 19:34:39,565 MainThread INFO GPU inference started for 512 sampled frames
2026-08-16 19:34:45,201 MainThread INFO GPU inference completed for 512 sampled frames
2026-08-16 19:34:45,772 MainThread INFO GPU inference started for 512 sampled frames
2026-08-16 19:34:51,725 MainThread INFO GPU inference completed for 512 sampled frames
2026-08-16 19:34:51,729 MainThread INFO GPU inference started for 512 sampled frames
2026-08-16 19:34:57,579 MainThread INFO GPU inference completed for 512 sampled frames
2026-08-16 19:34:59,007 MainThread INFO GPU inference started for 512 sampled frames
2026-08-16 19:35:04,964 MainThread INFO GPU inference completed for 512 sampled frames
2026-08-16 19:35:04,967 MainThread INFO GPU inference started for 512 sampled frames
2026-08-16 19:35:10,582 MainThread INFO GPU inference completed for 512 sampled frames
2026-08-16 19:35:10,618 MainThread INFO GPU inference started for 512 sampled frames
2026-08-16 19:35:12,074 ThreadPoolExecutor-0_3 INFO transilvania_itw_UeteerBMj34_full.mp4: decoder completed
2026-08-16 19:35:12,483 ThreadPoolExecutor-0_3 INFO transilvania_itw_jdLmQ0hUpHY_0s-540s.mp4: decoder started (frames=16201, 1920x1080, fps=30.000)
2026-08-16 19:35:16,397 MainThread INFO GPU inference completed for 512 sampled frames
2026-08-16 19:35:17,335 ThreadPoolExecutor-0_4 INFO transilvania_itw_RxelCFAPPCA_full.mp4: decoder completed
2026-08-16 19:35:17,682 ThreadPoolExecutor-0_4 INFO transilvania_itw_nIIclCwYacg_full.mp4: decoder started (frames=9085, 1920x1080, fps=30.000)
2026-08-16 19:35:18,105 MainThread INFO GPU inference started for 512 sampled frames
2026-08-16 19:35:23,754 MainThread INFO GPU inference completed for 512 sampled frames
2026-08-16 19:35:23,769 MainThread INFO transilvania_itw_UeteerBMj34_full.mp4: wrote ../videos_extracted/transilvania_itw_UeteerBMj34_full/detections.json with 677 sampled frames
2026-08-16 19:35:23,790 MainThread INFO transilvania_itw_RxelCFAPPCA_full.mp4: wrote ../videos_extracted/transilvania_itw_RxelCFAPPCA_full/detections.json with 1226 sampled frames
2026-08-16 19:35:23,792 MainThread INFO GPU inference started for 512 sampled frames
2026-08-16 19:35:29,313 MainThread INFO GPU inference completed for 512 sampled frames
2026-08-16 19:35:30,048 MainThread INFO GPU inference started for 512 sampled frames
2026-08-16 19:35:34,531 ThreadPoolExecutor-0_5 INFO transilvania_itw_fh8JHfpj2I8_0s-420s.mp4: decoder completed
2026-08-16 19:35:34,826 ThreadPoolExecutor-0_5 INFO transilvania_itw_nNTK44egXZY_0s-255s.mp4: decoder started (frames=7644, 1920x1080, fps=29.970)
2026-08-16 19:35:35,841 MainThread INFO GPU inference completed for 512 sampled frames
2026-08-16 19:35:36,249 MainThread INFO GPU inference started for 512 sampled frames
2026-08-16 19:35:41,889 MainThread INFO GPU inference completed for 512 sampled frames
2026-08-16 19:35:41,923 MainThread INFO transilvania_itw_fh8JHfpj2I8_0s-420s.mp4: wrote ../videos_extracted/transilvania_itw_fh8JHfpj2I8_0s-420s/detections.json with 2101 sampled frames
2026-08-16 19:35:44,279 MainThread INFO GPU inference started for 512 sampled frames
2026-08-16 19:35:49,960 MainThread INFO GPU inference completed for 512 sampled frames
2026-08-16 19:35:52,354 MainThread INFO GPU inference started for 512 sampled frames
2026-08-16 19:35:56,595 MainThread INFO GPU inference completed for 512 sampled frames
2026-08-16 19:36:03,907 MainThread INFO GPU inference started for 512 sampled frames
2026-08-16 19:36:08,382 MainThread INFO GPU inference completed for 512 sampled frames
2026-08-16 19:36:12,542 MainThread INFO GPU inference started for 512 sampled frames
2026-08-16 19:36:18,380 MainThread INFO GPU inference completed for 512 sampled frames
2026-08-16 19:36:22,613 MainThread INFO GPU inference started for 512 sampled frames
2026-08-16 19:36:27,197 MainThread INFO GPU inference completed for 512 sampled frames
2026-08-16 19:36:31,716 MainThread INFO GPU inference started for 512 sampled frames
2026-08-16 19:36:36,302 MainThread INFO GPU inference completed for 512 sampled frames
2026-08-16 19:36:41,286 MainThread INFO GPU inference started for 512 sampled frames
2026-08-16 19:36:45,654 MainThread INFO GPU inference completed for 512 sampled frames
2026-08-16 19:36:48,132 MainThread INFO GPU inference started for 512 sampled frames
2026-08-16 19:36:53,832 MainThread INFO GPU inference completed for 512 sampled frames
2026-08-16 19:36:58,328 MainThread INFO GPU inference started for 512 sampled frames
2026-08-16 19:37:02,653 MainThread INFO GPU inference completed for 512 sampled frames
2026-08-16 19:37:07,676 MainThread INFO GPU inference started for 512 sampled frames
2026-08-16 19:37:12,281 MainThread INFO GPU inference completed for 512 sampled frames
2026-08-16 19:37:12,490 ThreadPoolExecutor-0_1 INFO transilvania_itw_NPuzmiLlRho_90s-606s.mp4: decoder completed
2026-08-16 19:37:12,819 ThreadPoolExecutor-0_1 INFO transilvania_itw_ngBLDdqZ6U8_0s-406s.mp4: decoder started (frames=10151, 1920x1080, fps=25.000)
2026-08-16 19:37:15,036 MainThread INFO GPU inference started for 512 sampled frames
2026-08-16 19:37:18,225 ThreadPoolExecutor-0_0 INFO transilvania_itw_SbWbA9wjiA4_750s-1180s.mp4: decoder completed
2026-08-16 19:37:18,536 ThreadPoolExecutor-0_0 INFO transilvania_itw_nvfa6KCpbWY_full.mp4: decoder started (frames=10241, 1920x1080, fps=30.000)
2026-08-16 19:37:19,633 MainThread INFO GPU inference completed for 512 sampled frames
2026-08-16 19:37:19,677 MainThread INFO transilvania_itw_NPuzmiLlRho_90s-606s.mp4: wrote ../videos_extracted/transilvania_itw_NPuzmiLlRho_90s-606s/detections.json with 2581 sampled frames
2026-08-16 19:37:21,926 ThreadPoolExecutor-0_7 INFO transilvania_itw_WPCx6pLwulQ_full.mp4: decoder completed
2026-08-16 19:37:22,250 ThreadPoolExecutor-0_7 INFO transilvania_itw_oPED5dEh9XQ_full.mp4: decoder started (frames=5765, 1920x1080, fps=29.970)
2026-08-16 19:37:24,879 MainThread INFO GPU inference started for 512 sampled frames
2026-08-16 19:37:30,939 MainThread INFO GPU inference completed for 512 sampled frames
2026-08-16 19:37:30,972 MainThread INFO transilvania_itw_SbWbA9wjiA4_750s-1180s.mp4: wrote ../videos_extracted/transilvania_itw_SbWbA9wjiA4_750s-1180s/detections.json with 2151 sampled frames
2026-08-16 19:37:30,994 MainThread INFO transilvania_itw_WPCx6pLwulQ_full.mp4: wrote ../videos_extracted/transilvania_itw_WPCx6pLwulQ_full/detections.json with 1400 sampled frames
2026-08-16 19:37:36,992 MainThread INFO GPU inference started for 512 sampled frames
2026-08-16 19:37:41,498 MainThread INFO GPU inference completed for 512 sampled frames
2026-08-16 19:37:46,874 MainThread INFO GPU inference started for 512 sampled frames
2026-08-16 19:37:51,465 MainThread INFO GPU inference completed for 512 sampled frames
2026-08-16 19:37:53,508 MainThread INFO GPU inference started for 512 sampled frames
2026-08-16 19:37:59,312 MainThread INFO GPU inference completed for 512 sampled frames
2026-08-16 19:38:05,113 MainThread INFO GPU inference started for 512 sampled frames
2026-08-16 19:38:09,626 MainThread INFO GPU inference completed for 512 sampled frames
2026-08-16 19:38:13,640 MainThread INFO GPU inference started for 512 sampled frames
2026-08-16 19:38:18,109 MainThread INFO GPU inference completed for 512 sampled frames
2026-08-16 19:38:21,228 ThreadPoolExecutor-0_5 INFO transilvania_itw_nNTK44egXZY_0s-255s.mp4: decoder completed
2026-08-16 19:38:21,545 MainThread INFO GPU inference started for 512 sampled frames
2026-08-16 19:38:21,605 ThreadPoolExecutor-0_5 INFO transilvania_itw_pXJ9_Z1K4PA_full.mp4: decoder started (frames=3821, 1920x1080, fps=29.970)
2026-08-16 19:38:26,203 MainThread INFO GPU inference completed for 512 sampled frames
2026-08-16 19:38:26,224 MainThread INFO transilvania_itw_nNTK44egXZY_0s-255s.mp4: wrote ../videos_extracted/transilvania_itw_nNTK44egXZY_0s-255s/detections.json with 1275 sampled frames
2026-08-16 19:38:31,556 MainThread INFO GPU inference started for 512 sampled frames
2026-08-16 19:38:32,453 ThreadPoolExecutor-0_4 INFO transilvania_itw_nIIclCwYacg_full.mp4: decoder completed
2026-08-16 19:38:32,742 ThreadPoolExecutor-0_4 INFO transilvania_itw_s0UAMugeynI_full.mp4: decoder started (frames=7518, 1920x1080, fps=50.000)
2026-08-16 19:38:37,503 MainThread INFO GPU inference completed for 512 sampled frames
2026-08-16 19:38:42,791 MainThread INFO GPU inference started for 512 sampled frames
2026-08-16 19:38:47,238 MainThread INFO GPU inference completed for 512 sampled frames
2026-08-16 19:38:47,267 MainThread INFO transilvania_itw_nIIclCwYacg_full.mp4: wrote ../videos_extracted/transilvania_itw_nIIclCwYacg_full/detections.json with 1515 sampled frames
2026-08-16 19:38:53,228 MainThread INFO GPU inference started for 512 sampled frames
2026-08-16 19:38:57,793 MainThread INFO GPU inference completed for 512 sampled frames
2026-08-16 19:39:01,615 MainThread INFO GPU inference started for 512 sampled frames
2026-08-16 19:39:07,122 MainThread INFO GPU inference completed for 512 sampled frames
2026-08-16 19:39:12,297 MainThread INFO GPU inference started for 512 sampled frames
2026-08-16 19:39:16,712 MainThread INFO GPU inference completed for 512 sampled frames
2026-08-16 19:39:22,817 MainThread INFO GPU inference started for 512 sampled frames
2026-08-16 19:39:26,982 ThreadPoolExecutor-0_7 INFO transilvania_itw_oPED5dEh9XQ_full.mp4: decoder completed
2026-08-16 19:39:27,330 ThreadPoolExecutor-0_7 INFO transilvania_itw_sLKXBRxosSU_1168s-1612s.mp4: decoder started (frames=11196, 1920x1080, fps=25.000)
2026-08-16 19:39:27,342 MainThread INFO GPU inference completed for 512 sampled frames
2026-08-16 19:39:30,564 MainThread INFO GPU inference started for 512 sampled frames
2026-08-16 19:39:31,097 ThreadPoolExecutor-0_6 INFO rep_moldova_studio_oF-YSsRJG6k_60s-1200s.mp4: decoder completed
2026-08-16 19:39:31,492 ThreadPoolExecutor-0_6 INFO transilvania_itw_ssJhMM1x1OM_60s-300s.mp4: decoder started (frames=7381, 1920x1080, fps=30.000)
2026-08-16 19:39:36,456 MainThread INFO GPU inference completed for 512 sampled frames
2026-08-16 19:39:36,473 MainThread INFO transilvania_itw_oPED5dEh9XQ_full.mp4: wrote ../videos_extracted/transilvania_itw_oPED5dEh9XQ_full/detections.json with 961 sampled frames
2026-08-16 19:39:40,844 MainThread INFO GPU inference started for 512 sampled frames
2026-08-16 19:39:44,027 ThreadPoolExecutor-0_5 INFO transilvania_itw_pXJ9_Z1K4PA_full.mp4: decoder completed
2026-08-16 19:39:44,483 ThreadPoolExecutor-0_5 INFO transilvania_itw_truxjdLAE2Q_60s-360s.mp4: decoder started (frames=9041, 1920x1080, fps=30.000)
2026-08-16 19:39:47,013 MainThread INFO GPU inference completed for 512 sampled frames
2026-08-16 19:39:47,115 MainThread INFO rep_moldova_studio_oF-YSsRJG6k_60s-1200s.mp4: wrote ../videos_extracted/rep_moldova_studio_oF-YSsRJG6k_60s-1200s/detections.json with 5700 sampled frames
2026-08-16 19:39:51,945 MainThread INFO GPU inference started for 512 sampled frames
2026-08-16 19:39:56,437 MainThread INFO GPU inference completed for 512 sampled frames
2026-08-16 19:39:56,450 MainThread INFO transilvania_itw_pXJ9_Z1K4PA_full.mp4: wrote ../videos_extracted/transilvania_itw_pXJ9_Z1K4PA_full/detections.json with 637 sampled frames
2026-08-16 19:40:00,496 MainThread INFO GPU inference started for 512 sampled frames
2026-08-16 19:40:05,217 MainThread INFO GPU inference completed for 512 sampled frames
2026-08-16 19:40:08,257 MainThread INFO GPU inference started for 512 sampled frames
2026-08-16 19:40:14,209 MainThread INFO GPU inference completed for 512 sampled frames
2026-08-16 19:40:19,205 MainThread INFO GPU inference started for 512 sampled frames
2026-08-16 19:40:23,795 MainThread INFO GPU inference completed for 512 sampled frames
2026-08-16 19:40:28,358 MainThread INFO GPU inference started for 512 sampled frames
2026-08-16 19:40:32,908 MainThread INFO GPU inference completed for 512 sampled frames
2026-08-16 19:40:36,194 MainThread INFO GPU inference started for 512 sampled frames
2026-08-16 19:40:40,753 MainThread INFO GPU inference completed for 512 sampled frames
2026-08-16 19:40:44,030 MainThread INFO GPU inference started for 512 sampled frames
2026-08-16 19:40:49,820 MainThread INFO GPU inference completed for 512 sampled frames
2026-08-16 19:40:54,087 ThreadPoolExecutor-0_1 INFO transilvania_itw_ngBLDdqZ6U8_0s-406s.mp4: decoder completed
2026-08-16 19:40:54,231 MainThread INFO GPU inference started for 512 sampled frames
2026-08-16 19:40:54,428 ThreadPoolExecutor-0_1 INFO transilvania_studio_1EOVZvcZ9UQ_0s-125s.mp4: decoder started (frames=3126, 1280x720, fps=25.000)
2026-08-16 19:40:58,894 MainThread INFO GPU inference completed for 512 sampled frames
2026-08-16 19:40:58,928 MainThread INFO transilvania_itw_ngBLDdqZ6U8_0s-406s.mp4: wrote ../videos_extracted/transilvania_itw_ngBLDdqZ6U8_0s-406s/detections.json with 2031 sampled frames
2026-08-16 19:41:00,671 ThreadPoolExecutor-0_0 INFO transilvania_itw_nvfa6KCpbWY_full.mp4: decoder completed
2026-08-16 19:41:01,015 ThreadPoolExecutor-0_0 INFO transilvania_studio_1EOVZvcZ9UQ_476s-852s.mp4: decoder started (frames=9451, 1280x720, fps=25.000)
2026-08-16 19:41:02,281 MainThread INFO GPU inference started for 512 sampled frames
2026-08-16 19:41:03,140 ThreadPoolExecutor-0_3 INFO transilvania_itw_jdLmQ0hUpHY_0s-540s.mp4: decoder completed
2026-08-16 19:41:03,583 ThreadPoolExecutor-0_3 INFO transilvania_studio_35aFpC6zxgI_90s-616s.mp4: decoder started (frames=15811, 1920x1080, fps=30.000)
2026-08-16 19:41:07,728 MainThread INFO GPU inference completed for 512 sampled frames
2026-08-16 19:41:07,756 MainThread INFO transilvania_itw_nvfa6KCpbWY_full.mp4: wrote ../videos_extracted/transilvania_itw_nvfa6KCpbWY_full/detections.json with 1707 sampled frames
2026-08-16 19:41:09,996 MainThread INFO GPU inference started for 512 sampled frames
2026-08-16 19:41:15,798 MainThread INFO GPU inference completed for 512 sampled frames
2026-08-16 19:41:15,842 MainThread INFO transilvania_itw_jdLmQ0hUpHY_0s-540s.mp4: wrote ../videos_extracted/transilvania_itw_jdLmQ0hUpHY_0s-540s/detections.json with 2701 sampled frames
2026-08-16 19:41:15,843 MainThread INFO GPU inference started for 512 sampled frames
2026-08-16 19:41:18,447 ThreadPoolExecutor-0_4 INFO transilvania_itw_s0UAMugeynI_full.mp4: decoder completed
2026-08-16 19:41:18,776 ThreadPoolExecutor-0_4 INFO transilvania_studio_3JkvwteBNE0_full.mp4: decoder started (frames=7359, 848x480, fps=25.000)
2026-08-16 19:41:20,374 ThreadPoolExecutor-0_1 INFO transilvania_studio_1EOVZvcZ9UQ_0s-125s.mp4: decoder completed
2026-08-16 19:41:20,718 ThreadPoolExecutor-0_1 INFO transilvania_studio_4cx2SvIejsA_full.mp4: decoder started (frames=4678, 1920x1080, fps=25.000)
2026-08-16 19:41:21,378 MainThread INFO GPU inference completed for 512 sampled frames
2026-08-16 19:41:21,381 MainThread INFO GPU inference started for 512 sampled frames
2026-08-16 19:41:27,255 MainThread INFO GPU inference completed for 512 sampled frames
2026-08-16 19:41:27,275 MainThread INFO transilvania_itw_s0UAMugeynI_full.mp4: wrote ../videos_extracted/transilvania_itw_s0UAMugeynI_full/detections.json with 752 sampled frames
2026-08-16 19:41:27,278 MainThread INFO GPU inference started for 512 sampled frames
2026-08-16 19:41:32,733 MainThread INFO GPU inference completed for 512 sampled frames
2026-08-16 19:41:32,751 MainThread INFO transilvania_studio_1EOVZvcZ9UQ_0s-125s.mp4: wrote ../videos_extracted/transilvania_studio_1EOVZvcZ9UQ_0s-125s/detections.json with 626 sampled frames
2026-08-16 19:41:32,754 MainThread INFO GPU inference started for 512 sampled frames
2026-08-16 19:41:38,621 MainThread INFO GPU inference completed for 512 sampled frames
2026-08-16 19:41:38,625 MainThread INFO GPU inference started for 512 sampled frames
2026-08-16 19:41:42,054 ThreadPoolExecutor-0_4 INFO transilvania_studio_3JkvwteBNE0_full.mp4: decoder completed
2026-08-16 19:41:42,377 ThreadPoolExecutor-0_4 INFO transilvania_studio_6A8Qqv4MGig_28s-130s.mp4: decoder started (frames=2610, 1280x720, fps=25.000)
2026-08-16 19:41:43,809 MainThread INFO GPU inference completed for 512 sampled frames
2026-08-16 19:41:43,813 MainThread INFO GPU inference started for 512 sampled frames
2026-08-16 19:41:49,207 MainThread INFO GPU inference completed for 512 sampled frames
2026-08-16 19:41:49,210 MainThread INFO GPU inference started for 512 sampled frames
2026-08-16 19:41:54,466 MainThread INFO GPU inference completed for 512 sampled frames
2026-08-16 19:41:54,469 MainThread INFO GPU inference started for 512 sampled frames
2026-08-16 19:41:59,952 MainThread INFO GPU inference completed for 512 sampled frames
2026-08-16 19:41:59,984 MainThread INFO transilvania_studio_3JkvwteBNE0_full.mp4: wrote ../videos_extracted/transilvania_studio_3JkvwteBNE0_full/detections.json with 1472 sampled frames
2026-08-16 19:41:59,986 MainThread INFO GPU inference started for 512 sampled frames
2026-08-16 19:42:02,274 ThreadPoolExecutor-0_4 INFO transilvania_studio_6A8Qqv4MGig_28s-130s.mp4: decoder completed
2026-08-16 19:42:02,634 ThreadPoolExecutor-0_4 INFO transilvania_studio_7kE3U7jLFJA_full.mp4: decoder started (frames=3064, 720x1280, fps=25.000)
2026-08-16 19:42:05,648 MainThread INFO GPU inference completed for 512 sampled frames
2026-08-16 19:42:05,658 MainThread INFO GPU inference started for 512 sampled frames
2026-08-16 19:42:07,992 ThreadPoolExecutor-0_6 INFO transilvania_itw_ssJhMM1x1OM_60s-300s.mp4: decoder completed
2026-08-16 19:42:08,348 ThreadPoolExecutor-0_6 INFO transilvania_studio_9p2CkNVw6j0_60s-339s.mp4: decoder started (frames=7093, 1080x1920, fps=25.000)
2026-08-16 19:42:11,476 MainThread INFO GPU inference completed for 512 sampled frames
2026-08-16 19:42:11,478 MainThread INFO GPU inference started for 512 sampled frames
2026-08-16 19:42:17,084 MainThread INFO GPU inference completed for 512 sampled frames
2026-08-16 19:42:17,087 MainThread INFO GPU inference started for 512 sampled frames
2026-08-16 19:42:20,460 ThreadPoolExecutor-0_0 INFO transilvania_studio_1EOVZvcZ9UQ_476s-852s.mp4: decoder completed
2026-08-16 19:42:20,829 ThreadPoolExecutor-0_0 INFO transilvania_studio_COtnnOZ5qOI_0s-395s.mp4: decoder started (frames=9875, 1920x1080, fps=25.000)
2026-08-16 19:42:22,933 MainThread INFO GPU inference completed for 512 sampled frames
2026-08-16 19:42:22,949 MainThread INFO transilvania_studio_6A8Qqv4MGig_28s-130s.mp4: wrote ../videos_extracted/transilvania_studio_6A8Qqv4MGig_28s-130s/detections.json with 510 sampled frames
2026-08-16 19:42:22,951 MainThread INFO GPU inference started for 512 sampled frames
2026-08-16 19:42:27,356 ThreadPoolExecutor-0_4 INFO transilvania_studio_7kE3U7jLFJA_full.mp4: decoder completed
2026-08-16 19:42:27,621 ThreadPoolExecutor-0_4 ERROR transilvania_studio_COtnnOZ5qOI_1829s-2280s.mp4: decoder failed
Traceback (most recent call last):
  File "/export/home/acs/stud/a/alicuriceanu/ro-av-deepfake/ro-av-deepfake-dataset/extractor/extract_detections.py", line 101, in decode_video
    _, frame_count, width, height, source_fps = video_io.video_info(video_path)
                                                ^^^^^^^^^^^^^^^^^^^^^^^^^^^^^^^
  File "/export/home/acs/stud/a/alicuriceanu/ro-av-deepfake/ro-av-deepfake-dataset/extractor/video_io.py", line 23, in video_info
    completed = subprocess.run(command, check=True, text=True, capture_output=True)
                ^^^^^^^^^^^^^^^^^^^^^^^^^^^^^^^^^^^^^^^^^^^^^^^^^^^^^^^^^^^^^^^^^^^
  File "/export/home/acs/stud/a/alicuriceanu/.conda/envs/dataset/lib/python3.12/subprocess.py", line 571, in run
    raise CalledProcessError(retcode, process.args,
subprocess.CalledProcessError: Command '['ffprobe', '-v', 'error', '-select_streams', 'v:0', '-show_entries', 'stream=width,height,nb_frames,duration,avg_frame_rate,r_frame_rate:format=duration', '-of', 'json', '../videos_raw/transilvania_studio_COtnnOZ5qOI_1829s-2280s.mp4']' returned non-zero exit status 1.
2026-08-16 19:42:27,936 ThreadPoolExecutor-0_4 INFO transilvania_studio_COtnnOZ5qOI_902s-1387s.mp4: decoder started (frames=12223, 1920x1080, fps=25.000)
2026-08-16 19:42:28,300 MainThread INFO GPU inference completed for 512 sampled frames
2026-08-16 19:42:28,324 MainThread INFO transilvania_itw_ssJhMM1x1OM_60s-300s.mp4: wrote ../videos_extracted/transilvania_itw_ssJhMM1x1OM_60s-300s/detections.json with 1201 sampled frames
2026-08-16 19:42:28,326 MainThread INFO GPU inference started for 512 sampled frames
2026-08-16 19:42:34,134 MainThread INFO GPU inference completed for 512 sampled frames
2026-08-16 19:42:34,138 MainThread INFO GPU inference started for 512 sampled frames
2026-08-16 19:42:39,927 MainThread INFO GPU inference completed for 512 sampled frames
2026-08-16 19:42:39,971 MainThread INFO transilvania_studio_1EOVZvcZ9UQ_476s-852s.mp4: wrote ../videos_extracted/transilvania_studio_1EOVZvcZ9UQ_476s-852s/detections.json with 1881 sampled frames
2026-08-16 19:42:39,975 MainThread INFO GPU inference started for 512 sampled frames
2026-08-16 19:42:45,742 MainThread INFO GPU inference completed for 512 sampled frames
2026-08-16 19:42:45,753 MainThread INFO transilvania_studio_7kE3U7jLFJA_full.mp4: wrote ../videos_extracted/transilvania_studio_7kE3U7jLFJA_full/detections.json with 613 sampled frames
2026-08-16 19:42:45,755 MainThread INFO GPU inference started for 512 sampled frames
2026-08-16 19:42:51,739 MainThread INFO GPU inference completed for 512 sampled frames
2026-08-16 19:42:51,743 MainThread INFO GPU inference started for 512 sampled frames
2026-08-16 19:42:57,770 MainThread INFO GPU inference completed for 512 sampled frames
2026-08-16 19:42:57,774 MainThread INFO GPU inference started for 512 sampled frames
2026-08-16 19:43:01,126 ThreadPoolExecutor-0_1 INFO transilvania_studio_4cx2SvIejsA_full.mp4: decoder completed
2026-08-16 19:43:01,472 ThreadPoolExecutor-0_1 INFO transilvania_studio_DLyupW8QYTY_610s-1111s.mp4: decoder started (frames=12544, 1920x1080, fps=25.000)
2026-08-16 19:43:01,505 ThreadPoolExecutor-0_5 INFO transilvania_itw_truxjdLAE2Q_60s-360s.mp4: decoder completed
2026-08-16 19:43:02,014 ThreadPoolExecutor-0_5 INFO transilvania_studio_G-crNne-4dQ_545s-1048s.mp4: decoder started (frames=12633, 1920x1080, fps=25.000)
2026-08-16 19:43:03,780 MainThread INFO GPU inference completed for 512 sampled frames
2026-08-16 19:43:03,785 MainThread INFO GPU inference started for 512 sampled frames
2026-08-16 19:43:09,441 MainThread INFO GPU inference completed for 512 sampled frames
2026-08-16 19:43:09,443 MainThread INFO GPU inference started for 512 sampled frames
2026-08-16 19:43:15,274 MainThread INFO GPU inference completed for 512 sampled frames
2026-08-16 19:43:15,294 MainThread INFO transilvania_studio_4cx2SvIejsA_full.mp4: wrote ../videos_extracted/transilvania_studio_4cx2SvIejsA_full/detections.json with 936 sampled frames
2026-08-16 19:43:15,317 MainThread INFO transilvania_itw_truxjdLAE2Q_60s-360s.mp4: wrote ../videos_extracted/transilvania_itw_truxjdLAE2Q_60s-360s/detections.json with 1501 sampled frames
2026-08-16 19:43:16,925 MainThread INFO GPU inference started for 512 sampled frames
2026-08-16 19:43:22,817 MainThread INFO GPU inference completed for 512 sampled frames
2026-08-16 19:43:24,129 MainThread INFO GPU inference started for 512 sampled frames
2026-08-16 19:43:27,233 ThreadPoolExecutor-0_7 INFO transilvania_itw_sLKXBRxosSU_1168s-1612s.mp4: decoder completed
2026-08-16 19:43:27,685 ThreadPoolExecutor-0_7 INFO transilvania_studio_KSj3S2OT5-U_35s-548s.mp4: decoder started (frames=12926, 1280x720, fps=25.000)
2026-08-16 19:43:30,093 MainThread INFO GPU inference completed for 512 sampled frames
2026-08-16 19:43:32,538 MainThread INFO GPU inference started for 512 sampled frames
2026-08-16 19:43:38,267 MainThread INFO GPU inference completed for 512 sampled frames
2026-08-16 19:43:38,323 MainThread INFO transilvania_itw_sLKXBRxosSU_1168s-1612s.mp4: wrote ../videos_extracted/transilvania_itw_sLKXBRxosSU_1168s-1612s/detections.json with 2221 sampled frames
2026-08-16 19:43:38,326 MainThread INFO GPU inference started for 512 sampled frames
2026-08-16 19:43:43,897 MainThread INFO GPU inference completed for 512 sampled frames
2026-08-16 19:43:43,925 MainThread INFO GPU inference started for 512 sampled frames
2026-08-16 19:43:49,653 MainThread INFO GPU inference completed for 512 sampled frames
2026-08-16 19:43:50,587 MainThread INFO GPU inference started for 512 sampled frames
2026-08-16 19:43:56,662 MainThread INFO GPU inference completed for 512 sampled frames
2026-08-16 19:43:57,788 MainThread INFO GPU inference started for 512 sampled frames
2026-08-16 19:44:03,530 MainThread INFO GPU inference completed for 512 sampled frames
2026-08-16 19:44:03,949 MainThread INFO GPU inference started for 512 sampled frames
2026-08-16 19:44:09,769 MainThread INFO GPU inference completed for 512 sampled frames
2026-08-16 19:44:10,703 MainThread INFO GPU inference started for 512 sampled frames
2026-08-16 19:44:16,293 MainThread INFO GPU inference completed for 512 sampled frames
2026-08-16 19:44:17,093 MainThread INFO GPU inference started for 512 sampled frames
2026-08-16 19:44:22,753 MainThread INFO GPU inference completed for 512 sampled frames
2026-08-16 19:44:23,916 MainThread INFO GPU inference started for 512 sampled frames
2026-08-16 19:44:29,584 MainThread INFO GPU inference completed for 512 sampled frames
2026-08-16 19:44:30,565 MainThread INFO GPU inference started for 512 sampled frames
2026-08-16 19:44:36,164 MainThread INFO GPU inference completed for 512 sampled frames
2026-08-16 19:44:36,166 MainThread INFO GPU inference started for 512 sampled frames
2026-08-16 19:44:39,558 ThreadPoolExecutor-0_6 INFO transilvania_studio_9p2CkNVw6j0_60s-339s.mp4: decoder completed
2026-08-16 19:44:39,895 ThreadPoolExecutor-0_6 INFO transilvania_studio_LMLurQdho7s_full.mp4: decoder started (frames=3757, 1920x1080, fps=25.000)
2026-08-16 19:44:42,112 MainThread INFO GPU inference completed for 512 sampled frames
2026-08-16 19:44:42,116 MainThread INFO GPU inference started for 512 sampled frames
2026-08-16 19:44:47,746 MainThread INFO GPU inference completed for 512 sampled frames
2026-08-16 19:44:47,772 MainThread INFO transilvania_studio_9p2CkNVw6j0_60s-339s.mp4: wrote ../videos_extracted/transilvania_studio_9p2CkNVw6j0_60s-339s/detections.json with 1396 sampled frames
2026-08-16 19:44:47,776 MainThread INFO GPU inference started for 512 sampled frames
2026-08-16 19:44:53,220 MainThread INFO GPU inference completed for 512 sampled frames
2026-08-16 19:44:53,807 MainThread INFO GPU inference started for 512 sampled frames
2026-08-16 19:44:59,522 MainThread INFO GPU inference completed for 512 sampled frames
2026-08-16 19:45:00,418 MainThread INFO GPU inference started for 512 sampled frames
2026-08-16 19:45:06,283 MainThread INFO GPU inference completed for 512 sampled frames
2026-08-16 19:45:06,560 MainThread INFO GPU inference started for 512 sampled frames
2026-08-16 19:45:07,599 ThreadPoolExecutor-0_7 INFO transilvania_studio_KSj3S2OT5-U_35s-548s.mp4: decoder completed
2026-08-16 19:45:07,921 ThreadPoolExecutor-0_7 INFO transilvania_studio_NXK1QUgf7Hg_68s-337s.mp4: decoder started (frames=8070, 1920x1080, fps=30.000)
2026-08-16 19:45:12,039 MainThread INFO GPU inference completed for 512 sampled frames
2026-08-16 19:45:14,350 MainThread INFO GPU inference started for 512 sampled frames
2026-08-16 19:45:17,203 ThreadPoolExecutor-0_2 INFO transilvania_itw_3JU34CNb-dk_0s-440s.mp4: decoder completed
2026-08-16 19:45:17,570 ThreadPoolExecutor-0_2 INFO transilvania_studio_QIfESVsMWRU_full.mp4: decoder started (frames=2455, 1920x1080, fps=25.000)
2026-08-16 19:45:19,982 MainThread INFO GPU inference completed for 512 sampled frames
2026-08-16 19:45:20,022 MainThread INFO transilvania_studio_KSj3S2OT5-U_35s-548s.mp4: wrote ../videos_extracted/transilvania_studio_KSj3S2OT5-U_35s-548s/detections.json with 2566 sampled frames
2026-08-16 19:45:22,070 MainThread INFO GPU inference started for 512 sampled frames
2026-08-16 19:45:27,678 MainThread INFO GPU inference completed for 512 sampled frames
2026-08-16 19:45:27,715 MainThread INFO transilvania_itw_3JU34CNb-dk_0s-440s.mp4: wrote ../videos_extracted/transilvania_itw_3JU34CNb-dk_0s-440s/detections.json with 2200 sampled frames
2026-08-16 19:45:28,962 MainThread INFO GPU inference started for 512 sampled frames
2026-08-16 19:45:33,182 MainThread INFO GPU inference completed for 512 sampled frames
2026-08-16 19:45:36,459 MainThread INFO GPU inference started for 512 sampled frames
2026-08-16 19:45:40,750 MainThread INFO GPU inference completed for 512 sampled frames
2026-08-16 19:45:42,938 MainThread INFO GPU inference started for 512 sampled frames
2026-08-16 19:45:47,156 MainThread INFO GPU inference completed for 512 sampled frames
2026-08-16 19:45:49,378 MainThread INFO GPU inference started for 512 sampled frames
2026-08-16 19:45:52,942 ThreadPoolExecutor-0_0 INFO transilvania_studio_COtnnOZ5qOI_0s-395s.mp4: decoder completed
2026-08-16 19:45:53,282 ThreadPoolExecutor-0_0 INFO transilvania_studio_QgPGP6Dubx4_15s-190s.mp4: decoder started (frames=4451, 1920x1080, fps=25.000)
2026-08-16 19:45:53,572 MainThread INFO GPU inference completed for 512 sampled frames
2026-08-16 19:45:57,285 MainThread INFO GPU inference started for 512 sampled frames
2026-08-16 19:46:00,529 ThreadPoolExecutor-0_6 INFO transilvania_studio_LMLurQdho7s_full.mp4: decoder completed
2026-08-16 19:46:00,891 ThreadPoolExecutor-0_6 INFO transilvania_studio_QgPGP6Dubx4_193s-347s.mp4: decoder started (frames=3876, 1920x1080, fps=25.000)
2026-08-16 19:46:01,426 MainThread INFO GPU inference completed for 512 sampled frames
2026-08-16 19:46:01,464 MainThread INFO transilvania_studio_COtnnOZ5qOI_0s-395s.mp4: wrote ../videos_extracted/transilvania_studio_COtnnOZ5qOI_0s-395s/detections.json with 1975 sampled frames
2026-08-16 19:46:03,942 MainThread INFO GPU inference started for 512 sampled frames
2026-08-16 19:46:08,410 MainThread INFO GPU inference completed for 512 sampled frames
2026-08-16 19:46:08,422 MainThread INFO transilvania_studio_LMLurQdho7s_full.mp4: wrote ../videos_extracted/transilvania_studio_LMLurQdho7s_full/detections.json with 752 sampled frames
2026-08-16 19:46:08,674 ThreadPoolExecutor-0_2 INFO transilvania_studio_QIfESVsMWRU_full.mp4: decoder completed
2026-08-16 19:46:09,027 ThreadPoolExecutor-0_2 INFO transilvania_studio_Stt078BrPfg_1170s-1374s.mp4: decoder started (frames=10381, 1920x1080, fps=50.000)
2026-08-16 19:46:11,272 MainThread INFO GPU inference started for 512 sampled frames
2026-08-16 19:46:15,597 MainThread INFO GPU inference completed for 512 sampled frames
2026-08-16 19:46:15,608 MainThread INFO transilvania_studio_QIfESVsMWRU_full.mp4: wrote ../videos_extracted/transilvania_studio_QIfESVsMWRU_full/detections.json with 491 sampled frames
2026-08-16 19:46:19,170 MainThread INFO GPU inference started for 512 sampled frames
2026-08-16 19:46:23,631 MainThread INFO GPU inference completed for 512 sampled frames
2026-08-16 19:46:25,526 MainThread INFO GPU inference started for 512 sampled frames
2026-08-16 19:46:29,821 MainThread INFO GPU inference completed for 512 sampled frames
2026-08-16 19:46:33,165 MainThread INFO GPU inference started for 512 sampled frames
2026-08-16 19:46:37,513 MainThread INFO GPU inference completed for 512 sampled frames
2026-08-16 19:46:39,797 MainThread INFO GPU inference started for 512 sampled frames
2026-08-16 19:46:43,709 ThreadPoolExecutor-0_3 INFO transilvania_studio_35aFpC6zxgI_90s-616s.mp4: decoder completed
2026-08-16 19:46:43,981 ThreadPoolExecutor-0_3 INFO transilvania_studio_UJV5NAsA7LI_187s-500s.mp4: decoder started (frames=7968, 1080x1920, fps=25.000)
2026-08-16 19:46:44,060 MainThread INFO GPU inference completed for 512 sampled frames
2026-08-16 19:46:45,772 ThreadPoolExecutor-0_4 INFO transilvania_studio_COtnnOZ5qOI_902s-1387s.mp4: decoder completed
2026-08-16 19:46:46,102 ThreadPoolExecutor-0_4 INFO transilvania_studio_W39xQ5g1dMA_full.mp4: decoder started (frames=2793, 1920x1080, fps=25.000)
2026-08-16 19:46:47,407 MainThread INFO GPU inference started for 512 sampled frames
2026-08-16 19:46:51,788 MainThread INFO GPU inference completed for 512 sampled frames
2026-08-16 19:46:51,833 MainThread INFO transilvania_studio_35aFpC6zxgI_90s-616s.mp4: wrote ../videos_extracted/transilvania_studio_35aFpC6zxgI_90s-616s/detections.json with 2631 sampled frames
2026-08-16 19:46:51,867 MainThread INFO transilvania_studio_COtnnOZ5qOI_902s-1387s.mp4: wrote ../videos_extracted/transilvania_studio_COtnnOZ5qOI_902s-1387s/detections.json with 2425 sampled frames
2026-08-16 19:46:54,640 MainThread INFO GPU inference started for 512 sampled frames
2026-08-16 19:47:00,517 MainThread INFO GPU inference completed for 512 sampled frames
2026-08-16 19:47:02,529 MainThread INFO GPU inference started for 512 sampled frames
2026-08-16 19:47:08,457 MainThread INFO GPU inference completed for 512 sampled frames
2026-08-16 19:47:11,480 MainThread INFO GPU inference started for 512 sampled frames
2026-08-16 19:47:17,370 MainThread INFO GPU inference completed for 512 sampled frames
2026-08-16 19:47:18,175 MainThread INFO GPU inference started for 512 sampled frames
2026-08-16 19:47:20,231 ThreadPoolExecutor-0_6 INFO transilvania_studio_QgPGP6Dubx4_193s-347s.mp4: decoder completed
2026-08-16 19:47:20,652 ThreadPoolExecutor-0_6 INFO transilvania_studio_WSJHhbvI_2U_0s-398s.mp4: decoder started (frames=23881, 1920x1080, fps=60.000)
2026-08-16 19:47:23,794 ThreadPoolExecutor-0_0 INFO transilvania_studio_QgPGP6Dubx4_15s-190s.mp4: decoder completed
2026-08-16 19:47:23,917 MainThread INFO GPU inference completed for 512 sampled frames
2026-08-16 19:47:24,164 ThreadPoolExecutor-0_0 INFO transilvania_studio_WxF_L02k6EU_66s-394s.mp4: decoder started (frames=7956, 1280x720, fps=25.000)
2026-08-16 19:47:24,727 MainThread INFO GPU inference started for 512 sampled frames
2026-08-16 19:47:26,421 ThreadPoolExecutor-0_1 INFO transilvania_studio_DLyupW8QYTY_610s-1111s.mp4: decoder completed
2026-08-16 19:47:26,756 ThreadPoolExecutor-0_1 INFO transilvania_studio_X4yGHCCGRcI_0s-525s.mp4: decoder started (frames=13126, 1920x1080, fps=25.000)
2026-08-16 19:47:30,387 MainThread INFO GPU inference completed for 512 sampled frames
2026-08-16 19:47:30,402 MainThread INFO transilvania_studio_QgPGP6Dubx4_193s-347s.mp4: wrote ../videos_extracted/transilvania_studio_QgPGP6Dubx4_193s-347s/detections.json with 771 sampled frames
2026-08-16 19:47:30,416 MainThread INFO transilvania_studio_QgPGP6Dubx4_15s-190s.mp4: wrote ../videos_extracted/transilvania_studio_QgPGP6Dubx4_15s-190s/detections.json with 876 sampled frames
2026-08-16 19:47:31,526 ThreadPoolExecutor-0_5 INFO transilvania_studio_G-crNne-4dQ_545s-1048s.mp4: decoder completed
2026-08-16 19:47:31,735 MainThread INFO GPU inference started for 512 sampled frames
2026-08-16 19:47:31,873 ThreadPoolExecutor-0_5 INFO transilvania_studio_XLzbMoA4b5E_83s-282s.mp4: decoder started (frames=5106, 1080x1920, fps=25.000)
2026-08-16 19:47:37,279 MainThread INFO GPU inference completed for 512 sampled frames
2026-08-16 19:47:37,327 MainThread INFO transilvania_studio_DLyupW8QYTY_610s-1111s.mp4: wrote ../videos_extracted/transilvania_studio_DLyupW8QYTY_610s-1111s/detections.json with 2506 sampled frames
2026-08-16 19:47:37,432 MainThread INFO transilvania_studio_G-crNne-4dQ_545s-1048s.mp4: wrote ../videos_extracted/transilvania_studio_G-crNne-4dQ_545s-1048s/detections.json with 2516 sampled frames
2026-08-16 19:47:38,846 MainThread INFO GPU inference started for 512 sampled frames
2026-08-16 19:47:44,543 MainThread INFO GPU inference completed for 512 sampled frames
2026-08-16 19:47:44,736 MainThread INFO GPU inference started for 512 sampled frames
2026-08-16 19:47:44,867 ThreadPoolExecutor-0_4 INFO transilvania_studio_W39xQ5g1dMA_full.mp4: decoder completed
2026-08-16 19:47:45,234 ThreadPoolExecutor-0_4 INFO transilvania_studio___posHkHSMg_185s-259s.mp4: decoder started (frames=2333, 1920x1080, fps=30.000)
2026-08-16 19:47:50,486 MainThread INFO GPU inference completed for 512 sampled frames
2026-08-16 19:47:51,371 MainThread INFO GPU inference started for 512 sampled frames
2026-08-16 19:47:56,909 MainThread INFO GPU inference completed for 512 sampled frames
2026-08-16 19:47:56,921 MainThread INFO transilvania_studio_W39xQ5g1dMA_full.mp4: wrote ../videos_extracted/transilvania_studio_W39xQ5g1dMA_full/detections.json with 559 sampled frames
2026-08-16 19:47:57,974 MainThread INFO GPU inference started for 512 sampled frames
2026-08-16 19:47:58,403 ThreadPoolExecutor-0_7 INFO transilvania_studio_NXK1QUgf7Hg_68s-337s.mp4: decoder completed
2026-08-16 19:47:58,823 ThreadPoolExecutor-0_7 INFO transilvania_studio___posHkHSMg_96s-180s.mp4: decoder started (frames=2701, 1920x1080, fps=30.000)
2026-08-16 19:48:03,759 MainThread INFO GPU inference completed for 512 sampled frames
2026-08-16 19:48:05,032 MainThread INFO GPU inference started for 512 sampled frames
2026-08-16 19:48:10,875 MainThread INFO GPU inference completed for 512 sampled frames
2026-08-16 19:48:10,901 MainThread INFO transilvania_studio_NXK1QUgf7Hg_68s-337s.mp4: wrote ../videos_extracted/transilvania_studio_NXK1QUgf7Hg_68s-337s/detections.json with 1345 sampled frames
2026-08-16 19:48:10,904 MainThread INFO GPU inference started for 512 sampled frames
2026-08-16 19:48:16,589 MainThread INFO GPU inference completed for 512 sampled frames
2026-08-16 19:48:17,336 MainThread INFO GPU inference started for 512 sampled frames
2026-08-16 19:48:22,901 MainThread INFO GPU inference completed for 512 sampled frames
2026-08-16 19:48:24,051 ThreadPoolExecutor-0_0 INFO transilvania_studio_WxF_L02k6EU_66s-394s.mp4: decoder completed
2026-08-16 19:48:24,075 MainThread INFO GPU inference started for 512 sampled frames
2026-08-16 19:48:24,418 ThreadPoolExecutor-0_0 INFO transilvania_studio___posHkHSMg_9s-93s.mp4: decoder started (frames=2611, 1920x1080, fps=30.000)
2026-08-16 19:48:29,785 MainThread INFO GPU inference completed for 512 sampled frames
2026-08-16 19:48:29,815 MainThread INFO transilvania_studio_WxF_L02k6EU_66s-394s.mp4: wrote ../videos_extracted/transilvania_studio_WxF_L02k6EU_66s-394s/detections.json with 1569 sampled frames
2026-08-16 19:48:31,963 ThreadPoolExecutor-0_4 INFO transilvania_studio___posHkHSMg_185s-259s.mp4: decoder completed
2026-08-16 19:48:31,965 MainThread INFO GPU inference started for 512 sampled frames
2026-08-16 19:48:32,248 ThreadPoolExecutor-0_4 INFO transilvania_studio_a0SVxd7zYCs_full.mp4: decoder started (frames=2571, 1920x1080, fps=25.000)
2026-08-16 19:48:37,859 MainThread INFO GPU inference completed for 512 sampled frames
2026-08-16 19:48:39,894 MainThread INFO GPU inference started for 512 sampled frames
2026-08-16 19:48:45,692 MainThread INFO GPU inference completed for 512 sampled frames
2026-08-16 19:48:45,700 MainThread INFO transilvania_studio___posHkHSMg_185s-259s.mp4: wrote ../videos_extracted/transilvania_studio___posHkHSMg_185s-259s/detections.json with 371 sampled frames
2026-08-16 19:48:47,680 MainThread INFO GPU inference started for 512 sampled frames
2026-08-16 19:48:51,739 ThreadPoolExecutor-0_7 INFO transilvania_studio___posHkHSMg_96s-180s.mp4: decoder completed
2026-08-16 19:48:52,077 ThreadPoolExecutor-0_7 INFO transilvania_studio_aL8v6JMj6vM_0s-596s.mp4: decoder started (frames=14901, 1920x1080, fps=25.000)
2026-08-16 19:48:53,463 MainThread INFO GPU inference completed for 512 sampled frames
2026-08-16 19:48:55,973 MainThread INFO GPU inference started for 512 sampled frames
2026-08-16 19:49:01,805 MainThread INFO GPU inference completed for 512 sampled frames
2026-08-16 19:49:01,814 MainThread INFO transilvania_studio___posHkHSMg_96s-180s.mp4: wrote ../videos_extracted/transilvania_studio___posHkHSMg_96s-180s/detections.json with 421 sampled frames
2026-08-16 19:49:03,874 MainThread INFO GPU inference started for 512 sampled frames
2026-08-16 19:49:09,796 MainThread INFO GPU inference completed for 512 sampled frames
2026-08-16 19:49:11,648 MainThread INFO GPU inference started for 512 sampled frames
2026-08-16 19:49:15,398 ThreadPoolExecutor-0_5 INFO transilvania_studio_XLzbMoA4b5E_83s-282s.mp4: decoder completed
2026-08-16 19:49:15,772 ThreadPoolExecutor-0_5 INFO transilvania_studio_cIJWiUwZew0_679s-798s.mp4: decoder started (frames=3046, 1920x1080, fps=25.000)
2026-08-16 19:49:17,062 ThreadPoolExecutor-0_0 INFO transilvania_studio___posHkHSMg_9s-93s.mp4: decoder completed
2026-08-16 19:49:17,364 MainThread INFO GPU inference completed for 512 sampled frames
2026-08-16 19:49:17,397 ThreadPoolExecutor-0_0 INFO transilvania_studio_cnFQyYqUD2Y_0s-420s.mp4: decoder started (frames=25201, 1920x1080, fps=60.000)
2026-08-16 19:49:17,926 MainThread INFO GPU inference started for 512 sampled frames
2026-08-16 19:49:24,113 MainThread INFO GPU inference completed for 512 sampled frames
2026-08-16 19:49:24,130 MainThread INFO transilvania_studio_XLzbMoA4b5E_83s-282s.mp4: wrote ../videos_extracted/transilvania_studio_XLzbMoA4b5E_83s-282s/detections.json with 995 sampled frames
2026-08-16 19:49:24,139 MainThread INFO transilvania_studio___posHkHSMg_9s-93s.mp4: wrote ../videos_extracted/transilvania_studio___posHkHSMg_9s-93s/detections.json with 421 sampled frames
2026-08-16 19:49:25,086 ThreadPoolExecutor-0_4 INFO transilvania_studio_a0SVxd7zYCs_full.mp4: decoder completed
2026-08-16 19:49:25,448 ThreadPoolExecutor-0_4 INFO transilvania_studio_eVSom3Pn7Po_31s-285s.mp4: decoder started (frames=6396, 1920x1080, fps=25.000)
2026-08-16 19:49:27,985 MainThread INFO GPU inference started for 512 sampled frames
2026-08-16 19:49:28,861 ThreadPoolExecutor-0_3 INFO transilvania_studio_UJV5NAsA7LI_187s-500s.mp4: decoder completed
2026-08-16 19:49:29,201 ThreadPoolExecutor-0_3 INFO transilvania_studio_gBVOVfvNExQ_0s-420s.mp4: decoder started (frames=25200, 3840x2160, fps=60.000)
2026-08-16 19:49:34,039 MainThread INFO GPU inference completed for 512 sampled frames
2026-08-16 19:49:34,052 MainThread INFO transilvania_studio_a0SVxd7zYCs_full.mp4: wrote ../videos_extracted/transilvania_studio_a0SVxd7zYCs_full/detections.json with 515 sampled frames
2026-08-16 19:49:37,002 MainThread INFO GPU inference started for 512 sampled frames
2026-08-16 19:49:42,980 ThreadPoolExecutor-0_2 INFO transilvania_studio_Stt078BrPfg_1170s-1374s.mp4: decoder completed
2026-08-16 19:49:42,988 MainThread INFO GPU inference completed for 512 sampled frames
2026-08-16 19:49:43,017 MainThread INFO transilvania_studio_UJV5NAsA7LI_187s-500s.mp4: wrote ../videos_extracted/transilvania_studio_UJV5NAsA7LI_187s-500s/detections.json with 1565 sampled frames
2026-08-16 19:49:43,291 ThreadPoolExecutor-0_2 INFO transilvania_studio_gQfjEnGDxVs_253s-665s.mp4: decoder started (frames=10326, 1280x720, fps=25.000)
2026-08-16 19:49:45,707 MainThread INFO GPU inference started for 512 sampled frames
2026-08-16 19:49:51,679 MainThread INFO GPU inference completed for 512 sampled frames
2026-08-16 19:49:51,698 MainThread INFO transilvania_studio_Stt078BrPfg_1170s-1374s.mp4: wrote ../videos_extracted/transilvania_studio_Stt078BrPfg_1170s-1374s/detections.json with 1021 sampled frames
2026-08-16 19:49:52,803 MainThread INFO GPU inference started for 512 sampled frames
2026-08-16 19:49:58,356 MainThread INFO GPU inference completed for 512 sampled frames
2026-08-16 19:50:00,505 MainThread INFO GPU inference started for 512 sampled frames
2026-08-16 19:50:06,173 MainThread INFO GPU inference completed for 512 sampled frames
2026-08-16 19:50:07,102 MainThread INFO GPU inference started for 512 sampled frames
2026-08-16 19:50:12,894 MainThread INFO GPU inference completed for 512 sampled frames
2026-08-16 19:50:14,798 MainThread INFO GPU inference started for 512 sampled frames
2026-08-16 19:50:17,470 ThreadPoolExecutor-0_5 INFO transilvania_studio_cIJWiUwZew0_679s-798s.mp4: decoder completed
2026-08-16 19:50:17,860 ThreadPoolExecutor-0_5 INFO transilvania_studio_hOmpijRJvs8_0s-450s.mp4: decoder started (frames=22501, 1920x1080, fps=50.000)
2026-08-16 19:50:20,979 MainThread INFO GPU inference completed for 512 sampled frames
2026-08-16 19:50:20,983 MainThread INFO GPU inference started for 512 sampled frames
2026-08-16 19:50:26,820 MainThread INFO GPU inference completed for 512 sampled frames
2026-08-16 19:50:26,834 MainThread INFO transilvania_studio_cIJWiUwZew0_679s-798s.mp4: wrote ../videos_extracted/transilvania_studio_cIJWiUwZew0_679s-798s/detections.json with 596 sampled frames
2026-08-16 19:50:29,367 MainThread INFO GPU inference started for 512 sampled frames
2026-08-16 19:50:35,126 MainThread INFO GPU inference completed for 512 sampled frames
2026-08-16 19:50:35,132 MainThread INFO GPU inference started for 512 sampled frames
2026-08-16 19:50:40,838 MainThread INFO GPU inference completed for 512 sampled frames
2026-08-16 19:50:42,820 MainThread INFO GPU inference started for 512 sampled frames
2026-08-16 19:50:48,669 MainThread INFO GPU inference completed for 512 sampled frames
2026-08-16 19:50:49,823 MainThread INFO GPU inference started for 512 sampled frames
2026-08-16 19:50:55,443 MainThread INFO GPU inference completed for 512 sampled frames
2026-08-16 19:50:57,203 MainThread INFO GPU inference started for 512 sampled frames
2026-08-16 19:51:00,982 ThreadPoolExecutor-0_2 INFO transilvania_studio_gQfjEnGDxVs_253s-665s.mp4: decoder completed
2026-08-16 19:51:01,308 ThreadPoolExecutor-0_2 INFO transilvania_studio_jN_QE8TPt3c_full.mp4: decoder started (frames=9456, 1920x1080, fps=25.000)
2026-08-16 19:51:03,071 MainThread INFO GPU inference completed for 512 sampled frames
2026-08-16 19:51:06,472 MainThread INFO GPU inference started for 512 sampled frames
2026-08-16 19:51:12,040 MainThread INFO GPU inference completed for 512 sampled frames
2026-08-16 19:51:12,074 MainThread INFO transilvania_studio_gQfjEnGDxVs_253s-665s.mp4: wrote ../videos_extracted/transilvania_studio_gQfjEnGDxVs_253s-665s/detections.json with 2061 sampled frames
2026-08-16 19:51:16,569 MainThread INFO GPU inference started for 512 sampled frames
2026-08-16 19:51:21,151 MainThread INFO GPU inference completed for 512 sampled frames
2026-08-16 19:51:24,974 MainThread INFO GPU inference started for 512 sampled frames
2026-08-16 19:51:29,226 MainThread INFO GPU inference completed for 512 sampled frames
2026-08-16 19:51:36,143 MainThread INFO GPU inference started for 512 sampled frames
2026-08-16 19:51:36,374 ThreadPoolExecutor-0_4 INFO transilvania_studio_eVSom3Pn7Po_31s-285s.mp4: decoder completed
2026-08-16 19:51:36,738 ThreadPoolExecutor-0_4 INFO transilvania_studio_lKEtqFKS7zg_355s-511s.mp4: decoder started (frames=3901, 1920x1080, fps=25.000)
2026-08-16 19:51:42,010 MainThread INFO GPU inference completed for 512 sampled frames
2026-08-16 19:51:44,287 MainThread INFO GPU inference started for 512 sampled frames
2026-08-16 19:51:48,741 MainThread INFO GPU inference completed for 512 sampled frames
2026-08-16 19:51:48,764 MainThread INFO transilvania_studio_eVSom3Pn7Po_31s-285s.mp4: wrote ../videos_extracted/transilvania_studio_eVSom3Pn7Po_31s-285s/detections.json with 1271 sampled frames
2026-08-16 19:51:55,597 MainThread INFO GPU inference started for 512 sampled frames
2026-08-16 19:52:00,121 MainThread INFO GPU inference completed for 512 sampled frames
2026-08-16 19:52:02,341 ThreadPoolExecutor-0_1 INFO transilvania_studio_X4yGHCCGRcI_0s-525s.mp4: decoder completed
2026-08-16 19:52:02,725 ThreadPoolExecutor-0_1 INFO transilvania_studio_lTV3VxVqQnI_0s-544s.mp4: decoder started (frames=13601, 1920x1080, fps=25.000)
2026-08-16 19:52:05,618 MainThread INFO GPU inference started for 512 sampled frames
2026-08-16 19:52:10,381 MainThread INFO GPU inference completed for 512 sampled frames
2026-08-16 19:52:10,423 MainThread INFO transilvania_studio_X4yGHCCGRcI_0s-525s.mp4: wrote ../videos_extracted/transilvania_studio_X4yGHCCGRcI_0s-525s/detections.json with 2626 sampled frames
2026-08-16 19:52:15,105 MainThread INFO GPU inference started for 512 sampled frames
2026-08-16 19:52:19,538 MainThread INFO GPU inference completed for 512 sampled frames
2026-08-16 19:52:25,725 MainThread INFO GPU inference started for 512 sampled frames
2026-08-16 19:52:30,156 MainThread INFO GPU inference completed for 512 sampled frames
2026-08-16 19:52:34,459 MainThread INFO GPU inference started for 512 sampled frames
2026-08-16 19:52:39,118 MainThread INFO GPU inference completed for 512 sampled frames
2026-08-16 19:52:44,696 MainThread INFO GPU inference started for 512 sampled frames
2026-08-16 19:52:50,796 MainThread INFO GPU inference completed for 512 sampled frames
2026-08-16 19:52:55,503 MainThread INFO GPU inference started for 512 sampled frames
2026-08-16 19:52:59,927 ThreadPoolExecutor-0_4 INFO transilvania_studio_lKEtqFKS7zg_355s-511s.mp4: decoder completed
2026-08-16 19:53:00,016 MainThread INFO GPU inference completed for 512 sampled frames
2026-08-16 19:53:00,267 ThreadPoolExecutor-0_4 INFO transilvania_studio_pspeRvvIt68_0s-83s.mp4: decoder started (frames=2076, 1920x1080, fps=25.000)
2026-08-16 19:53:05,211 MainThread INFO GPU inference started for 512 sampled frames
2026-08-16 19:53:09,604 MainThread INFO GPU inference completed for 512 sampled frames
2026-08-16 19:53:09,646 MainThread INFO transilvania_studio_lKEtqFKS7zg_355s-511s.mp4: wrote ../videos_extracted/transilvania_studio_lKEtqFKS7zg_355s-511s/detections.json with 781 sampled frames
2026-08-16 19:53:14,784 MainThread INFO GPU inference started for 512 sampled frames
2026-08-16 19:53:19,388 MainThread INFO GPU inference completed for 512 sampled frames
2026-08-16 19:53:26,390 MainThread INFO GPU inference started for 512 sampled frames
2026-08-16 19:53:30,868 MainThread INFO GPU inference completed for 512 sampled frames
2026-08-16 19:53:34,619 MainThread INFO GPU inference started for 512 sampled frames
2026-08-16 19:53:39,097 MainThread INFO GPU inference completed for 512 sampled frames
2026-08-16 19:53:41,198 ThreadPoolExecutor-0_4 INFO transilvania_studio_pspeRvvIt68_0s-83s.mp4: decoder completed
2026-08-16 19:53:41,556 ThreadPoolExecutor-0_4 INFO transilvania_studio_pspeRvvIt68_84s-461s.mp4: decoder started (frames=9478, 1920x1080, fps=25.000)
2026-08-16 19:53:45,318 MainThread INFO GPU inference started for 512 sampled frames
2026-08-16 19:53:50,975 MainThread INFO GPU inference completed for 512 sampled frames
2026-08-16 19:53:50,984 MainThread INFO transilvania_studio_pspeRvvIt68_0s-83s.mp4: wrote ../videos_extracted/transilvania_studio_pspeRvvIt68_0s-83s/detections.json with 416 sampled frames
2026-08-16 19:53:54,697 MainThread INFO GPU inference started for 512 sampled frames
2026-08-16 19:54:00,354 MainThread INFO GPU inference completed for 512 sampled frames
2026-08-16 19:54:05,264 ThreadPoolExecutor-0_7 INFO transilvania_studio_aL8v6JMj6vM_0s-596s.mp4: decoder completed
2026-08-16 19:54:05,265 MainThread INFO GPU inference started for 512 sampled frames
2026-08-16 19:54:05,663 ThreadPoolExecutor-0_7 INFO transilvania_studio_qXUBLyIbftg_0s-300s.mp4: decoder started (frames=9001, 1920x1080, fps=30.000)
2026-08-16 19:54:09,934 MainThread INFO GPU inference completed for 512 sampled frames
2026-08-16 19:54:15,631 MainThread INFO GPU inference started for 512 sampled frames
2026-08-16 19:54:19,699 ThreadPoolExecutor-0_2 INFO transilvania_studio_jN_QE8TPt3c_full.mp4: decoder completed
2026-08-16 19:54:20,039 ThreadPoolExecutor-0_2 INFO transilvania_studio_vCZ2f6cmAFo_456s-827s.mp4: decoder started (frames=18567, 1920x1080, fps=50.000)
2026-08-16 19:54:20,150 MainThread INFO GPU inference completed for 512 sampled frames
2026-08-16 19:54:20,206 MainThread INFO transilvania_studio_aL8v6JMj6vM_0s-596s.mp4: wrote ../videos_extracted/transilvania_studio_aL8v6JMj6vM_0s-596s/detections.json with 2981 sampled frames
2026-08-16 19:54:24,078 MainThread INFO GPU inference started for 512 sampled frames
2026-08-16 19:54:28,470 MainThread INFO GPU inference completed for 512 sampled frames
2026-08-16 19:54:28,502 MainThread INFO transilvania_studio_jN_QE8TPt3c_full.mp4: wrote ../videos_extracted/transilvania_studio_jN_QE8TPt3c_full/detections.json with 1892 sampled frames
2026-08-16 19:54:35,184 MainThread INFO GPU inference started for 512 sampled frames
2026-08-16 19:54:39,826 MainThread INFO GPU inference completed for 512 sampled frames
2026-08-16 19:54:47,124 MainThread INFO GPU inference started for 512 sampled frames
2026-08-16 19:54:51,692 MainThread INFO GPU inference completed for 512 sampled frames
2026-08-16 19:54:56,968 MainThread INFO GPU inference started for 512 sampled frames
2026-08-16 19:55:02,750 MainThread INFO GPU inference completed for 512 sampled frames
2026-08-16 19:55:08,799 MainThread INFO GPU inference started for 512 sampled frames
2026-08-16 19:55:13,367 MainThread INFO GPU inference completed for 512 sampled frames
2026-08-16 19:55:21,803 MainThread INFO GPU inference started for 512 sampled frames
2026-08-16 19:55:26,260 MainThread INFO GPU inference completed for 512 sampled frames
2026-08-16 19:55:31,513 MainThread INFO GPU inference started for 512 sampled frames
2026-08-16 19:55:36,141 MainThread INFO GPU inference completed for 512 sampled frames
2026-08-16 19:55:38,593 ThreadPoolExecutor-0_6 INFO transilvania_studio_WSJHhbvI_2U_0s-398s.mp4: decoder completed
2026-08-16 19:55:39,049 ThreadPoolExecutor-0_6 INFO transilvania_studio_xYWz57s51bU_166s-361s.mp4: decoder started (frames=2644, 1920x1078, fps=25.000)
2026-08-16 19:55:41,439 MainThread INFO GPU inference started for 512 sampled frames
2026-08-16 19:55:46,038 MainThread INFO GPU inference completed for 512 sampled frames
2026-08-16 19:55:46,070 MainThread INFO transilvania_studio_WSJHhbvI_2U_0s-398s.mp4: wrote ../videos_extracted/transilvania_studio_WSJHhbvI_2U_0s-398s/detections.json with 1991 sampled frames
2026-08-16 19:55:50,749 MainThread INFO GPU inference started for 512 sampled frames
2026-08-16 19:55:56,789 MainThread INFO GPU inference completed for 512 sampled frames
2026-08-16 19:56:02,533 MainThread INFO GPU inference started for 512 sampled frames
2026-08-16 19:56:08,621 MainThread INFO GPU inference completed for 512 sampled frames
2026-08-16 19:56:11,802 MainThread INFO GPU inference started for 512 sampled frames
2026-08-16 19:56:17,648 MainThread INFO GPU inference completed for 512 sampled frames
2026-08-16 19:56:20,674 MainThread INFO GPU inference started for 512 sampled frames
2026-08-16 19:56:26,488 MainThread INFO GPU inference completed for 512 sampled frames
2026-08-16 19:56:30,590 MainThread INFO GPU inference started for 512 sampled frames
2026-08-16 19:56:31,329 ThreadPoolExecutor-0_6 INFO transilvania_studio_xYWz57s51bU_166s-361s.mp4: decoder completed
2026-08-16 19:56:31,662 ThreadPoolExecutor-0_6 INFO transilvania_studio_y5P5Na8A6Kk_0s-330s.mp4: decoder started (frames=9900, 1920x1080, fps=30.000)
2026-08-16 19:56:36,359 MainThread INFO GPU inference completed for 512 sampled frames
2026-08-16 19:56:40,109 ThreadPoolExecutor-0_1 INFO transilvania_studio_lTV3VxVqQnI_0s-544s.mp4: decoder completed
2026-08-16 19:56:40,470 ThreadPoolExecutor-0_1 INFO transilvania_studio_y5U9XOuMfV8_491s-874s.mp4: decoder started (frames=9691, 1920x1080, fps=25.000)
2026-08-16 19:56:43,082 MainThread INFO GPU inference started for 512 sampled frames
2026-08-16 19:56:48,960 MainThread INFO GPU inference completed for 512 sampled frames
2026-08-16 19:56:48,972 MainThread INFO transilvania_studio_xYWz57s51bU_166s-361s.mp4: wrote ../videos_extracted/transilvania_studio_xYWz57s51bU_166s-361s/detections.json with 519 sampled frames
2026-08-16 19:56:49,017 MainThread INFO transilvania_studio_lTV3VxVqQnI_0s-544s.mp4: wrote ../videos_extracted/transilvania_studio_lTV3VxVqQnI_0s-544s/detections.json with 2721 sampled frames
2026-08-16 19:56:52,560 MainThread INFO GPU inference started for 512 sampled frames
2026-08-16 19:56:56,862 MainThread INFO GPU inference completed for 512 sampled frames
2026-08-16 19:56:58,756 ThreadPoolExecutor-0_4 INFO transilvania_studio_pspeRvvIt68_84s-461s.mp4: decoder completed
2026-08-16 19:57:00,774 MainThread INFO GPU inference started for 512 sampled frames
2026-08-16 19:57:06,539 MainThread INFO GPU inference completed for 512 sampled frames
2026-08-16 19:57:06,572 MainThread INFO transilvania_studio_pspeRvvIt68_84s-461s.mp4: wrote ../videos_extracted/transilvania_studio_pspeRvvIt68_84s-461s/detections.json with 1886 sampled frames
2026-08-16 19:57:12,318 ThreadPoolExecutor-0_7 INFO transilvania_studio_qXUBLyIbftg_0s-300s.mp4: decoder completed
2026-08-16 19:57:12,364 MainThread INFO GPU inference started for 512 sampled frames
2026-08-16 19:57:16,307 MainThread INFO GPU inference completed for 512 sampled frames
2026-08-16 19:57:16,344 MainThread INFO transilvania_studio_qXUBLyIbftg_0s-300s.mp4: wrote ../videos_extracted/transilvania_studio_qXUBLyIbftg_0s-300s/detections.json with 1501 sampled frames
2026-08-16 19:57:27,546 MainThread INFO GPU inference started for 512 sampled frames
2026-08-16 19:57:31,461 MainThread INFO GPU inference completed for 512 sampled frames
2026-08-16 19:57:38,052 MainThread INFO GPU inference started for 512 sampled frames
2026-08-16 19:57:41,971 MainThread INFO GPU inference completed for 512 sampled frames
2026-08-16 19:57:48,376 MainThread INFO GPU inference started for 512 sampled frames
2026-08-16 19:57:53,074 ThreadPoolExecutor-0_0 INFO transilvania_studio_cnFQyYqUD2Y_0s-420s.mp4: decoder completed
2026-08-16 19:57:53,693 MainThread INFO GPU inference completed for 512 sampled frames
2026-08-16 19:57:54,614 ThreadPoolExecutor-0_5 INFO transilvania_studio_hOmpijRJvs8_0s-450s.mp4: decoder completed
2026-08-16 19:57:59,829 MainThread INFO GPU inference started for 512 sampled frames
2026-08-16 19:58:04,721 MainThread INFO GPU inference completed for 512 sampled frames
2026-08-16 19:58:04,754 MainThread INFO transilvania_studio_cnFQyYqUD2Y_0s-420s.mp4: wrote ../videos_extracted/transilvania_studio_cnFQyYqUD2Y_0s-420s/detections.json with 2101 sampled frames
2026-08-16 19:58:04,785 MainThread INFO transilvania_studio_hOmpijRJvs8_0s-450s.mp4: wrote ../videos_extracted/transilvania_studio_hOmpijRJvs8_0s-450s/detections.json with 2251 sampled frames
2026-08-16 19:58:09,091 MainThread INFO GPU inference started for 512 sampled frames
2026-08-16 19:58:12,626 MainThread INFO GPU inference completed for 512 sampled frames
2026-08-16 19:58:21,837 MainThread INFO GPU inference started for 512 sampled frames
2026-08-16 19:58:25,376 MainThread INFO GPU inference completed for 512 sampled frames
2026-08-16 19:58:30,603 MainThread INFO GPU inference started for 512 sampled frames
2026-08-16 19:58:35,457 MainThread INFO GPU inference completed for 512 sampled frames
2026-08-16 19:58:41,615 MainThread INFO GPU inference started for 512 sampled frames
2026-08-16 19:58:45,196 MainThread INFO GPU inference completed for 512 sampled frames
2026-08-16 19:58:46,836 ThreadPoolExecutor-0_6 INFO transilvania_studio_y5P5Na8A6Kk_0s-330s.mp4: decoder completed
2026-08-16 19:58:48,151 ThreadPoolExecutor-0_1 INFO transilvania_studio_y5U9XOuMfV8_491s-874s.mp4: decoder completed
2026-08-16 19:58:55,978 MainThread INFO GPU inference started for 512 sampled frames
2026-08-16 19:59:00,009 MainThread INFO GPU inference completed for 512 sampled frames
2026-08-16 19:59:00,031 MainThread INFO transilvania_studio_y5P5Na8A6Kk_0s-330s.mp4: wrote ../videos_extracted/transilvania_studio_y5P5Na8A6Kk_0s-330s/detections.json with 1650 sampled frames
2026-08-16 19:59:00,060 MainThread INFO transilvania_studio_y5U9XOuMfV8_491s-874s.mp4: wrote ../videos_extracted/transilvania_studio_y5U9XOuMfV8_491s-874s/detections.json with 1916 sampled frames
2026-08-16 19:59:00,228 ThreadPoolExecutor-0_2 INFO transilvania_studio_vCZ2f6cmAFo_456s-827s.mp4: decoder completed
2026-08-16 20:00:23,055 MainThread INFO GPU inference started for 512 sampled frames
2026-08-16 20:00:26,449 MainThread INFO GPU inference completed for 512 sampled frames
2026-08-16 20:00:26,477 MainThread INFO transilvania_studio_vCZ2f6cmAFo_456s-827s.mp4: wrote ../videos_extracted/transilvania_studio_vCZ2f6cmAFo_456s-827s/detections.json with 1856 sampled frames
2026-08-16 20:02:03,238 MainThread INFO GPU inference started for 512 sampled frames
2026-08-16 20:02:05,890 MainThread INFO GPU inference completed for 512 sampled frames
2026-08-16 20:03:36,588 ThreadPoolExecutor-0_3 INFO transilvania_studio_gBVOVfvNExQ_0s-420s.mp4: decoder completed
2026-08-16 20:03:36,588 MainThread INFO GPU inference started for 512 sampled frames
2026-08-16 20:03:38,656 MainThread INFO GPU inference completed for 512 sampled frames
2026-08-16 20:03:38,657 MainThread INFO GPU inference started for 12 sampled frames
2026-08-16 20:03:38,949 MainThread INFO GPU inference completed for 12 sampled frames
2026-08-16 20:03:38,979 MainThread INFO transilvania_studio_gBVOVfvNExQ_0s-420s.mp4: wrote ../videos_extracted/transilvania_studio_gBVOVfvNExQ_0s-420s/detections.json with 2100 sampled frames
2026-08-16 20:03:39,101 MainThread ERROR Skipping ../videos_raw/moldova_studio_Wk5_FDlKA9w_120s-600s.mp4: Command '['ffprobe', '-v', 'error', '-select_streams', 'v:0', '-show_entries', 'stream=width,height,nb_frames,duration,avg_frame_rate,r_frame_rate:format=duration', '-of', 'json', '../videos_raw/moldova_studio_Wk5_FDlKA9w_120s-600s.mp4']' returned non-zero exit status 1.
2026-08-16 20:03:39,101 MainThread ERROR Skipping ../videos_raw/transilvania_studio_COtnnOZ5qOI_1829s-2280s.mp4: Command '['ffprobe', '-v', 'error', '-select_streams', 'v:0', '-show_entries', 'stream=width,height,nb_frames,duration,avg_frame_rate,r_frame_rate:format=duration', '-of', 'json', '../videos_raw/transilvania_studio_COtnnOZ5qOI_1829s-2280s.mp4']' returned non-zero exit status 1.
2026-08-16 20:03:39,101 MainThread INFO Stage 1 completed: caches=319, failed=2
